position mean_freq mean_depth sample_depth depth_ratio sample_numer_in_varscan sample_number_in_100k
1001471 99.658 74.948 71.292 1.051 400 402
1001591 93.397 66.938 80.564 0.831 16 16
1001908 100 32.4 98.04 0.33 5 5
1002456 99.624 104.347 89.456 1.166 147 147
1003970 98.975 87.365 86.609 1.009 63 63
1004202 95.873 15.667 117.583 0.133 12 15
1007838 99.487 125.9 127.479 0.988 10 10
1008220 99.236 78.378 62.804 1.248 74 74
1008586 99.796 131.75 84.786 1.554 8 8
1008774 99.451 73.833 70.727 1.044 12 12
1009798 99.177 89 86.287 1.031 9 9
1010235 99.298 108.929 108.102 1.008 14 14
1010358 99.49 93.087 84.335 1.104 92 92
1010566 99.8 90.6 83.798 1.081 25 25
1011065 99.768 90.912 86.819 1.047 34 36
101128 99.514 127.84 125.579 1.018 25 25
1011511 99.3 110.209 109.002 1.011 2635 2644
1013422 99.073 114.34 111.514 1.025 318 322
1013542 99.257 166.343 91.886 1.81 67 67
1013755 99.648 120.167 105.258 1.142 6 6
1014348 99.898 101.846 88.14 1.155 13 13
101539 99.196 104.257 109.805 0.949 2868 2881
1015532 99.679 116.846 101.863 1.147 13 13
1016058 99.838 169 179.754 0.94 6 6
1016538 99.677 73.217 69.013 1.061 23 23
1016995 99.093 66.8 71.8 0.93 80 81
101740 100 71.571 86.575 0.827 7 7
1017993 99.464 97.12 91.957 1.056 50 50
1018008 99.476 103 109.887 0.937 10 10
1018266 99.194 101.091 99.329 1.018 11 11
1023230 95.093 101.163 95.648 1.058 49 109
1023255 98.889 66.143 71.307 0.928 7 7
1024377 98.741 93.088 91.638 1.016 34 34
102608 99.524 71.667 69.386 1.033 18 18
1026837 67.711 13.421 105.93 0.127 38 50
1026838 72.204 8.357 84.445 0.099 14 17
1026840 93.808 15.6 88.015 0.177 5 7
1026911 87.454 12.231 78.267 0.156 13 13
102822 99.794 82.35 70.665 1.165 20 20
102847 99.789 101.938 88.03 1.158 16 16
102854 100 47 41.093 1.144 4 4
1030278 100 84.818 91.346 0.929 11 12
1030388 97.693 71 63.836 1.112 9 9
103207 99.891 75.19 72.255 1.041 21 21
1032088 99.219 74.25 82.856 0.896 8 8
103352 99.715 104.083 106.925 0.973 121 122
1034119 99.966 71.531 80.935 0.884 32 32
1037012 99.638 88.123 96.714 0.911 2318 2259
1037259 99.681 141.6 140.119 1.011 15 15
1038349 99.275 197.333 205.741 0.959 6 6
1038350 99.575 100.795 98.375 1.025 684 687
1038384 99.444 107.364 101.477 1.058 55 55
1038718 99.619 102.346 92.29 1.109 379 381
1039518 100 97.333 76.314 1.275 6 6
1040588 98.749 63.021 97.275 0.648 280 282
1040589 97.228 65.271 97.275 0.671 280 282
1040639 98.608 59.2 73.304 0.808 15 15
1040640 99.213 61.167 77.344 0.791 12 12
1040703 99.141 88.569 125.768 0.704 51 51
1040714 71.541 43.438 22.795 1.906 64 64
1040716 63.78 36.149 13.861 2.608 67 67
1040727 98.341 58.529 80.438 0.728 17 17
1041254 98.939 96.964 89.655 1.082 28 28
1041317 99.219 103.073 105.335 0.979 41 41
1041377 99.094 89.405 89.661 0.997 42 43
1041421 92.349 5.442 89.324 0.061 389 1003
1041423 94.403 7.213 89.623 0.08 559 1004
1041445 98.244 91.031 86.348 1.054 161 161
1041698 99.54 89.8 84.817 1.059 20 20
1042 99.725 120.5 110.832 1.087 6 6
1042160 74.905 15.631 82.864 0.189 84 84
1042178 72.449 19.286 108.094 0.178 42 43
1042458 96.927 76.118 77.018 0.988 17 17
1042703 99.3 100.5 89.814 1.119 6 6
1043 99.636 70.409 61.636 1.142 22 22
1044 100 89.452 81.129 1.103 31 32
1044887 99.448 112.318 116.533 0.964 44 44
1045096 99.947 79.476 86.236 0.922 21 21
1046237 97.069 83.316 76.391 1.091 19 19
1048894 98.902 78.167 71.468 1.094 6 6
1051385 99.663 97.393 96.127 1.013 163 165
1051982 99.501 129.3 122.203 1.058 30 30
1052468 90.213 236.578 58.898 4.017 45 47
1052472 85.539 200.75 41.252 4.866 24 24
1052885 99.086 78.028 69.151 1.128 72 71
1052975 100 68.25 69.974 0.975 8 8
1053242 77.852 5.903 83.001 0.071 31 79
1053243 77.775 11.48 83.413 0.138 25 81
1053244 84.275 13.136 86.218 0.152 22 51
1053487 99.896 64.846 72.649 0.893 13 13
1053496 99.746 152.593 141.317 1.08 27 27
1054 98.296 100 114.719 0.872 7 7
1054216 100 83.6 52.693 1.587 5 5
1054780 99.851 212 141.713 1.496 34 34
1055317 99.81 98 105.7 0.927 6 6
1055714 99.306 101.375 95.406 1.063 8 8
1056188 99.792 81.625 75.108 1.087 40 40
1056648 100 113.5 108.321 1.048 8 8
1056833 66.183 19.259 99.014 0.195 27 28
1056839 73.387 8.455 66.882 0.126 22 22
1056842 67.34 14.243 85.603 0.166 37 37
1056909 99.708 61 68.499 0.891 18 18
1057 99.203 124.571 118.595 1.05 21 21
1057359 98.587 95.714 96.392 0.993 14 14
1057788 99.507 96.143 91.557 1.05 5645 5693
1058 98.484 85.625 79.578 1.076 8 8
1058214 100 87.579 84.45 1.037 19 19
1059627 99.719 146.333 137.763 1.062 18 18
1059883 99.544 72.071 77.984 0.924 14 14
1061697 94.434 88.6 75.797 1.169 5 5
1061737 99.969 158.7 137.732 1.152 10 10
1061759 99.645 118.773 83.575 1.421 22 22
1061805 98.183 100.773 86.839 1.16 22 23
1061845 99.385 78.846 65.674 1.201 13 14
1062266 99.596 116.304 108.932 1.068 23 23
1062776 98.477 116.444 112.192 1.038 9 9
1064184 99.514 58.2 83.691 0.695 5 5
1064489 99.709 110.545 117.741 0.939 44 44
1065012 100 90.167 87.102 1.035 18 18
1065472 98.613 110.298 102.802 1.073 57 57
1065653 99.403 43.947 95.007 0.463 188 191
1065662 77.127 52.528 84.486 0.622 53 56
1065852 96.421 11.419 74.179 0.154 31 38
1066020 99.519 77.234 72.086 1.071 47 47
1067585 99.751 133.769 144.802 0.924 78 76
1067644 99.35 99.295 113.613 0.874 920 929
1067667 71.593 25.295 84.644 0.299 61 61
1067668 71.143 20.473 96.835 0.211 93 93
1067669 68.348 13.694 89.357 0.153 62 63
1067670 80 5.4 66.24 0.082 5 5
1068280 99.694 114.217 104.757 1.09 23 23
1068520 97.561 60.25 55.193 1.092 8 8
106864 91.113 69.333 125.524 0.552 96 96
1068771 99.756 117.899 121.181 0.973 89 90
1069146 99.946 125.875 95.286 1.321 16 15
1069845 100 64.571 75.331 0.857 7 7
1069871 98.815 102.731 103.244 0.995 279 280
1070330 73.625 7.707 85.881 0.09 41 46
1070331 79.451 12.422 85.834 0.145 64 64
1070333 81.943 24.928 96.844 0.257 139 289
1070575 99.699 62.938 66.217 0.95 16 16
1071209 99.741 97.87 92.603 1.057 23 23
1071250 99.575 67.5 59.225 1.14 22 22
1071338 99.846 116.091 119.89 0.968 11 12
1071347 99.6 61.1 62.27 0.981 10 10
1071555 99.462 56.667 75.35 0.752 6 6
1071823 99.602 94 95.467 0.985 8 8
1072 99.467 147 128.27 1.146 7 7
1072850 99.591 90.055 97.177 0.927 472 476
1073288 99.004 85.033 80.716 1.053 91 91
1073289 98.921 94.419 76.616 1.232 74 73
1073299 91.764 85.032 77.13 1.102 31 31
1073300 99.391 107.547 91.207 1.179 53 53
1073309 99.597 137.108 120.984 1.133 334 332
1073313 99.525 149.25 95.727 1.559 8 8
1073317 99.101 120.072 91.808 1.308 83 82
1073327 98.858 105.364 94.99 1.109 44 44
1074046 63.914 11.108 84.068 0.132 83 102
1074048 80.811 9.571 73.469 0.13 28 33
1074049 89.943 14.391 66.422 0.217 23 25
1074050 88.682 26.059 72.673 0.359 17 17
1074125 81.19 5.714 69.735 0.082 7 7
1074126 90.919 19 75.707 0.251 27 42
1074250 99.339 181.062 148.231 1.221 16 16
1074324 64.632 19 110.451 0.172 38 40
1074744 62.236 11.5 91.775 0.125 14 16
1074849 87.257 6.857 169.686 0.04 7 7
1074851 59.969 12.286 107.355 0.114 70 71
1074853 90.349 82.75 200.333 0.413 8 8
1074856 78.898 23.727 103.576 0.229 11 13
1074902 74.086 28.393 64.537 0.44 28 34
1074922 78.774 6 60.3 0.1 7 8
107498 99.68 168.375 109.811 1.533 8 8
1075026 80 5 44.162 0.113 8 10
1076637 99.602 123.29 115.85 1.064 31 31
1076689 99.55 120.183 108.966 1.103 2638 2648
1077913 99.051 91.231 82.961 1.1 13 13
1077917 99.464 98.103 87.387 1.123 261 261
1077920 99.321 87.772 87.283 1.006 158 157
1077921 99.371 106.819 97.441 1.096 177 179
1077926 97.714 88.571 85.11 1.041 7 7
1077929 98.1 91.95 76.913 1.196 40 39
1077930 99.37 80.062 75.656 1.058 275 278
1077935 99.729 102.091 90.478 1.128 11 11
1077940 99.311 106.873 88.637 1.206 165 167
1077941 98.358 112.438 119.105 0.944 16 16
1077944 99.258 88.161 81.684 1.079 56 56
1080016 99.04 83.566 75.071 1.113 53 53
1080192 NA NA NA NA NA NA
1082029 97.497 70 113.548 0.616 11 11
1082363 99.476 127.8 133.858 0.955 10 10
1083054 98.543 92.409 90.897 1.017 22 22
1083610 99.638 56.167 78.787 0.713 12 12
1084917 99.607 83.024 89.319 0.93 41 41
1084961 100 74.412 80.973 0.919 17 17
108568 99.683 97.792 97.104 1.007 24 24
1087750 98.433 82.473 74.767 1.103 93 94
1087852 99.342 84.132 77.604 1.084 1666 1673
1088 99.813 122.24 116.914 1.046 25 25
1088807 98.681 76.3 102.532 0.744 10 10
108893 98.91 77.8 78.488 0.991 10 10
108904 99.613 104.911 93.911 1.117 213 213
1089639 63.06 16.054 12.293 1.306 37 48
1090263 99.61 90.375 84.646 1.068 120 121
1091 98.266 131.4 99.685 1.318 15 15
1093 98.26 134.765 100.602 1.34 17 17
1094 98.088 124.84 115.769 1.078 25 24
109567 98.658 90.65 90.762 0.999 20 20
109580 99.865 62.375 63.905 0.976 8 8
1096811 99.196 107.941 87.13 1.239 17 17
1096820 99.157 145.8 129.735 1.124 10 10
109748 98.809 80.795 81.568 0.991 39 39
1097756 99.929 74.889 83.809 0.894 9 9
1097758 98.907 102.857 112.285 0.916 7 7
1099358 99.447 52.529 71.675 0.733 17 17
1099360 99.847 150.222 130.908 1.148 9 8
1099708 100 87.286 89.505 0.975 7 7
110005 98.862 117.5 102.072 1.151 6 6
1102283 99.128 64 71.537 0.895 13 14
1102398 98.393 105.521 81.824 1.29 48 48
1102626 95.643 152 209.883 0.724 6 6
1102950 98.856 88.238 87.338 1.01 42 42
1103249 98.413 60.714 100.34 0.605 7 8
1103376 99.763 135.286 120.409 1.124 21 21
1103409 99.899 121.333 100.639 1.206 12 12
1103437 99.505 118.842 99.555 1.194 19 19
1103656 99.068 129.581 113.682 1.14 3234 3259
1104133 99.975 145.318 115.818 1.255 22 23
1104236 99.889 113.412 87.887 1.29 34 34
1105102 98.967 120.909 118.739 1.018 11 11
1105114 99.703 104.969 90.905 1.155 32 32
1105316 99.031 77.714 88.022 0.883 7 7
1105366 99.588 101.056 89.807 1.125 18 18
1105809 99.774 162 123.73 1.309 10 10
1105846 99.781 120.846 100.706 1.2 13 13
1106106 98.03 126.375 141.424 0.894 8 8
1106759 99.682 79.185 73.062 1.084 54 55
1108075 79.52 7.376 91.359 0.081 242 355
1108076 78.154 7.48 91.507 0.082 227 364
1108080 83.208 6.665 90.732 0.073 221 355
1108081 83.622 7.379 90.741 0.081 232 354
1108263 94.423 38.636 60.711 0.636 11 11
1108529 99.457 131.667 120.132 1.096 15 15
1108561 99.602 127.182 123.376 1.031 55 55
110865 99.749 89.167 81.724 1.091 12 12
110934 99.807 107.5 92.897 1.157 6 6
1109941 99.656 55.562 53.152 1.045 16 16
111006 99.323 90.237 90.173 1.001 38 38
111066 97.914 124.429 111.575 1.115 7 7
1111505 99.262 100.769 98.211 1.026 13 13
1111945 99.896 102.25 105.012 0.974 16 16
1112259 99.639 102.362 91.226 1.122 47 47
1113316 100 101.538 92.028 1.103 13 13
111371 100 90.444 96.191 0.94 9 9
1113950 99.254 129.477 109.135 1.186 86 87
1114080 99.676 78.222 73.278 1.067 9 9
1114284 91.235 56.625 114.802 0.493 8 9
1114900 79.709 31.882 78.961 0.404 17 16
1115202 99.821 88.769 98.27 0.903 13 13
1115225 98.225 77.684 83.559 0.93 19 19
1116393 99.921 158.625 164.048 0.967 8 8
1116807 99.917 127.1 113.76 1.117 10 10
1116876 99.127 138 157.003 0.879 27 26
1116911 97.326 104.875 105.905 0.99 8 8
1117150 99.34 98.905 93.155 1.062 21 21
1117158 99.805 117.887 101.38 1.163 53 53
1118779 96.8 70.5 50.507 1.396 6 6
1119939 99.509 94.831 94.411 1.004 284 287
1120873 99.738 167.091 177.774 0.94 11 11
1121493 99.91 78 93.993 0.83 5 5
1123 99.942 67 71.471 0.937 9 9
1123292 99.851 76.9 100.223 0.767 10 10
1123308 83.443 5.333 79.31 0.067 9 10
1124475 100 112.2 97.746 1.148 15 15
1124856 99.694 98.7 96.491 1.023 30 32
1125792 99.078 62.2 69.169 0.899 60 61
1127493 99.629 123.76 109.02 1.135 2637 2645
1128883 99.512 103.613 110.298 0.939 2455 2467
11290 99.619 104.25 98.126 1.062 12 12
1129916 77.305 30.962 10.52 2.943 26 26
1129918 80.461 44.679 23.96 1.865 28 28
1130387 99.441 131.429 122.729 1.071 14 14
113129 99.203 85.786 90.159 0.951 14 14
1131464 99.277 106.154 108.224 0.981 26 26
1132875 99.722 68 64.459 1.055 19 19
113317 99.692 175.8 160.007 1.099 5 5
1133307 86.747 58.783 93.001 0.632 46 46
1133308 76.512 15.294 62.768 0.244 17 17
113355 99.506 49 58.08 0.844 9 9
1133772 86.916 14.062 10.138 1.387 16 16
1133774 82.284 16.688 10.138 1.646 16 16
1133776 88.201 14.125 10.138 1.393 16 16
1133778 89.966 19.353 14.359 1.348 17 17
1133970 83.666 4.6 53.132 0.087 10 12
1133973 77.847 7.75 56.745 0.137 20 21
1134041 99.728 89.315 88.433 1.01 73 74
113452 99.563 165.1 167.086 0.988 10 10
1135 90.388 89.923 80.415 1.118 13 13
1136554 98.497 94.808 95.085 0.997 26 27
1136765 99.563 98.402 95.432 1.031 127 128
113680 99.868 160.2 157.471 1.017 10 10
1136864 99.843 69.714 74.47 0.936 7 7
1137197 99.328 94.848 92.45 1.026 46 46
1138296 99.641 78.457 71.503 1.097 35 35
1138653 99.878 114.545 116.757 0.981 11 11
1139 98.37 114.375 108.393 1.055 8 8
1139497 98.992 89.942 92.975 0.967 52 54
1140678 99.936 78.947 75.531 1.045 19 19
1141546 97.986 86 72.783 1.182 7 7
1141846 99.67 84.214 88.701 0.949 14 14
1141894 99.73 115.333 108.153 1.066 9 9
11426 100 105.375 108.031 0.975 8 8
1143761 75.036 27.879 87.902 0.317 66 66
1143764 78.051 8.739 61.604 0.142 23 23
1144962 99.573 86.333 106.718 0.809 12 12
1145763 96.967 98.8 122.145 0.809 10 10
1145926 98.866 69.923 79.592 0.879 26 26
1146421 99.537 76.672 90.357 0.849 2330 2342
1147 99.92 77.7 71.835 1.082 10 9
1148259 98.953 153.222 111.445 1.375 18 20
1148266 99.764 87.778 79.219 1.108 36 36
1148275 99.516 90.286 87.578 1.031 168 177
1148546 98.319 65.389 69.815 0.937 18 18
1149680 99.262 64.846 69.683 0.931 13 13
1150811 99.096 136.429 117.591 1.16 7 7
1151766 99.962 153.056 141.673 1.08 18 19
1152079 99.574 98.81 94.706 1.043 21 20
1153240 99.449 97.125 107.837 0.901 16 16
1153255 66.583 8.45 90.495 0.093 211 470
1153256 66.531 6.693 83.581 0.08 75 175
1153257 74.625 6.481 85.617 0.076 208 528
1153258 84.167 4 64.496 0.062 6 9
1153259 65.6 6.103 86.674 0.07 175 539
1153261 78.683 7.111 89.974 0.079 235 451
115457 99.82 85.783 86.646 0.99 23 23
1155164 98.508 151 141.817 1.065 6 6
1155482 99.207 72.143 77.117 0.935 35 35
115568 99.296 101.446 115.911 0.875 74 74
1157 99.786 123.643 97.819 1.264 14 14
1158722 99.869 109.083 99.499 1.096 24 25
1158765 64.415 7 72.285 0.097 36 40
1160496 63.733 40.938 22.59 1.812 16 16
1161292 65.107 9.293 79.404 0.117 116 199
1161294 58.61 6.375 79.717 0.08 16 20
1161296 86.424 43.708 85.468 0.511 48 193
1162473 95.544 56.875 64.871 0.877 8 10
1162482 93.782 92.418 99.296 0.931 67 129
1162483 76.184 5.781 70.65 0.082 32 251
1163 95.324 91.207 84.697 1.077 29 29
116320 80.531 85.714 42.06 2.038 7 7
1163482 50.96 15.207 90.398 0.168 29 106
1163484 59.254 15.814 89.82 0.176 43 103
1163528 99.019 124.265 108.372 1.147 34 34
1163641 99.53 111.975 101.854 1.099 40 40
1163642 99.6 90.994 87.035 1.045 350 354
1163645 99.594 82.478 78.497 1.051 209 209
1164336 100 135.667 116.533 1.164 3 3
1164561 99.68 80.917 107.564 0.752 24 25
1165562 98.767 94.923 96.861 0.98 13 13
1165578 99.744 104.667 99.064 1.057 9 9
1165652 97.699 9.054 95.456 0.095 37 39
1165654 84.705 10.455 97.62 0.107 33 35
1166099 99.893 109.636 108.156 1.014 11 11
11664 99.688 128.4 111.21 1.155 50 50
1166432 99.761 76.42 78.19 0.977 50 51
1166903 99.477 65.333 80.176 0.815 9 9
1167065 99.048 115.05 108.278 1.063 20 20
1167242 99.268 78.245 69.84 1.12 49 50
1168511 96.965 71.96 73.449 0.98 25 26
1168964 89.833 5.8 62.468 0.093 10 11
1169214 99.604 87.105 105.058 0.829 19 19
1169287 99.681 106.615 101.689 1.048 13 13
1171420 100 104.765 96.601 1.085 17 17
1171427 99.4 85.857 82.941 1.035 14 14
1171673 99.646 105.692 104.485 1.012 13 13
1172064 99.935 122.541 138.263 0.886 37 36
1172075 99.553 115.333 101.481 1.137 9 9
1172077 99.179 90.522 82.706 1.095 23 25
1172078 99.357 124.893 107.056 1.167 103 103
1172079 99.842 94.282 85.487 1.103 277 277
1172081 99.565 83.977 80.239 1.047 43 43
1172093 99.762 88.417 83.755 1.056 12 12
1172107 99.527 132.731 119.399 1.112 26 27
1172114 100 125.875 111.325 1.131 8 8
1172200 91.566 102.5 111.371 0.92 8 9
1172362 99.721 136 124.53 1.092 12 12
1172373 99.502 96.625 100.902 0.958 8 8
1172374 99.215 80.217 66.389 1.208 23 22
1172392 99.869 125.5 122.424 1.025 8 8
1172779 99.718 66.5 76.898 0.865 6 6
1172850 98.259 75.5 86.952 0.868 20 21
1172864 99.826 99.977 105.261 0.95 44 46
1173237 99.086 156.778 148.227 1.058 9 9
1173715 99.846 121.654 111.808 1.088 26 27
1173744 99.917 80.857 84.122 0.961 14 15
1174845 99.635 93.968 93.993 1 31 33
1175447 99.928 70.692 94.249 0.75 13 13
1175535 99.065 103.857 88.493 1.174 42 42
1175608 99.724 111.237 83.402 1.334 38 38
1175742 74.543 7.714 65.69 0.117 14 15
1176105 58.73 12.712 84.378 0.151 52 70
1176106 99.156 92.483 70.696 1.308 209 209
1176631 97.86 128.25 123.749 1.036 8 8
1176926 99.249 92.247 85.887 1.074 615 617
117727 99.729 147.316 151.392 0.973 19 19
1178278 99.427 121.35 110.225 1.101 40 40
1178947 98.026 100.825 91.352 1.104 40 40
1178989 99.823 134.625 126.992 1.06 16 16
1179011 99.484 115.6 92.958 1.244 10 10
1179038 99.128 135.296 106.262 1.273 27 27
1179043 99.446 138 144.287 0.956 8 8
1179044 99.864 142.273 110.217 1.291 22 22
1179047 99.288 102.16 86.443 1.182 25 25
1179058 99.65 124.88 93.779 1.332 25 26
1179060 99.721 160.773 153.815 1.045 22 23
1179061 98.775 165.192 132.259 1.249 26 27
1179063 99.361 124.821 93.917 1.329 56 56
1179064 99.089 106.5 82.656 1.288 12 12
1179067 98.99 116.922 88.074 1.328 230 233
1179069 99.267 107.639 78.952 1.363 158 161
1179070 99.775 113.143 89.179 1.269 14 14
1179077 99.455 219.609 150.248 1.462 87 89
1179079 99.433 106.8 80.87 1.321 40 39
1179082 99.522 109.692 79.468 1.38 13 13
1179090 99.842 125.875 104.732 1.202 56 56
1179114 99.711 216.222 149.457 1.447 27 28
1179177 99.312 101.8 83.897 1.213 20 20
1179286 99.519 115.763 105.394 1.098 97 97
1179626 99.645 120.409 111.416 1.081 22 22
1180072 99.633 101.843 99.65 1.022 413 420
1180281 98.461 82 79.305 1.034 7 7
1181238 99.892 70.786 66.891 1.058 14 14
118241 99.406 119 113.614 1.047 10 10
1182991 99.484 88.857 92.999 0.955 14 14
1183 99.682 69.118 66.46 1.04 17 17
1184018 99.525 250 274.608 0.91 11 11
118505 99.537 138.333 128.277 1.078 6 6
1185204 99.275 89 82.265 1.082 6 6
118525 99.094 98.7 93.357 1.057 110 110
118569 99.945 65.764 63.595 1.034 55 55
1186461 99.569 92.568 87.739 1.055 310 312
1187114 99.956 99.535 103.817 0.959 43 44
1187608 99.656 117.625 97.621 1.205 96 95
1187801 99.336 83.135 81.642 1.018 1034 1043
1188 99.48 76.818 61.494 1.249 11 11
1188116 100 67.8 71.496 0.948 5 5
1188214 100 66.353 83.028 0.799 17 17
1188417 70.395 11.458 83.224 0.138 72 198
1190536 100 106.571 108.515 0.982 7 8
1192 99.346 102.714 73.558 1.396 7 7
1192333 99.597 137.714 113.145 1.217 7 7
1192389 99.532 101.222 85.856 1.179 36 36
1192395 95.66 80.643 82.584 0.976 14 14
1193239 99.718 135.512 101.394 1.336 82 82
1193515 99.444 102.8 110.334 0.932 5 5
1193827 98.972 85.529 80.071 1.068 189 189
1194738 100 107.808 114.874 0.938 26 27
1195380 99.456 128.5 139.006 0.924 56 56
1195397 98.755 596.667 448.661 1.33 6 7
1196209 99.532 82.5 81.153 1.017 20 20
119753 99.765 162.55 137.879 1.179 40 39
1197775 99.528 54.5 82.975 0.657 10 18
1198 99.339 146.07 135.162 1.081 100 107
1198148 87.142 6.877 114.58 0.06 154 283
1198150 77.273 4.091 96.8 0.042 11 12
119856 99.249 76.467 71.945 1.063 15 15
1199 99.262 135.859 109.64 1.239 71 71
1199547 100 121 94.812 1.276 5 6
1199874 99.771 69.7 82.552 0.844 10 11
1200743 99.166 81.4 78.87 1.032 10 10
1200753 99.439 84.03 81.263 1.034 33 32
1200777 99.502 103.556 109.112 0.949 45 45
1200887 99.825 70.941 64.306 1.103 17 17
1200896 99.852 132.167 127.067 1.04 42 42
1203105 99.687 61.222 65.251 0.938 27 27
1203172 99.338 68.016 85.535 0.795 63 66
120322 99.566 95.889 92.275 1.039 9 9
1204 93.17 121.571 122.166 0.995 7 7
120426 79.767 25.667 78.825 0.326 15 15
1205251 80.967 58.477 43.306 1.35 44 44
1205252 76.18 62.088 39.417 1.575 34 34
1205284 99.804 80 100.38 0.797 10 10
1205285 99.414 74 101.189 0.731 44 45
1205296 84.95 35 85.076 0.411 6 7
1205919 98.876 99.069 85.822 1.154 145 146
1205933 99.756 189.862 149.746 1.268 65 65
1205942 99.919 106.571 85.677 1.244 7 7
1205960 98.659 115.857 94.225 1.23 7 7
1205961 99.386 114.222 103.679 1.102 9 9
1206329 99.771 105 106.132 0.989 8 8
1207715 97.581 87.833 95.652 0.918 18 18
1207801 85.572 60.2 81.605 0.738 10 10
1208154 86.636 24.25 103.888 0.233 12 13
1208510 62.29 27.231 15.088 1.805 52 55
1208512 66.13 29.983 17.144 1.749 59 60
1208517 65.714 28.914 14.246 2.03 58 58
1209900 99.844 112.273 89.082 1.26 11 11
1209960 99.058 115.015 103.073 1.116 65 66
1210269 99.731 227.833 184.741 1.233 12 12
1210353 98.72 93.714 105.408 0.889 14 14
1210502 99.878 109.923 106.667 1.031 13 12
1210627 99.653 180.241 168.194 1.072 29 28
1213 99.507 52.909 57.54 0.92 11 11
121396 98.703 136.056 146.811 0.927 18 18
1214 97.89 119.154 111.027 1.073 26 26
1214122 99.929 94.588 94.555 1 17 18
1214395 99.15 136.262 94.246 1.446 42 42
1214486 99.682 78.727 70.198 1.122 11 11
1215 99.427 143.056 118.307 1.209 18 18
1215214 99.786 103.812 100.154 1.037 32 32
1215224 99.935 118.818 101.643 1.169 11 11
1215561 98.314 100.2 86.376 1.16 20 20
1215742 99.572 110.497 109.041 1.013 2618 2643
1215743 99.577 110.135 109.041 1.01 2617 2643
1216196 99.775 120.25 119.536 1.006 16 17
12171 99.452 65.4 77.073 0.849 10 10
1219147 99.484 186.182 175.118 1.063 11 11
1220251 98.914 71.778 72.091 0.996 36 36
1220277 99.516 154.231 159.991 0.964 13 13
122050 99.437 107.455 97.556 1.101 22 22
1220732 99.765 114.786 103.067 1.114 14 14
1220762 99.523 79.769 68.347 1.167 13 13
12209 99.829 87.429 94.714 0.923 7 7
1221 99.988 164.833 136.829 1.205 12 12
122317 99.555 113.71 101.74 1.118 31 31
122321 99.665 98.639 90.58 1.089 61 61
122325 99.74 40 43.649 0.916 6 6
122326 99.399 222.643 202.157 1.101 14 14
122330 99.754 75.389 64.44 1.17 18 18
122335 99.553 108.54 100.009 1.085 200 200
122353 99.486 89.773 82.064 1.094 1161 1164
1224206 100 111.889 117.071 0.956 9 9
1224248 98.724 14.391 107.821 0.133 23 28
1224250 96.41 6.769 141.556 0.048 13 16
1224252 96.212 8.545 145.493 0.059 11 14
1224254 100 6.167 181.22 0.034 6 8
1224255 100 5.8 236.726 0.025 5 6
1224300 93.14 9.08 108.596 0.084 25 28
1224301 89.196 7.75 103.998 0.075 20 24
1224309 99.501 37.8 88.691 0.426 10 15
1224332 99.134 34.154 82.772 0.413 13 13
1224340 84.986 35.357 82.427 0.429 14 15
1224357 85.834 3.923 158.968 0.025 13 16
1224361 96.508 4.643 126.069 0.037 14 18
1224362 98.485 5.548 114.693 0.048 31 43
1224363 80.351 9.842 99.546 0.099 38 48
1224885 100 69.286 66.863 1.036 7 7
122499 99.367 97.423 83.947 1.161 260 259
1225649 100 87.6 67.161 1.304 5 4
1225792 100 119.444 138.621 0.862 9 10
122601 99.577 100.125 93.889 1.066 24 24
1226091 99.324 105.064 87.844 1.196 871 876
122614 99.615 105.412 91.117 1.157 17 17
1226790 99.775 92.882 87.208 1.065 17 16
1228 95.64 107.4 87.76 1.224 15 15
1228714 99.787 101 103.217 0.979 11 11
1229572 98.945 134.091 132.319 1.013 11 11
1230660 98.398 105 90.972 1.154 19 20
123127 99.818 88.738 86.408 1.027 42 42
1231288 99.896 89.929 75.681 1.188 14 14
1231666 99.19 76.696 68.287 1.123 46 46
123256 92.857 132.429 118.826 1.114 7 7
123257 99.608 91 86.374 1.054 10 10
1233213 99.765 79.215 77.016 1.029 135 135
1233438 100 187.2 199.108 0.94 5 5
1234321 98.746 94.036 92.258 1.019 55 56
1235731 98.929 123.143 126.267 0.975 7 7
12384 99.652 84.8 76.749 1.105 10 10
1238725 73.862 23.9 74.084 0.323 10 10
123878 99.444 101.438 103.463 0.98 16 16
123915 99.057 115.082 96.764 1.189 61 61
1239651 99.103 44.857 53.914 0.832 14 14
12398 94.975 86.8 113.892 0.762 10 10
1239994 99.413 82.385 86.384 0.954 13 13
1240164 99.326 162.645 147.47 1.103 31 31
1240239 99.113 141 109.514 1.288 6 6
1240242 99.321 85.027 78.147 1.088 256 260
1240573 99.57 90.833 103.386 0.879 12 12
1240597 99.688 144.667 145.667 0.993 18 18
1241375 99.671 64.444 64.472 1 9 9
1242285 99.207 26 38.283 0.679 6 6
124323 99.141 98 79.4 1.234 40 40
1243354 98.566 143.286 149.617 0.958 7 8
12436 89.004 77.947 136.792 0.57 19 23
1243941 84.899 50.889 73.828 0.689 9 10
1243944 71.16 10.823 92.82 0.117 62 125
1244883 98.823 111.857 97.279 1.15 7 7
1244992 99.671 110.714 118.03 0.938 14 14
124534 99.506 111.055 91.216 1.217 273 273
1247729 99.621 102.136 99.412 1.027 22 22
124775 99.183 107.128 94.435 1.134 39 39
1248606 69.306 22.667 75.092 0.302 33 33
1248616 68.35 15.36 82.003 0.187 25 25
1248881 99.174 126.429 114.943 1.1 7 7
1249560 99.765 108.25 105.113 1.03 16 16
1249569 99.884 91.635 86.965 1.054 52 52
1251462 99.891 71.6 69.41 1.032 15 15
1253207 95.217 117.306 127.664 0.919 36 36
1253208 99.881 87 105.325 0.826 9 9
1253244 98.544 133.375 148.494 0.898 8 8
1253247 93.278 82.25 92.682 0.887 20 21
1253375 94.771 455.143 80.203 5.675 14 14
1253387 97.476 56.556 73.872 0.766 18 18
1253453 95.282 69.167 78.026 0.886 18 18
1253454 99.19 142.36 148.403 0.959 25 49
1253456 98.304 61.692 77.423 0.797 13 13
1253457 99.033 52.571 60.473 0.869 14 14
1253463 99.828 100.2 104.844 0.956 10 10
1253465 98.797 107.857 144.238 0.748 7 7
1253525 99.067 154.222 159.295 0.968 18 18
1253541 98.935 76.143 83.928 0.907 28 28
1253549 98.416 119.882 130.795 0.917 17 17
1253568 99.116 124.122 131.127 0.947 41 42
1253574 91.959 67.154 75.352 0.891 13 14
1253750 96.56 163 163.949 0.994 9 9
1253754 99.645 106.333 129.104 0.824 117 118
1253759 98.872 101.154 106.749 0.948 13 13
1253847 98.994 87.538 102.924 0.851 13 13
1253900 98.162 92.104 100.119 0.92 67 68
1254039 98.542 111.402 115.891 0.961 92 92
1254055 98.955 72.975 80.941 0.902 81 82
1254056 98.595 87.655 89.774 0.976 261 264
1254057 98.817 100.778 95.205 1.059 18 17
1254076 99.685 92.2 92.8 0.994 10 11
1254125 99.632 101.125 113.222 0.893 8 8
1254126 97.566 114.897 117.662 0.976 29 29
1254131 98.475 99.797 108.847 0.917 148 149
1254132 99.171 103.84 103.705 1.001 50 50
1254134 99.443 99.722 103.489 0.964 18 18
1254136 99.263 75.485 85.69 0.881 66 71
1254138 99.294 82.146 96.259 0.853 41 40
1254144 98.641 114.736 113.87 1.008 144 141
1254180 99.082 124.154 143.188 0.867 13 13
1254189 95.406 96.368 106.509 0.905 19 19
1254221 99.112 72.484 77.604 0.934 31 33
1254243 99.445 67.228 67.96 0.989 57 57
1254519 98.303 136 105.093 1.294 23 23
1254527 98.958 74.167 62.887 1.179 18 18
1254532 99.911 123.267 101.598 1.213 30 30
1254538 97.707 86.625 69.368 1.249 16 18
1254540 99.23 112.043 96.793 1.158 46 46
1254542 99.207 174.026 147.306 1.181 38 36
1254543 99.6 95.56 85.36 1.119 1845 1868
1254549 99.395 136.738 120.07 1.139 126 127
1254551 98.21 127.75 109.621 1.165 16 17
1254555 99.741 129.812 114.648 1.132 16 16
1254556 99.414 94.4 78.922 1.196 25 25
1254557 99.567 87.776 72.709 1.207 85 86
1254562 99.855 88.435 73.54 1.203 23 24
1254565 99.719 145.043 133.749 1.084 23 23
1254576 99.311 88.833 78.269 1.135 30 30
1254580 99.198 129.237 106.273 1.216 354 360
1254582 99.455 109.466 98.756 1.108 983 991
1254583 99.516 130.925 107.022 1.223 549 554
1254587 99.792 95.308 89.727 1.062 65 66
1254589 99.722 104.043 82.856 1.256 23 23
1254590 98.755 167.333 157.25 1.064 21 22
1254591 98.442 106.471 95.807 1.111 34 34
1254610 99.73 74.9 59.281 1.263 10 10
1254620 99.639 90.811 80.674 1.126 37 37
1254621 98.74 98.381 91.773 1.072 21 21
1254623 99.255 117.699 103.637 1.136 133 135
1254624 98.552 113.059 107.671 1.05 34 35
1254625 98.562 110.618 102.952 1.074 34 34
1254657 100 61.3 76.117 0.805 10 10
1257295 97.559 92.111 89.352 1.031 9 9
1257593 100 110 102.579 1.072 9 9
1257780 99.533 98.857 92.185 1.072 14 14
1258324 99.195 103.272 98.438 1.049 2239 2259
12587 98.969 71.778 71.589 1.003 9 9
1259000 79.902 22.4 110.352 0.203 5 5
1260509 95.996 76.25 91.691 0.832 20 20
1260663 99.523 75.348 74.997 1.005 23 23
1262116 99.578 101.5 97.005 1.046 10 10
1264703 98.848 83 78.514 1.057 40 40
1267206 94.473 6.322 92.033 0.069 488 1087
1267207 94.118 6.034 91.617 0.066 441 1090
1267209 94.641 8.879 98.568 0.09 107 453
1267214 97.727 3.818 124.023 0.031 11 128
126782 100 41.143 58.734 0.7 7 7
1269560 81.367 10.885 84.473 0.129 26 187
1269561 77.5 4.227 84.136 0.05 22 192
127079 98.749 87.714 125.868 0.697 7 7
1271773 99.448 152.4 140.9 1.082 5 5
127211 98.901 7 102.876 0.068 13 16
127212 98.718 6.154 102.876 0.06 13 16
1272317 99.755 115.333 111.408 1.035 12 12
127281 98.75 5.375 95.574 0.056 8 11
127283 99.554 7.125 94.438 0.075 16 18
127285 97.995 7.588 91.4 0.083 17 19
1272926 99.889 115.111 128.291 0.897 18 18
1273095 68.846 11.062 73.489 0.151 16 22
1273351 99.899 98.833 88.585 1.116 66 67
1274127 99.286 92.172 96.645 0.954 29 29
1274156 99.38 172.391 152.26 1.132 69 69
127508 99.542 77.824 97.537 0.798 17 17
1275302 99.686 69.2 85.05 0.814 20 21
1275917 79.002 24.894 92.277 0.27 47 54
1275919 97.6 32.868 99.48 0.33 53 58
1276282 96.938 5.362 61.321 0.087 58 86
1276284 96.992 5.025 62.088 0.081 40 83
1276286 93.919 26.692 64.087 0.417 13 83
1276287 91.818 6 61.793 0.097 11 82
1276288 91.429 28.571 62.405 0.458 14 85
1279228 95.624 130.6 143.123 0.913 5 5
1279999 100 86 84.523 1.017 4 4
1280857 73.537 7.661 102.719 0.075 56 134
1281080 99.093 70.455 69.813 1.009 11 11
1281443 100 99 117.921 0.84 4 4
1282534 99.873 129.344 112.109 1.154 32 34
1282599 99.067 110.012 92.389 1.191 83 83
1283465 96.887 8.526 94.654 0.09 19 22
1283697 99.767 81.458 105.423 0.773 48 50
1283730 98.57 109.5 110.995 0.987 2 2
1283735 100 139.667 194.632 0.718 3 3
1283736 100 63.25 96.983 0.652 4 4
1283737 99.955 66.143 102.276 0.647 28 28
1283742 99.528 82.333 126.458 0.651 9 9
1283755 100 94.5 87.988 1.074 2 2
1283781 99.499 108.286 119.505 0.906 7 7
1283785 98.71 108.4 106.998 1.013 5 5
1283801 99.914 116.6 134.043 0.87 5 5
1283803 100 88.75 92.619 0.958 4 4
1283910 99.862 100.939 93.107 1.084 66 69
1283916 99.636 84 69.339 1.211 5 5
1283983 99.826 159.4 147.184 1.083 5 5
1284042 76.803 35.359 92.297 0.383 78 78
1284043 75.304 29.484 93.806 0.314 64 64
1284045 78.401 21.058 86.575 0.243 69 69
1284046 81.916 12.684 82.815 0.153 98 99
1284048 86.041 4.25 76.811 0.055 8 8
1284071 74.53 16.286 103.769 0.157 7 7
1284093 99.545 79.833 85.212 0.937 6 6
1284102 99.674 171.375 164.371 1.043 8 8
1284111 100 46.6 46.562 1.001 5 5
1284473 85.08 3.952 121.822 0.032 21 39
1284490 92.121 3.909 121.824 0.032 11 42
1284931 99.757 101.619 76.026 1.337 21 21
1285 99.361 137.952 115.855 1.191 21 21
1285132 99.9 208.714 189.962 1.099 7 7
1285564 99.667 89.714 84.281 1.064 7 7
1285594 99.353 170.538 77.687 2.195 52 53
1285756 99.599 86.214 98.273 0.877 14 14
128621 99.782 108.37 108.313 1.001 27 27
1286336 99.336 91.684 81.288 1.128 38 38
1286584 99.107 146.429 103.646 1.413 7 8
1286766 99.264 110.309 111.157 0.992 3006 3030
1287068 99.447 75.574 79.001 0.957 1487 1502
1287074 100 55.5 63.603 0.873 12 12
1287081 99.44 76.482 79.692 0.96 1640 1655
1287096 98.63 77.835 85.511 0.91 170 170
1287107 99.684 71.296 73.789 0.966 27 27
1287112 99.196 74.119 78.727 0.941 210 212
1287261 99.565 65.158 66.527 0.979 95 95
1287699 98.317 89.414 91.737 0.975 29 30
1288 99.889 106.433 90.894 1.171 30 30
128865 99.668 88.1 88.311 0.998 10 10
1289187 99.06 84.58 83.443 1.014 269 270
1290930 99.848 137.462 125.686 1.094 13 13
1291127 99.353 119.167 97.82 1.218 12 12
1291454 99.55 81.2 85.939 0.945 40 40
1291591 100 64.333 56.731 1.134 6 6
1291895 97.779 105.273 98.164 1.072 11 11
1292054 99.625 130.909 132.886 0.985 11 11
1292102 99.62 103.617 96.949 1.069 2314 2260
129450 97.122 93 87.885 1.058 15 15
1294738 87 4 15.86 0.252 5 5
1295385 99.174 80.163 76.156 1.053 98 98
1296236 99.517 52.3 59.788 0.875 10 10
1300228 99.304 95.739 103.559 0.924 23 24
1300390 99.496 89.667 79.385 1.13 21 21
1302899 99.747 170.462 130.042 1.311 13 14
1302920 99.688 97.487 86.399 1.128 345 346
1302927 99.111 172.368 133.475 1.291 19 19
130358 99.761 90.519 80.656 1.122 79 79
1303749 99.469 102.385 91.645 1.117 13 13
1304610 99.516 95.574 80.014 1.194 265 266
13051 99.482 76.088 74.424 1.022 68 68
1305180 99.549 113.414 80.852 1.403 29 29
1305682 100 124.714 90.298 1.381 7 7
1305880 99.85 76.111 78.625 0.968 18 19
1305971 99.695 134.535 123.224 1.092 170 175
1305998 99.442 65.769 59.312 1.109 13 13
1306420 99.348 112.808 95.34 1.183 381 383
1307373 99.256 114.33 104.068 1.099 112 114
13076 99.554 122.686 119.75 1.025 35 35
1308134 99.271 74.227 81.488 0.911 365 373
1308226 100 74.2 63.595 1.167 5 5
1308592 99.681 148.231 135.887 1.091 13 13
1308850 99.591 73.385 67.675 1.084 13 13
1309211 99.623 87.872 79.274 1.108 281 282
130934 99.465 133.235 125.004 1.066 17 17
1312157 98.8 75.538 82.394 0.917 104 105
1312287 99.695 104.692 69.972 1.496 13 12
1313220 95.942 8.1 93.74 0.086 30 39
1313249 99.725 94.425 101.786 0.928 73 74
1313270 95.122 25.326 115.566 0.219 224 368
1313274 92.632 8.105 72.26 0.112 19 68
1313275 94.188 8.351 113.539 0.074 77 259
1313276 94.481 7.981 115.963 0.069 54 232
1313277 94.872 4.846 113.961 0.043 26 99
131329 99.607 71.917 77.426 0.929 12 12
1313329 100 19.4 136.385 0.142 5 9
1313333 78.098 32.224 110.901 0.291 67 68
1313335 87.146 20.559 126.463 0.163 34 34
1313337 92.997 20.222 149.795 0.135 18 18
1313339 87.281 4.105 68.199 0.06 19 21
1313358 78.896 16.5 120.893 0.136 18 22
1313363 97.768 19.571 119.956 0.163 14 18
1313366 92.698 21.2 141.332 0.15 5 11
1313367 98.214 9.857 119.828 0.082 14 17
1313375 97.222 15.556 95.832 0.162 9 39
1313377 99.901 18.312 95.964 0.191 16 45
1313379 95.961 5.828 92.3 0.063 29 160
1313380 96.914 5.162 111.341 0.046 37 198
1313383 92.896 5.828 111.723 0.052 116 242
1313385 94.619 6.258 109.188 0.057 163 318
1313386 95.546 6.982 106.78 0.065 225 369
1313387 89.755 15.424 79.688 0.194 33 66
1313388 93.036 5.586 74.883 0.075 29 62
1313565 99.616 77.381 67.182 1.152 21 21
1314560 99.749 96.583 97.93 0.986 12 12
1316994 99.706 93.615 77.671 1.205 13 13
1317543 99.927 74.167 70.462 1.053 12 12
1318077 99.765 99.286 98.149 1.012 14 14
1319586 99.565 86.419 87.561 0.987 62 62
1321556 99.634 83.959 82.521 1.017 172 172
1321918 99.951 69.143 69.285 0.998 14 15
1322275 99.483 94.235 86.43 1.09 17 17
1322748 99.787 98.684 93.865 1.051 57 57
1323587 99.33 119.8 105.031 1.141 5 5
1325082 98.27 77.938 94.578 0.824 16 16
1326 99.379 106.437 84.595 1.258 183 183
1326862 99.8 92.303 76.258 1.21 33 33
1327367 99.297 93.868 77.18 1.216 144 144
1327632 99.838 105.556 80.085 1.318 9 9
1327653 99.557 134.188 106.882 1.255 16 16
1327654 99.816 115.862 85.23 1.359 29 28
1328123 99.418 264.629 283.268 0.934 35 37
1328308 99.119 96.923 86.688 1.118 39 39
1329334 99.931 103.571 117.957 0.878 7 8
1329349 99.864 89.5 87.811 1.019 26 26
132956 99.565 94.196 92.894 1.014 46 46
1329571 99.143 37.143 98.968 0.375 7 8
1329659 99.042 72.633 80.284 0.905 30 30
13313 99.564 91.556 88.87 1.03 36 36
1331789 97.837 67.818 78.19 0.867 11 11
1332921 81.521 6.154 80.413 0.077 39 65
1333603 99.434 75.394 76.452 0.986 71 73
1333642 99.707 99.154 97.358 1.018 39 39
1333669 99.07 108.874 114.19 0.953 3138 3373
1334089 99.208 106.143 98.567 1.077 28 28
1334833 99.329 122.143 105.667 1.156 56 56
1335029 79.333 4.6 84.812 0.054 15 68
1335030 81.515 13.091 101.895 0.128 22 50
1335032 70.178 9.681 97.397 0.099 69 250
1335382 99.305 100.308 104.445 0.96 13 13
1335694 99.324 74.1 72.438 1.023 10 10
1335714 98.902 94.877 100.658 0.943 73 75
13358 99.862 94.818 77.021 1.231 11 11
1336 99.12 126.571 99.169 1.276 7 7
1336164 99.265 123.936 111.954 1.107 3048 3076
13362 99.648 87.75 83.996 1.045 8 8
133632 95.206 111.2 108.477 1.025 5 5
1336336 99.519 148.385 135.901 1.092 26 26
133652 99.222 102.161 103.579 0.986 93 93
1337322 96.028 134.524 108.287 1.242 21 21
1337474 99.511 106.833 101.851 1.049 18 19
1337552 98.194 80.778 70.623 1.144 27 27
1337796 95.335 102 102.145 0.999 15 15
1337819 96.288 65.393 69.516 0.941 28 28
1337936 98.487 108.429 118.304 0.917 7 8
1337954 99.728 110.625 122.226 0.905 24 24
1337973 96.503 170.444 155.422 1.097 9 9
1337975 95.419 157.571 156.351 1.008 7 7
1337991 90.029 92.857 92.189 1.007 14 14
1338005 99.83 60.833 67.793 0.897 6 6
1338021 99.161 69.857 70.96 0.984 14 14
1338218 96.925 87.229 89.334 0.976 35 35
1338239 94.645 65.875 60.849 1.083 8 8
1338330 99.016 87.438 100.034 0.874 16 16
1338513 98.393 102.667 84.278 1.218 18 18
1338520 99.667 118.636 93.138 1.274 11 11
133862 99.985 133.111 113.767 1.17 18 18
1338659 99.79 85.913 75.941 1.131 23 23
1338699 99.416 111.368 102.609 1.085 95 95
1338856 99.239 102.673 102.222 1.004 171 173
1338877 98.947 112.487 104.856 1.073 39 43
1342840 77.205 24.886 120.377 0.207 44 56
1342841 69.813 16.545 118.403 0.14 11 12
1342937 99.249 93.188 92.585 1.007 16 16
1344024 89.098 6.5 91.305 0.071 12 36
1344073 95.893 6.2 90.178 0.069 20 41
1344074 94.156 14.036 92.607 0.152 28 43
13441 99.953 125.095 113.315 1.104 21 21
13449 98.325 82.926 89.871 0.923 27 27
1345628 99.887 81.889 78.458 1.044 9 9
13458 99.471 135.982 116.629 1.166 56 56
13459 99.847 132.933 160.463 0.828 15 15
13461 93.83 5.875 64.125 0.092 8 8
13462 97.655 119.8 126.904 0.944 20 22
13464 90.53 104.7 114.104 0.918 20 20
1346732 99.814 105.458 115.494 0.913 24 24
1346741 100 59.571 60.401 0.986 7 7
1347250 84.255 46.8 22.323 2.096 10 10
1347255 91.983 45.083 48.441 0.931 12 12
1347257 78.849 31.348 16.461 1.904 23 23
1347260 74.263 7.929 9.645 0.822 14 18
1347261 75.413 23.352 15.502 1.506 54 54
1347262 76.297 14.231 16.901 0.842 26 26
13473 98.215 89.692 73.038 1.228 13 13
1347352 96.868 69.692 82.581 0.844 26 26
1347551 93.223 156.714 149.561 1.048 7 7
1347588 96.677 95.333 98.726 0.966 15 14
1347746 97.451 66.455 65.757 1.011 11 12
13479 99.516 289.828 154.98 1.87 64 62
13481 99.87 139.323 117.871 1.182 31 30
13482 99.443 83.669 84.526 0.99 3181 3191
13490 99.516 119.675 102.853 1.164 163 163
1349733 99.626 118.444 109.041 1.086 2623 2643
1349772 99.072 71.1 63.077 1.127 10 10
1351361 98.964 91.796 92.161 0.996 54 55
1351548 99.588 159.5 143.78 1.109 6 7
1352162 99.504 100.182 114.87 0.872 11 11
1352672 98.871 77.167 87.421 0.883 12 12
1352994 99.827 81.5 145.169 0.561 6 7
135329 99.534 102.248 109.031 0.938 2646 2645
1354437 99.992 110.103 95.28 1.156 29 31
1354865 99.858 92.412 97.237 0.95 17 17
1354983 99.688 122.2 129.462 0.944 5 5
1355626 99.906 76.9 61.638 1.248 10 10
1355687 99.093 63.576 73.649 0.863 118 119
1355688 99.155 73.054 82.348 0.887 166 169
1355698 82.582 12.965 101.221 0.128 86 175
1355701 80.137 6.63 72.47 0.091 27 27
1355775 74.103 19.444 104.019 0.187 18 18
1355776 69.696 32.957 90.361 0.365 46 55
1355788 76.712 44.615 80.157 0.557 13 13
1355789 78.576 30.062 88.946 0.338 16 16
1355791 60.391 10.846 108.505 0.1 52 63
1355999 88.046 59.818 76.978 0.777 11 12
1356037 77.01 6.444 58.575 0.11 9 9
1356135 99.588 118.659 98.199 1.208 138 140
13565 99.318 170.333 120.957 1.408 9 9
13577 99.831 80.455 68.962 1.167 11 11
13579 99.716 197.9 147.273 1.344 10 10
1359108 100 73.3 76.699 0.956 20 20
1359193 98.969 97.818 94.848 1.031 11 11
1359673 99.743 139.889 110.511 1.266 18 18
1360209 58.335 68.5 67.213 1.019 2 2
13605 99.465 126.441 96.618 1.309 111 110
136120 99.875 63 61.219 1.029 6 6
1361329 72.729 6 82.001 0.073 64 239
1361334 79.676 4.531 83.849 0.054 32 229
1361336 99.15 47.15 89.956 0.524 20 109
1361349 92.597 26.32 81.1 0.325 50 250
1361616 99.765 88.59 99.498 0.89 78 78
13619 96.403 103.312 80.72 1.28 16 17
1362248 98.754 101.364 93.434 1.085 11 11
13624 99.472 111.828 89.131 1.255 99 99
13625 98.826 111.125 88.94 1.249 40 40
13626 97.206 136.391 107.854 1.265 23 24
13627 92.575 100.03 80.281 1.246 101 102
1362889 99.925 111.455 104.337 1.068 22 23
13629 98.728 178.58 108.329 1.649 169 168
1362983 99.671 116.048 122.447 0.948 21 22
13630 98.332 126.618 87.425 1.448 102 101
1363070 99.368 128.909 123.867 1.041 44 44
13631 98.886 124.558 100.257 1.242 77 77
13633 98.061 125.632 112.14 1.12 19 19
1363358 100 114.286 111.163 1.028 7 7
1363359 99.538 95.305 98.019 0.972 850 858
13636 99.23 138.111 104.855 1.317 226 225
13637 98.97 118.068 89.016 1.326 118 118
13638 98.743 150.067 117.303 1.279 119 118
13640 97.907 119.091 90.135 1.321 55 55
13641 98.425 112.231 86.024 1.305 26 26
13642 99.819 91.539 74.075 1.236 76 76
1364348 99.606 109.522 97.706 1.121 23 24
1364349 99.766 115.667 98.598 1.173 12 12
13646 99.77 87.632 58.961 1.486 19 19
13647 99.732 114 84.071 1.356 25 25
136496 99.701 120.667 89.003 1.356 9 9
1365766 97.93 64.059 97.451 0.657 17 17
1365859 99.624 84.806 81.331 1.043 31 31
13669 99.303 91.75 87.618 1.047 32 32
1367785 70.806 34.429 27.056 1.272 28 28
1368197 99.354 80.188 76.659 1.046 32 32
136821 98.6 112 105.911 1.057 14 14
13683 100 125.846 109.536 1.149 13 13
136851 99.516 97.423 89.464 1.089 26 26
1368791 99.827 115.538 110.579 1.045 39 39
136903 99.847 95.974 85.574 1.122 117 117
1369524 98.486 120.4 108.728 1.107 20 21
1370061 99.467 91.727 71.248 1.287 11 11
1370563 99.682 107.167 95.934 1.117 12 12
1370936 99.75 105.188 98.001 1.073 16 16
1371708 99.56 90.105 102.13 0.882 19 19
1371721 99.436 97.708 104.163 0.938 1132 1145
1372414 98.918 119.333 114.202 1.045 9 10
137260 99.546 101.222 72.944 1.388 9 9
1373862 99.809 70.419 72.412 0.972 62 62
1374201 99.541 112.996 109 1.037 2629 2649
1375044 99.568 104.253 109.041 0.956 2625 2643
1375169 99.253 100.35 139.684 0.718 20 20
137614 99.615 92.417 77.354 1.195 12 12
1376266 98.706 102.431 87.254 1.174 116 118
1376677 99.089 95.379 107.889 0.884 29 28
137682 99.974 190.364 123.202 1.545 11 11
137690 99.401 141.727 120.35 1.178 11 11
1377387 99.579 79.471 77.021 1.032 17 17
1377519 61.481 7.483 60.288 0.124 29 31
137784 98.796 77.483 67.386 1.15 29 29
137825 99.395 122.875 119.334 1.03 8 8
1378798 100 73.857 72.165 1.023 21 22
1380673 99.349 65.933 62.677 1.052 15 15
138175 98.965 157.416 134.236 1.173 89 88
1383416 100 117.8 117.979 0.998 5 5
138372 99.769 176.786 163.802 1.079 14 14
1383970 99.535 68.818 84.983 0.81 11 11
1384693 99.977 99.833 103.204 0.967 30 30
1386761 95.123 35.5 80.765 0.44 6 11
1386765 65.652 5.854 82.698 0.071 41 164
1386766 77.084 9.371 81.139 0.115 70 157
1387097 100 124.667 113.732 1.096 9 9
1387168 99.722 97 80.689 1.202 5 5
138802 99.055 181.1 162.596 1.114 10 10
1388414 99.963 102.642 79.506 1.291 53 54
138899 100 83 88.932 0.933 11 11
1389286 99.717 91.349 83.489 1.094 381 382
1389313 99.099 63.385 64.674 0.98 13 13
1389320 95.93 9.194 98.633 0.093 108 192
1389321 95.64 10.326 101.761 0.101 92 173
1389323 90.051 7.981 96.728 0.083 53 139
1389325 92.5 7.214 104.171 0.069 14 32
1389327 93.636 4.091 98.164 0.042 11 94
1389336 96.972 83.184 85.512 0.973 38 38
1389350 87.5 12.1 99.733 0.121 10 65
1389353 90.591 4.724 99.491 0.047 29 126
1389354 92.396 4.725 96.727 0.049 40 141
1389357 96.104 9.13 96.774 0.094 100 186
1389358 96.941 6.25 100.655 0.062 120 194
1389738 99.936 159.812 121.25 1.318 16 18
1389872 99.964 121.462 114.236 1.063 13 13
139004 98.791 111.327 113.81 0.978 55 55
1390812 99.32 137.655 129.105 1.066 29 29
139127 98.174 127.25 129.092 0.986 16 16
13920 99.44 156.267 119.03 1.313 90 90
1392198 99.692 178.667 161.044 1.109 12 12
139223 98.073 71 73.264 0.969 14 14
1392516 99.889 89.286 81.624 1.094 21 22
1392841 80.599 15.4 20.121 0.765 25 31
1392842 85.41 27.727 41.655 0.666 33 40
1392892 100 83.242 105.713 0.787 33 35
1393 98.874 115.846 104.563 1.108 52 52
1394 99.712 102.706 92.302 1.113 17 17
1395366 99.202 103.38 101.853 1.015 71 72
1395833 99.073 89.667 113.502 0.79 9 9
1395909 99.493 73.571 72.986 1.008 7 7
1397205 99.698 97.319 101.719 0.957 116 117
1398542 99.189 147.054 142.304 1.033 56 56
1398621 97.935 57.963 100.465 0.577 135 137
1398622 97.955 59.963 101.765 0.589 136 138
1398740 81.652 29.6 30.073 0.984 5 5
1398935 97.967 96.909 107.944 0.898 33 34
1399 98.98 87.81 73.54 1.194 79 79
1399293 100 66.167 68.578 0.965 6 6
1399725 84.695 33.214 34.226 0.97 14 19
1400389 98.735 91.667 97.193 0.943 6 6
1400780 100 58.889 64.991 0.906 9 9
1401260 67.7 26.409 18.645 1.416 22 22
1401284 100 50.5 82.884 0.609 6 20
1401510 99.144 146.6 137.023 1.07 5 5
1401886 99.553 171.259 167.614 1.022 27 27
140218 99.314 127.676 104.787 1.218 34 33
140242 99.087 95.227 76.52 1.244 22 22
1402587 99.405 110.803 102.125 1.085 463 466
1402707 98.633 118.962 97.322 1.222 53 54
140320 99.892 125.8 81.78 1.538 5 5
140372 99.57 162.735 143.105 1.137 49 48
1404169 98.433 109.953 118.037 0.932 43 45
1404360 85.933 7.632 93.893 0.081 38 233
1404361 85.985 4.591 101.299 0.045 22 75
1404362 100 3.6 163.119 0.022 5 6
1404479 98.438 3.625 115.447 0.031 16 29
1404481 79.113 4.875 92.826 0.053 40 247
1404482 79.111 5.038 89.562 0.056 53 201
1404484 75.48 6.143 88.959 0.069 77 173
1404485 80.947 8.814 89.154 0.099 102 173
1404600 97.724 119.494 120.639 0.991 83 84
1404601 98.578 136.609 137.599 0.993 69 70
1404604 98.605 139.939 121.148 1.155 33 33
1404611 97.633 97.788 72.032 1.358 283 285
1404628 99.438 128.983 119.977 1.075 58 58
1404629 95.99 86.7 73.912 1.173 20 20
1405067 99.314 82.182 95.379 0.862 11 12
140509 99.909 186.909 166.065 1.126 11 11
1405206 87.156 13 110.757 0.117 8 9
1405698 98.815 88.611 83.674 1.059 18 18
1406644 100 65.5 61.981 1.057 6 6
1407356 99.743 95.444 94.903 1.006 36 36
1407363 99.189 110.526 132.696 0.833 19 19
14076 99.895 93.909 86.514 1.085 11 11
1410384 99.81 118.596 116.867 1.015 47 47
1410569 99.712 30.08 29.738 1.012 225 231
1411111 99.445 84.765 84.422 1.004 298 307
1411467 81.72 31.509 107.262 0.294 220 532
1411470 65.932 25.488 95.124 0.268 41 41
1411473 81.904 4.571 80.9 0.057 7 7
1412337 99.633 102.55 90.944 1.128 40 40
1413349 99.879 93.467 108.499 0.861 15 15
1413357 99.484 55.143 62.237 0.886 28 29
1413362 99.84 80.72 94.472 0.854 25 26
1413365 97.693 68.571 87.933 0.78 7 7
1413373 99.362 88.24 90.476 0.975 25 25
1414365 99.198 146.899 114.761 1.28 89 90
1414511 99.525 61.929 70.003 0.885 14 14
1414564 99.69 75.065 84.719 0.886 1897 1919
1414719 87.446 38.873 68.389 0.568 71 83
1414788 86.427 12.385 130.322 0.095 13 24
1414942 98.87 38.241 89.797 0.426 54 54
1415899 100 95 95.053 0.999 5 5
1416212 99.081 114.111 105.857 1.078 9 9
141623 99.52 131.154 118.76 1.104 6036 6010
1417416 99.02 114.619 93.162 1.23 21 21
1418678 99.961 96.133 97.265 0.988 30 30
1418792 99.095 101.9 117.288 0.869 60 62
141889 99.588 132.162 114.691 1.152 388 385
1419411 99.286 122.3 113.021 1.082 10 10
1419602 99.676 102.396 98.388 1.041 2238 2259
1419985 99.671 98.714 124.776 0.791 7 8
1420431 99.861 93.4 88.376 1.057 10 10
1421332 77.104 17.125 93.01 0.184 8 8
1422 99.744 128.172 105.604 1.214 29 29
1422752 99.574 80.286 73.52 1.092 7 7
1422839 100 92.833 88.46 1.049 12 12
1424166 99.102 102.224 95.148 1.074 744 741
1424836 99.734 104.5 123.997 0.843 8 8
1425841 99.884 97.8 90.904 1.076 10 10
1426904 99.064 109.737 115.98 0.946 76 77
1428506 99.601 97.2 114.83 0.846 15 17
142907 99.282 70.38 75.833 0.928 50 50
1430050 98.542 115.667 104.118 1.111 51 54
1431465 99.489 192.942 128.365 1.503 104 102
1432327 99.639 98.857 88.144 1.122 7 7
143372 99.814 121 91.65 1.32 11 10
1434582 98.671 129.75 135.894 0.955 8 8
143463 99.935 89.8 88.469 1.015 35 35
1436608 100 70.889 66.404 1.068 9 9
1437043 99.147 90 85.728 1.05 7 7
14378 99.535 98.6 87.914 1.122 10 10
1437901 99.718 176.84 143.713 1.231 25 24
1437902 99.677 72.125 67.362 1.071 40 41
1437903 99.541 105.222 73.681 1.428 9 9
1437906 99.721 151.286 138.496 1.092 7 8
1437910 99.877 99.9 96.57 1.034 10 10
1437912 99.748 133.056 128.822 1.033 18 19
1437913 99.811 112.077 101.757 1.101 13 13
1437920 100 156.688 127.903 1.225 16 16
1437931 99.451 176.028 156.752 1.123 108 105
1437936 99.501 105.085 95.08 1.105 657 661
1438750 99.662 90.75 91.532 0.991 8 8
1438979 99.677 81.5 82.271 0.991 10 11
1439316 96.5 165.833 161.162 1.029 6 6
1441745 98.558 141.25 145.073 0.974 8 8
1441878 99.772 93.295 87.761 1.063 44 44
1442305 99.684 90.295 86.964 1.038 78 78
1443270 99.686 153.534 151.215 1.015 58 58
1443486 91.486 6.189 138.414 0.045 53 54
1443487 93.431 9.176 113.585 0.081 17 20
1443606 99.627 46.256 71.503 0.647 164 167
1443792 94.827 9.143 73.943 0.124 35 50
1443953 99.388 184 162.963 1.129 5 5
1444188 99.15 108.375 124.111 0.873 64 66
1444244 99.555 97.533 95.206 1.024 15 15
1444311 96.528 90.8 77.539 1.171 5 5
144434 99.624 95.888 98.721 0.971 2123 2122
1445474 99.702 119.944 115.791 1.036 18 20
1448 98.054 153.565 150.238 1.022 23 23
1448237 99.63 73.8 69.849 1.057 5 5
1449728 99.542 91.92 99.333 0.925 25 25
1450680 99.308 131.308 127.677 1.028 13 13
1450815 99.341 89.827 91.832 0.978 156 157
145134 98.814 91.071 100.158 0.909 98 98
1451458 81.2 22 50.639 0.434 5 6
145177 99.023 64.533 76.586 0.843 30 30
145189 99.389 68.865 76.236 0.903 1313 1314
1452 97.479 98.5 88.488 1.113 44 44
1452220 98.737 88.585 94.117 0.941 53 53
1453000 100 158.375 141.351 1.12 8 8
1454 99.821 132.133 126.709 1.043 15 15
1454151 99.66 142.231 130.22 1.092 13 13
1454607 99.634 83.267 81.982 1.016 45 45
1454842 99.69 153.833 143.826 1.07 6 6
1455291 99.88 116.8 118.988 0.982 10 10
1455357 99.5 80 85.3 0.938 5 5
1456 98.602 117.375 95.474 1.229 48 48
1456754 99.74 141.857 120.074 1.181 21 20
1457109 98.926 79.593 104.407 0.762 86 88
1460579 98.211 112.818 105.096 1.073 11 11
1460675 99.185 79.133 80.771 0.98 30 30
1461231 96.648 145.333 138.617 1.048 12 12
1461811 99.644 100.158 86.718 1.155 19 19
146236 99.457 132.763 118.779 1.118 6038 6011
1462734 98.042 115 114.023 1.009 14 14
1463923 98.95 99.783 88.685 1.125 138 141
146420 99.482 97.14 79.707 1.219 629 629
1465605 99.678 109.283 98.984 1.104 46 46
14657 98.948 75.667 68.153 1.11 9 9
1465978 98.836 118.125 114.276 1.034 8 8
1466 98.397 113.667 111.149 1.023 6 6
1467850 99.619 77.114 79.42 0.971 35 36
1468150 98.03 89.561 90.806 0.986 114 3696
1469626 97.5 3.7 246.019 0.015 10 16
1469627 84.165 20.719 205.74 0.101 32 89
1469628 85.343 6.062 188.925 0.032 48 113
1469630 91.776 7.833 143.813 0.054 90 178
1469643 97.263 15.922 86.076 0.185 141 171
1469644 97.187 15.768 86.323 0.183 142 169
1469681 99.554 128.455 116.913 1.099 11 11
1469900 99.867 83.884 75.511 1.111 43 46
1469974 98.736 158.778 138.23 1.149 27 28
1470151 99.641 75.333 73.384 1.027 12 12
1470508 99.218 106.889 115.08 0.929 18 17
1470932 99.397 81.685 74.503 1.096 73 75
1471061 99.498 96.077 84.159 1.142 26 26
1471089 99.969 77.69 85.691 0.907 29 30
1471536 100 55 58.07 0.947 10 10
1471615 99.793 119.68 75.551 1.584 50 50
1471647 99.296 111.437 97.571 1.142 190 190
1471648 99.846 122.421 108.216 1.131 38 38
1471649 99.579 136 118.477 1.148 24 24
1471653 99.931 332.55 275.321 1.208 20 20
1471656 98.44 396.75 82.521 4.808 24 24
1471658 99.089 211.214 133.5 1.582 28 28
1471660 99.843 89.474 68.708 1.302 76 78
1471781 99.791 112.741 98.714 1.142 27 27
1471861 99.318 113.2 93.872 1.206 25 24
1471862 99.209 303.114 80.66 3.758 35 36
1471868 98.967 76.2 78.621 0.969 20 20
1472106 95.194 67.6 32.711 2.067 5 4
1472108 93.663 58.9 51.921 1.134 10 11
1472112 89.8 341.385 83.57 4.085 13 11
1472113 89.975 515.207 77.237 6.67 29 25
1472150 86.395 890.891 91.841 9.7 110 106
1472155 92.975 75 79.844 0.939 8 9
1472172 86.381 1051.786 95.643 10.997 98 97
1472225 81.001 51.267 25.7 1.995 15 16
1472251 85.78 471.606 73.381 6.427 170 177
1472259 85.379 45.964 58.788 0.782 28 30
1472282 88.865 116.846 59.996 1.948 13 12
1472284 92.173 72 50.335 1.43 7 7
1472307 88.271 112 22.538 4.969 15 16
1472337 99.395 87.808 87.512 1.003 2426 2492
1472344 84.42 14.333 26.524 0.54 3 6
1472358 99.712 80.478 92.465 0.87 46 47
1472359 99.365 103.25 95.596 1.08 2969 3018
1472362 99.241 98.493 92.564 1.064 1295 1335
1472446 86.525 98.5 10.459 9.418 6 6
1472452 88.693 95.857 22.454 4.269 7 7
1472464 89.24 96 24.907 3.854 7 7
1472498 91.685 145.7 95.116 1.532 10 11
1472513 89.955 380.786 45.267 8.412 14 14
1472549 86.904 294.033 55.978 5.253 30 34
1472581 83.622 245.204 60.292 4.067 49 56
1472584 84.265 267.736 61.608 4.346 53 57
1472612 88.293 62.857 10.913 5.76 7 7
1472647 85.948 348.111 31.992 10.881 9 11
1472655 86.594 124.9 67.453 1.852 20 23
1472660 88.72 173 57.639 3.001 10 10
1472692 87.796 55.6 66.767 0.833 10 12
1472707 78.702 8.75 43.219 0.202 12 15
1472714 85.681 43.326 56.804 0.763 135 153
1472723 98.953 87.724 70.564 1.243 170 174
1472734 86.948 90.667 41.896 2.164 6 7
1472750 98.828 82.122 78.615 1.045 49 49
1472751 99.157 92.9 110.723 0.839 110 114
1472752 95.879 111.045 128.768 0.862 22 22
1472753 96.252 97.982 95.731 1.024 113 115
1472755 79.167 28.935 50.622 0.572 31 33
1472781 72.33 82.857 47.655 1.739 7 8
1472790 81.462 44.167 54.03 0.817 162 172
1472793 78.501 81.9 52.501 1.56 10 11
1472824 85.216 12.522 41.288 0.303 23 28
1472825 82.808 8.5 31.746 0.268 16 20
1472895 77.046 43.824 48.048 0.912 17 17
1472957 89.308 54.077 58.124 0.93 13 15
1472969 89.294 96.625 16.265 5.941 16 16
1472970 91.57 101.188 21.164 4.781 16 16
1472973 86.054 117.077 30.071 3.893 13 13
1472977 89.651 98.4 14.965 6.575 15 15
1472978 90.552 92.059 21.117 4.36 17 17
1473026 83.042 48.6 37.566 1.294 5 5
1473035 81.373 26 25.567 1.017 13 17
1473084 99.756 107.95 117.223 0.921 40 41
1473104 89.692 126 51.448 2.449 15 15
1473105 85.751 63.167 16.007 3.946 18 18
1473115 90.593 94.429 58.35 1.618 7 7
1473121 92.09 147.167 45.629 3.225 12 12
1473123 90.831 79.152 54.519 1.452 46 47
1473145 84.729 112.631 42.007 2.681 65 64
1473166 83.4 141.26 55.061 2.566 73 73
1473173 91.258 128.222 66.532 1.927 9 10
1473221 84.471 43 33.019 1.302 11 11
1473246 98.316 126.031 96.974 1.3 5390 7435
1473247 96.49 120.654 81.765 1.476 81 80
1473252 91.219 176.611 42.273 4.178 18 17
1473259 84.655 108.81 64.481 1.687 21 21
1473276 86.536 92 12.296 7.482 8 8
1473290 87.862 83.565 26.199 3.19 23 23
1473301 78.287 68.75 19.136 3.593 8 8
1473316 79.311 14.5 36.36 0.399 8 9
1473329 96.126 140.054 99.127 1.413 93 93
1473336 98.992 142.083 119.68 1.187 12 12
1473756 78.552 49.375 18.704 2.64 8 8
1473758 81.967 48.333 23.753 2.035 9 9
1473806 81.474 68.222 39.636 1.721 9 9
1473898 94.848 32 41.788 0.766 9 13
1473933 99.811 83.364 96.134 0.867 11 12
1474 99.572 101.19 76.308 1.326 42 42
1474249 94.761 4.286 40.993 0.105 7 11
1474760 87.005 16 36.906 0.434 4 6
1474794 89.019 49.538 26.093 1.899 13 17
1474812 88.01 50.417 22.533 2.237 12 14
1474823 93.831 48 23.869 2.011 7 8
1474830 77.609 58.143 43.294 1.343 7 11
1474831 83.438 47.083 31.025 1.518 12 17
1474864 80.506 43 59.75 0.72 18 21
1474913 83.615 34 50.524 0.673 6 8
147507 99.051 80.545 70.814 1.137 11 11
1475505 80.477 52.429 13.283 3.947 7 7
1475526 88.884 77.444 39.554 1.958 9 9
1475599 95.166 80.667 63.286 1.275 9 9
1475608 88.958 85.6 10.42 8.215 5 5
1475642 90.696 58.2 9.06 6.424 5 5
1475657 90.726 57.6 8.841 6.515 5 5
1475763 83.31 39.222 40.621 0.966 9 9
1475777 91.672 269 79.035 3.404 10 10
1475881 87.542 134.3 34.24 3.922 20 18
1475883 87.716 359.733 64.869 5.546 30 28
1475884 87.199 54.667 35.42 1.543 9 9
1475897 84.853 47.667 10.823 4.404 6 6
1475898 88.272 377.136 77.107 4.891 22 20
1475899 88.339 376.136 77.107 4.878 22 20
1475916 89.185 298.048 41.925 7.109 21 19
1475927 97.857 88.87 106.66 0.833 23 23
1475943 87.038 70 74.188 0.944 6 6
1475953 97.363 90.3 114.475 0.789 10 10
1475954 99.101 115.08 103.09 1.116 25 26
1475988 87.286 57.417 17.31 3.317 12 12
1476131 90.265 74.25 58.641 1.266 8 12
1476224 85.357 118.778 17.913 6.631 9 9
1476281 86.316 90.769 15.771 5.755 13 13
1476337 84.123 307.769 40.945 7.517 13 12
1476357 85.682 301.294 68.493 4.399 17 18
1476359 84.583 446.938 72.614 6.155 177 183
1476381 82.571 456.613 68.49 6.667 204 207
1476428 82.396 355.589 50.184 7.086 163 165
1476429 89.179 329.317 62.503 5.269 82 83
1476466 80.836 414.146 52.107 7.948 130 128
1476471 98.695 72.697 84.084 0.865 33 33
1476481 81.684 436.806 63.041 6.929 93 89
1476506 83.211 133.059 46.954 2.834 51 52
1476514 48.773 21 41.336 0.508 3 5
1476529 89.028 87 18.439 4.718 6 6
1476539 96.183 74.917 64.42 1.163 12 12
1476583 84.924 100.875 21.336 4.728 8 8
1476584 87.513 75.8 29.728 2.55 10 10
1476597 83.676 51.889 12.555 4.133 9 9
1476628 82.619 45.571 12.861 3.543 7 7
1477037 94.923 72 108.885 0.661 7 7
1477212 99.4 72.647 67.485 1.076 17 17
1477799 99.238 110.571 104.149 1.062 14 14
1478 99.204 97.136 89.756 1.082 22 22
1479409 98.436 92.556 127.164 0.728 9 12
1479413 97.528 87.4 94.297 0.927 10 11
147946 99.584 95.083 83.072 1.145 289 289
1479618 97.814 78.933 105.151 0.751 15 16
1480024 92.5 31.6 101.297 0.312 10 44
1480144 94.974 61.286 115.12 0.532 7 9
1480146 95.834 52.875 115.12 0.459 8 9
1480741 96.706 10.769 77.94 0.138 26 31
1480743 96.695 9 80.58 0.112 22 29
1480744 95.596 12.235 81.313 0.15 17 25
1480748 95.355 9.8 78.633 0.125 15 26
1480757 99.107 9.5 96.225 0.099 14 15
1480760 100 8.167 91.227 0.09 12 14
1480761 100 7.615 91.227 0.083 13 14
1480765 99.941 181.833 179.796 1.011 30 35
1480773 100 10 100.801 0.099 10 12
1480783 94.955 11.923 78.486 0.152 13 17
1480789 95.714 4.75 90.807 0.052 8 8
1480927 84.636 6.143 98.739 0.062 14 75
1480929 86.461 5.051 95.043 0.053 39 207
1480930 90.275 5.434 97.303 0.056 53 220
1480945 99.399 106.266 98.922 1.074 222 1486
1481671 98.811 69.396 113.11 0.614 164 168
1481673 97.3 72.832 113.379 0.642 149 159
1481674 97.421 72.118 113.38 0.636 152 162
1481676 97.939 73.388 113.78 0.645 152 161
1481677 98.065 76.722 112.806 0.68 151 162
1481688 98.331 48.111 99.96 0.481 18 25
1481689 98.351 32.846 97.866 0.336 13 20
1481692 99.088 38.538 83.496 0.462 26 34
1481917 98.723 57.444 93.089 0.617 9 10
148235 73.157 25.304 91.19 0.277 171 208
14826 99.539 204.911 147.91 1.385 56 56
1483078 99.227 70.5 71.354 0.988 12 12
1483533 99.517 108.442 103.909 1.044 43 44
1483548 99.279 110 106.495 1.033 14 14
1483844 99.621 147 97.288 1.511 8 7
1484353 100 72.5 70.094 1.034 6 6
148475 99.187 157.833 145.754 1.083 12 12
148479 97.34 60.143 59.724 1.007 7 7
1485300 85.111 27.846 84.205 0.331 13 14
1486 99.344 135.25 123.168 1.098 8 8
148618 99.531 195.375 137.359 1.422 8 8
148619 98.49 121.05 110.283 1.098 20 20
148623 98.907 119.25 92.572 1.288 32 38
148627 99.564 152.286 103.274 1.475 7 7
1486287 99.832 131.391 117.143 1.122 23 23
1490013 99.611 85.75 79.275 1.082 16 16
1490804 99.513 112.921 90.175 1.252 544 550
1492920 99.898 108.143 87.692 1.233 14 14
1493868 98.784 57.185 69.976 0.817 287 288
1494231 98.579 113.35 111.09 1.02 314 320
1495 99.381 89.056 76.217 1.168 18 18
1495258 99.875 115.923 114.429 1.013 13 13
1496 96.744 134 108.16 1.239 7 7
1496964 NA NA NA NA NA NA
1497016 99.359 53.364 68.897 0.775 44 45
1497057 99.017 67.356 79.382 0.849 45 46
1497086 99.162 69.5 90.628 0.767 8 8
1497937 99.219 106.259 116.212 0.914 58 58
1499521 99.74 82.873 81.225 1.02 110 110
1500008 97.588 87.056 124.548 0.699 36 36
1500227 99.754 65.4 63.368 1.032 5 5
1500630 80.042 26.6 70.491 0.377 10 10
1500933 99.683 69.333 62.122 1.116 3 3
1503672 99.864 101.739 107.15 0.95 23 24
1504038 99.003 78.895 69.046 1.143 19 19
1504323 81.403 12 121.169 0.099 15 34
1505 100 78.357 75.636 1.036 14 14
1505011 99.176 98.714 105.454 0.936 7 7
1505906 99.776 150.8 147.215 1.024 5 4
1505932 99.515 151.833 139.66 1.087 6 6
1505950 99.523 158.1 146.167 1.082 40 41
1505957 99.684 105.833 72.042 1.469 12 13
1505971 98.964 124.429 126.027 0.987 14 14
1505979 99.499 131.722 121.661 1.083 18 18
1506234 99.28 94.357 90.182 1.046 14 14
1508620 99.39 117.857 101.643 1.16 14 14
1509279 99.97 159.889 137.169 1.166 9 9
1509431 99.969 116.182 120.892 0.961 11 11
1510048 99.574 122.1 128.474 0.95 20 20
151092 99.214 90.529 107.548 0.842 17 17
1511208 99.914 77.5 76.378 1.015 16 16
1512240 99.085 67.7 74.525 0.908 20 20
1512273 99.359 64.429 68.707 0.938 14 14
1513751 98.522 71.111 74.248 0.958 9 9
1514719 99.941 95.111 83.939 1.133 9 9
151513 99.45 112.645 105.585 1.067 31 31
1515560 100 80 74.751 1.07 5 5
1516058 69.792 13.607 72.246 0.188 28 28
1516060 70.705 43.594 104.474 0.417 160 160
1516613 99.83 71.2 81.053 0.878 5 6
1517463 100 48.667 62.798 0.775 9 9
1519 98.637 99.877 74.766 1.336 204 204
1519049 84.723 57.657 95.845 0.602 35 36
1519180 99.869 35.539 32.361 1.098 1101 1120
1519747 99.606 108 79.428 1.36 9 9
1520322 99.107 94.676 75.496 1.254 37 38
1520695 98.466 83.091 93.896 0.885 11 11
1520804 99.566 114.2 104.283 1.095 10 10
1522398 100 73 76.982 0.948 9 9
1522481 99.82 99.697 95.755 1.041 33 33
1523111 86 4 141.927 0.028 5 6
1523175 100 97.667 153.862 0.635 3 5
1523791 99.874 108.222 103.06 1.05 9 11
1524554 99.168 176.462 126.96 1.39 13 13
1524603 97.815 91.889 76.075 1.208 18 18
1524613 99.519 122 106.88 1.141 30 30
1524718 99.497 190.304 150.917 1.261 23 23
1524720 96.668 140.667 117.673 1.195 27 27
1524735 99.598 127.627 87.917 1.452 75 75
1524940 99.714 180 182.579 0.986 10 9
1525027 98.157 163 139.034 1.172 7 7
1525106 99.464 144.4 117.693 1.227 10 10
1525146 96.601 85.12 77.794 1.094 25 25
1525657 99.736 80.333 86.656 0.927 63 63
1526311 99.298 128.168 113.751 1.127 3189 3261
1527046 95.492 89.471 143.85 0.622 17 22
1527049 95.634 5 99.184 0.05 9 39
1527816 82.774 19 106.12 0.179 5 5
1527906 69.995 15.714 96.885 0.162 21 48
1527907 90.101 6 81.692 0.073 11 14
1527940 80.502 8.333 57.633 0.145 6 7
1528213 98.317 7.222 161.59 0.045 9 12
1528960 74.11 15.333 72.007 0.213 9 10
1528981 71.094 5.75 56.119 0.102 12 39
1529679 99.634 100.667 115.188 0.874 9 9
152991 99.419 75.792 64.999 1.166 24 24
1530003 99.318 53.75 41.624 1.291 16 16
1530040 72.521 6 76.279 0.079 10 11
1530041 66.937 11.077 103.217 0.107 26 33
1530214 97.375 93 167.823 0.554 13 13
1530793 72.661 37.105 62.674 0.592 19 21
1531002 75.089 20.667 61.546 0.336 9 9
1531013 80.037 13.5 62.224 0.217 18 20
1531044 98.877 80.078 115.653 0.692 51 51
1531598 56.221 16.297 90.6 0.18 158 242
1531600 63.145 16.04 151.899 0.106 25 27
1531605 93.761 26.857 52.919 0.508 7 8
1531609 69.402 12.269 83.689 0.147 26 31
153433 98.592 47.083 44.462 1.059 12 12
1534789 99.668 143.8 125.249 1.148 5 5
1535168 76.067 18.03 93.296 0.193 33 34
1535171 79.333 4.7 69.773 0.067 10 10
1535172 64.238 7.7 67.385 0.114 10 10
1535309 78.902 29.462 68.252 0.432 13 17
1535310 76.126 6.7 59.782 0.112 10 14
1535311 85.191 22.733 70.867 0.321 15 17
1535312 78.523 9 76.339 0.118 18 23
1535688 98.72 98.25 97.089 1.012 8 8
153586 99.839 89.889 98.274 0.915 9 9
1537014 83.372 41.2 366.738 0.112 5 5
1537018 83.635 25.6 181.841 0.141 10 13
1537414 99.822 142.786 125.571 1.137 14 14
1538045 99.944 91.889 90.682 1.013 9 9
1538393 99.613 96.842 89.617 1.081 38 38
1539091 99.613 90.633 85.956 1.054 109 111
1539647 98.534 56.562 92.131 0.614 16 17
1540141 97.098 35.556 174.001 0.204 9 46
1540223 99.855 81.587 89.714 0.909 75 76
1540596 98.529 89.19 91.192 0.978 21 21
1540966 99.323 72.85 60.563 1.203 20 20
1541704 73.981 8.571 100.888 0.085 21 28
1541799 100 92.5 126.992 0.728 10 10
1543509 77.677 7.312 88.556 0.083 16 25
1543556 99.1 70.2 81.382 0.863 25 24
1543559 99.817 71.714 92.117 0.779 7 7
1543676 83.712 8.778 94.812 0.093 9 11
1543828 74.31 12.464 96.13 0.13 56 218
1543830 77.938 6.264 96.159 0.065 53 218
1543831 88.335 38.842 129.016 0.301 19 23
1544126 96.222 66.375 71.993 0.922 8 8
1544255 100 56.75 163.629 0.347 8 19
154428 98.766 161.429 122.682 1.316 7 7
1544598 99.91 100.364 97.332 1.031 11 11
1546665 98.7 105.478 92.191 1.144 46 46
1546971 98.949 102.778 91.572 1.122 9 9
1547130 100 183.2 139.85 1.31 10 10
1547136 94.48 149.5 104.851 1.426 2 2
1547137 98.557 113.189 88.502 1.279 37 38
1547139 96.295 106.75 74.498 1.433 4 4
1547142 99.573 83.333 62.807 1.327 15 15
1547159 100 71.75 58.807 1.22 4 4
1547165 98.156 72.6 59.316 1.224 5 5
1547166 99.89 164 121.515 1.35 7 7
1547169 99.889 92 78.26 1.176 60 61
1547175 99.663 163.889 167.973 0.976 9 10
1547196 100 67.75 57.812 1.172 4 4
1547197 99.697 75.7 67.414 1.123 10 10
1547205 99.886 111.2 88.53 1.256 5 5
1547206 100 107.25 99.8 1.075 4 4
1547223 99.337 96 76.198 1.26 3 3
1547243 93.75 77.333 113.252 0.683 3 4
1547244 99.77 97 111.892 0.867 3 4
1547245 88.428 60 116.78 0.514 6 6
1547254 100 89.333 65.271 1.369 3 3
1547258 100 118.25 82.05 1.441 4 4
1547263 100 145.143 105.466 1.376 7 7
1547264 95.716 220.571 175.919 1.254 7 7
1547266 99.275 142.188 122.484 1.161 16 16
1547279 98.476 107.714 94.057 1.145 7 7
1547283 100 85.667 71.729 1.194 3 4
1547318 98.767 90.897 68.76 1.322 29 28
1547324 100 48 30.5 1.574 3 3
1547343 98.53 40.25 38.481 1.046 4 4
1547345 99.341 79.7 65.782 1.212 10 10
1547346 99.699 82.25 60.308 1.364 16 17
1547454 99.84 337.667 369.333 0.914 3 3
1547498 99.292 90.919 72.587 1.253 221 221
1547503 98.721 92 86.286 1.066 12 12
1547530 96.163 103.25 85.705 1.205 12 12
1547568 99.64 86 75.183 1.144 5 6
1548087 NA NA NA NA NA NA
1548707 99.156 69.9 81.663 0.856 20 20
1550618 100 100 82.376 1.214 3 4
155102 98 33.2 43.334 0.766 5 5
1551989 100 149.143 144.492 1.032 7 7
1552489 99.795 69 76.031 0.908 24 24
1552515 99.567 69.425 69.38 1.001 40 40
1552518 98.927 72.688 87.084 0.835 16 16
1552520 99.491 125.476 132.164 0.949 21 21
1552544 99.226 81.48 85.257 0.956 302 307
1552547 99.846 106.852 104.078 1.027 1457 1399
1552709 83.265 13.591 82.423 0.165 22 22
1552712 81.488 24.714 93.793 0.263 28 28
1552715 84 13.533 81.716 0.166 15 15
1552724 74.999 5.667 67 0.085 9 10
155344 99.897 70.421 72.249 0.975 19 19
1554303 99.59 85.815 80.775 1.062 27 27
1554418 99.415 96.033 92.245 1.041 719 723
1554691 99.794 74.431 79.851 0.932 58 57
1556083 99.913 86.643 78.16 1.109 14 14
1556998 99.783 255.883 248.866 1.028 290 287
1557187 99.5 104.475 104.242 1.002 162 165
1558108 99.701 586.31 534.551 1.097 29 30
1558678 97.882 85.231 74.655 1.142 13 14
1559002 99.671 81.845 75.098 1.09 129 129
155952 99.676 107.094 97.567 1.098 234 233
1560157 96.805 108.333 106.665 1.016 6 6
15608 100 82.889 71.797 1.154 9 9
1561372 99.164 109.33 108.419 1.008 97 97
1561386 99.422 59.895 70.285 0.852 57 58
1561396 99.78 104 117.232 0.887 7 7
156311 100 72.733 78.388 0.928 15 15
1563679 99.18 119.562 108.315 1.104 32 32
1563700 99.784 81.412 73.68 1.105 17 17
1563701 99.743 103.533 97.915 1.057 15 15
1563717 90.62 64 76.57 0.836 1 2
1564315 98.272 93.833 94.493 0.993 30 30
1565023 99.54 110 111.2 0.989 5 5
1566984 99.901 86.857 77.443 1.122 7 7
1568041 74.181 7.725 111.777 0.069 120 252
1568042 70.82 5.488 103.812 0.053 82 231
1568043 95.995 6.103 110.971 0.055 97 235
156836 99.41 96.4 93.786 1.028 10 10
1568370 99.85 86.037 90.378 0.952 27 28
1569567 99.479 155.077 147.15 1.054 13 16
1569924 64.885 24.983 13.849 1.804 60 63
157 6.806 154.62 69.529 2.224 184 8
1570379 99.752 83.982 93.019 0.903 56 58
1570771 99.516 127.63 117.037 1.091 392 394
157187 99.116 132.143 103.694 1.274 14 14
1572006 99.962 152.333 152.385 1 21 21
1573931 99.512 97.622 82.445 1.184 225 228
1573934 99.871 152.714 103.49 1.476 7 8
1573956 97.687 97.8 72.049 1.357 10 10
1574757 100 70 63.789 1.097 10 11
1574763 99.003 88.473 97.786 0.905 148 148
1574765 98.778 123.104 106.4 1.157 48 48
1574767 95.993 103.583 109.765 0.944 12 14
1574770 98.427 107.971 106.12 1.017 104 105
1574771 96.899 73.357 92.03 0.797 14 15
1574774 98.69 103.714 108.566 0.955 7 7
1574777 99.221 73.385 68.264 1.075 13 16
1575811 99.417 100.8 101.593 0.992 50 51
1575817 99.898 186 171.644 1.084 8 8
1576215 100 59.5 65.591 0.907 6 6
1576481 99.598 105.84 108.9 0.972 2628 2657
1576527 99.618 107.814 109.03 0.989 2617 2645
1577475 96.414 98.368 100.138 0.982 19 19
1578213 99.774 106.8 72.274 1.478 30 32
1580342 99.838 90.667 88.499 1.024 9 9
158083 99.246 97.433 82.326 1.183 67 67
1580848 100 84 92.269 0.91 5 5
1581128 99.636 64.811 75.041 0.864 37 38
1581439 99.921 81.857 86.558 0.946 7 7
1582051 99.674 88.357 108.216 0.816 14 15
1582059 99.31 146.229 121.734 1.201 48 51
1582060 99.904 91.8 88.568 1.036 45 47
1582064 99.644 84.118 80.668 1.043 17 17
1582069 99.936 57.412 58.402 0.983 17 17
1582073 99.026 110.714 86.037 1.287 7 7
1582080 99.523 114.524 86.813 1.319 21 21
1582085 99.468 77.231 74.326 1.039 26 26
1582089 98.628 136.778 144.985 0.943 9 9
1582094 99.798 110.444 101.978 1.083 9 10
1582099 99.523 108.841 87.713 1.241 44 45
1583371 99.744 101.81 100.189 1.016 21 21
1584521 99.968 175 158.062 1.107 9 9
1584889 99.541 130.267 123.411 1.056 15 16
1585248 99.725 105.334 100.523 1.048 698 709
1585282 99.627 168.222 189.161 0.889 9 9
1585283 80.615 103 117.979 0.873 10 49
1585414 99.886 84.5 83.485 1.012 54 57
1585428 99.071 123.8 134.619 0.92 10 10
1585452 99.56 101.738 100.7 1.01 42 42
1585453 99.423 108.714 120.886 0.899 7 7
1585511 99.885 68.167 68.442 0.996 6 6
1585902 100 82.2 79.941 1.028 5 6
1586249 100 157.353 121.073 1.3 17 21
1586348 99.897 84.182 78.35 1.074 22 22
1588013 98.454 98.424 89.953 1.094 85 85
1589892 100 73.875 79.246 0.932 8 8
1590276 100 66 63.532 1.039 6 6
1590336 99.584 79.914 72.431 1.103 35 36
1590337 100 106.7 104.012 1.026 10 11
1590350 99.591 89.786 81.174 1.106 14 14
1590384 98.615 111.698 99.901 1.118 53 53
1590648 98.892 103 82.277 1.252 30 31
1591419 99.819 64.297 62.018 1.037 37 37
1593347 99.436 83.871 85.247 0.984 565 570
1593763 94.199 67.781 74.428 0.911 32 32
1594293 99.823 88.724 88.387 1.004 76 77
1594404 99.642 111.824 103.953 1.076 17 16
1594968 100 76 76.173 0.998 6 6
1597094 99.552 111.5 121.827 0.915 20 20
1597489 98.117 84.467 104.553 0.808 15 16
1597767 99.27 85.906 88.865 0.967 32 32
1597882 99.334 84.125 87.652 0.96 16 16
1597886 99.793 124.667 154.148 0.809 12 13
1597897 99.287 121.188 121.549 0.997 16 16
1597910 99.265 78.294 82.224 0.952 17 17
1597912 99.917 114.429 121.969 0.938 14 14
1597934 98.767 56.429 63.852 0.884 7 7
1597976 94.581 56.059 87.092 0.644 17 18
1598048 99.659 158.478 153.802 1.03 23 24
1598051 100 100 100.028 1 5 5
1598084 98.548 79.375 74.756 1.062 8 8
1598192 99.411 82.143 91.976 0.893 7 7
1598209 97.136 60 59.683 1.005 7 8
1598227 88.768 98.167 115.855 0.847 6 6
1598242 100 93.571 102.299 0.915 7 7
1598289 98.137 80.857 107.817 0.75 7 7
1598306 99.083 80.143 83.981 0.954 7 7
1598351 97.954 95.056 97.179 0.978 18 18
1598369 96.168 163.667 208.628 0.784 6 6
1598375 99.883 127.167 154.46 0.823 6 6
1598411 98.805 81.941 108.145 0.758 17 17
1598456 97.63 71.444 71.702 0.996 9 9
1598500 99.156 89.286 107.64 0.829 14 14
1598516 100 89.167 79.902 1.116 6 6
1598525 94.193 141 154.121 0.915 9 9
1598612 75.762 22.638 98.118 0.231 105 106
1599554 98.398 67.385 90.084 0.748 13 13
1600177 99.541 96.062 99.269 0.968 32 33
1600425 99.173 64 68.894 0.929 13 13
1600752 98.703 59.111 63.475 0.931 9 9
160106 99.669 90.971 85.821 1.06 34 34
1601089 98.988 67 60.497 1.107 11 11
1601344 99.448 100.774 97.241 1.036 461 466
1601731 100 85.111 99.717 0.854 9 9
1601776 99.333 96.043 92.168 1.042 47 47
1604223 99.742 78.25 90.784 0.862 12 12
1604499 99.66 101.5 100.434 1.011 50 50
1605108 99.73 119.15 141.882 0.84 319 323
1605149 99.582 86.678 86.659 1 1901 1938
1605569 99.908 58.176 78.637 0.74 17 17
1606308 99.537 86.143 90.482 0.952 35 35
1606317 99.597 77.698 93.456 0.831 43 43
160776 99.675 116.648 113.494 1.028 54 54
1608208 99.225 93.083 82.515 1.128 12 12
1608447 100 105.8 111.089 0.952 10 10
1608456 99.873 73.222 68.941 1.062 9 9
1608653 98.124 114.235 119.468 0.956 17 17
1609417 99.128 83.375 79.534 1.048 8 9
1609840 99.686 95.659 95.58 1.001 2740 2695
1611462 99.848 106 98.649 1.075 15 15
1611512 99.928 129.412 110.842 1.168 17 17
1611957 99.704 84 80.242 1.047 11 11
1612 97.46 150.288 111.564 1.347 52 52
1612666 95.324 18.304 95.026 0.193 23 23
1612669 92.235 14.864 85.016 0.175 22 23
1612676 99.527 61.1 86.794 0.704 10 11
1612752 99.591 73.635 100.444 0.733 52 53
1612866 99.222 46.231 58.515 0.79 13 13
1613210 72.168 8.615 87.639 0.098 13 14
1613229 59.081 13.863 58.333 0.238 95 155
1613818 96.776 88.906 78.512 1.132 32 32
1614083 97.211 111.364 97.086 1.147 11 11
1614193 99.494 141.571 113.636 1.246 14 14
1616061 99.532 109.688 108.453 1.011 2726 2758
1616211 99.915 78.088 91.862 0.85 34 34
1616371 99.745 98.806 107.159 0.922 72 73
161724 99.659 65.6 56.636 1.158 15 15
1617689 99.324 87.889 87.278 1.007 72 73
1618090 74.693 17.987 99.408 0.181 75 75
1619796 100 129.273 107.975 1.197 11 11
162016 98.591 69.575 78.606 0.885 73 73
1620195 99.564 75.318 82.028 0.918 22 23
1620216 97.222 99.875 66.767 1.496 8 7
1620371 88.009 94.211 138.274 0.681 19 25
162111 99.791 203 212.911 0.953 7 7
1621269 62.574 20.612 110.87 0.186 67 116
1621270 76.05 13.667 110.828 0.123 12 13
162144 99.907 93.474 93.641 0.998 19 19
162152 99.699 80.524 76.311 1.055 42 42
1622511 90.502 17.833 135.323 0.132 12 13
1623683 99.683 67.113 65.48 1.025 71 71
162403 99.773 137.706 130.931 1.052 17 17
1624068 99.692 74.105 74.367 0.996 19 19
1624967 99.582 69.429 88.382 0.786 21 22
162544 99.797 123.714 112.254 1.102 14 15
1626249 99.685 114.615 109.692 1.045 26 26
1626923 98.508 50 56.669 0.882 5 5
1629058 99.792 64.5 61.334 1.052 12 12
1629660 99.927 240.771 99.77 2.413 48 47
1630232 99.566 108.333 115.05 0.942 12 12
1630552 88.778 15.1 53.225 0.284 10 10
1630635 99.478 123.481 129.439 0.954 54 54
1632 96.215 6.25 133.816 0.047 8 8
163312 99.229 80 60.372 1.325 16 16
163322 99.682 81.818 69.744 1.173 22 22
163332 99.237 117.314 108.868 1.078 86 86
16345 99.774 138 140.891 0.979 11 11
1634970 96.826 101.872 89.351 1.14 39 39
1635048 99.58 121.734 120.734 1.008 79 81
1635061 99.899 143.857 127.021 1.133 14 14
163539 98.353 73.412 79.12 0.928 34 34
1635718 99.864 79.5 94.973 0.837 10 11
1635832 99.132 72 79.25 0.909 60 61
163705 99.53 96.77 109 0.888 2647 2645
163706 99.651 100.088 109.018 0.918 2647 2644
1638975 76.948 39.346 12.867 3.058 26 26
1640 91.444 23.2 109.091 0.213 20 26
1640166 100 105.4 90.171 1.169 10 10
1640279 99.852 144.375 131.646 1.097 8 9
164112 99.696 35.19 30.69 1.147 116 116
1641522 100 82.9 88.213 0.94 10 10
1641541 100 72.75 115.708 0.629 4 4
1641612 99.598 75.917 76.858 0.988 12 12
1642 89.66 11.973 97.635 0.123 37 45
1642120 99.734 122.217 97.323 1.256 23 23
1643 87.547 9.96 98.185 0.101 25 30
1643148 99.027 121.364 110.438 1.099 11 12
1643514 99.043 65.436 72.138 0.907 55 55
1643595 99.591 109.545 113.144 0.968 11 12
1645 83.518 4.556 99.127 0.046 9 11
NA NA NA NA NA NA NA
1645972 99.101 105.191 102.646 1.025 157 158
1646228 99.482 98.655 97.644 1.01 139 139
1647 90.364 49.556 111.412 0.445 27 27
1647360 99.564 124.286 98.156 1.266 7 8
1647363 99.552 150.912 154.391 0.977 814 827
1647393 99.651 67.143 61.392 1.094 7 7
1647460 99.427 101.438 81.731 1.241 1030 1043
164768 99.942 191.714 186.116 1.03 28 28
1647829 87.409 19.286 127.657 0.151 7 7
1647830 90.539 48.333 102.575 0.471 12 12
164823 95.74 67.345 92.53 0.728 29 29
165085 99.516 71.619 72.127 0.993 42 42
1651306 99.523 98.095 91.767 1.069 5593 5677
1651348 99.356 100.212 99.489 1.007 33 33
1652 89.489 21.272 98.519 0.216 125 127
16526 99.705 94.348 98.704 0.956 2120 2118
165281 99.897 72.133 69.5 1.038 15 15
1653 86.457 20.067 111.489 0.18 15 15
1653344 98.046 109 94.965 1.148 8 8
1653635 80.288 77.5 37.295 2.078 6 6
165679 99.687 114.231 107.262 1.065 13 13
1658173 99.504 98.689 103.128 0.957 61 61
1658273 99.448 85.846 80.279 1.069 26 26
1659688 98.544 67.375 75.871 0.888 8 9
166 14.066 210.09 116.178 1.808 199 9
1660208 99.823 96.864 86.515 1.12 22 22
1661748 99.642 71.4 83.298 0.857 5 5
1662503 97.308 40.882 66.834 0.612 17 19
1662581 98.773 75.625 112.453 0.673 8 8
1662630 99.613 67.238 89.511 0.751 63 63
1662991 99.304 105.118 107.028 0.982 34 35
1663221 100 106.333 124.088 0.857 3 3
1663553 99.566 75.643 69.001 1.096 14 14
1664541 99.702 115.5 107.126 1.078 12 12
1664877 99.599 84.439 82.188 1.027 269 272
1664878 99.087 180 156.31 1.152 11 11
1665082 99.886 168.083 144.064 1.167 12 13
166565 89.052 82.452 119.967 0.687 73 74
166600 98.468 122.375 112.721 1.086 8 8
1667887 99.75 118.192 119.983 0.985 26 25
1668066 99.236 124.778 130.781 0.954 9 9
1668895 98.679 110.45 121.612 0.908 20 20
1669158 99.401 105.742 109.072 0.969 2613 2644
166934 99.69 91.708 88.569 1.035 24 24
1670780 99.064 79.238 85.829 0.923 105 107
167284 99.858 152.455 126.908 1.201 11 11
167303 99.78 135.627 114.044 1.189 67 66
1673249 99.272 97.834 84.377 1.159 296 306
1673406 99.323 115.265 121.919 0.945 83 86
1673423 99.565 97.959 94.337 1.038 934 949
1673425 99.44 101.848 93.409 1.09 9390 9560
1673431 97.975 85.467 84.352 1.013 15 15
1673432 99.286 96.036 89.776 1.07 1165 1180
1674 99.392 101.375 65.282 1.553 8 8
1674048 99.482 100.444 109.653 0.916 1309 1337
1674102 99.065 92.111 93.35 0.987 54 55
1674135 98.75 153 156.909 0.975 27 27
1674262 99.481 77.271 80.07 0.965 225 228
1674263 99.09 126.492 91.704 1.379 254 261
1674265 100 108.4 104.481 1.038 5 5
1674481 99.4 141.68 133.876 1.058 512 521
1674484 98.885 87.278 85.571 1.02 18 18
1674769 99.453 112.6 111.743 1.008 20 19
1674782 99.421 91.756 93.714 0.979 742 750
1674917 99.892 104.864 105.318 0.996 22 22
1675173 99.512 105.821 96.763 1.094 229 233
1675232 99.935 157.833 117.48 1.343 6 6
1675920 100 104.778 99.514 1.053 9 9
1679521 97.334 127.241 95.894 1.327 29 29
1679603 99.51 142.722 124.515 1.146 79 79
1679609 99.663 95.667 89.795 1.065 9 9
1679822 99.518 152.75 125.364 1.218 20 20
1679833 99.675 122.613 98.439 1.246 2248 2271
1680715 73.736 6.48 87.83 0.074 25 28
1680719 80.436 11.933 98.296 0.121 15 15
1680720 63.344 14.609 101.598 0.144 23 24
1681095 99.423 89.393 83.124 1.075 28 28
1681202 99.387 92.5 91.506 1.011 14 14
1681838 99.77 97.278 83.078 1.171 18 18
1683938 86.452 5.206 86.889 0.06 321 918
1684184 99.134 90.284 79.974 1.129 1420 1452
1684322 99.648 205.379 184.886 1.111 87 89
1684784 99.78 102.585 84.634 1.212 65 65
1686155 99.641 59.295 69.797 0.85 44 44
168617 99.632 82.125 98.33 0.835 8 8
1686593 97.618 85.5 86.424 0.989 6 10
168674 99.843 112.778 130.163 0.866 9 9
1686812 99.887 86.211 86.542 0.996 19 19
168695 81.324 36.682 88.01 0.417 85 210
1687212 98.718 94.762 101.048 0.938 21 21
1687872 99.158 118.636 106.279 1.116 11 11
1688647 98.943 98.481 91.247 1.079 27 28
1690234 99.8 98.167 106.136 0.925 6 6
1690894 76.928 466.2 78.237 5.959 5 5
1691094 84.782 11.083 81.828 0.135 12 14
1691096 62.767 9.932 99.736 0.1 74 99
1691100 69.489 18.9 57.431 0.329 40 44
1691102 91.06 61.44 68.574 0.896 25 27
1691525 99.279 227.975 117.329 1.943 80 83
1691539 99.712 129.629 112.705 1.15 35 36
1691562 99.33 107.667 96.903 1.111 27 27
1691799 89.893 62.913 85.248 0.738 23 24
1691913 99.644 88.75 61.529 1.442 20 20
169258 98.656 99.043 96.02 1.031 23 23
1692795 99.588 117.579 105.5 1.114 19 21
1693174 98.525 86.5 84.42 1.025 6 6
169321 99.818 79.786 81.477 0.979 14 14
1694259 97.11 118.556 106.057 1.118 18 19
1694902 99.617 131.933 125.422 1.052 15 14
1695032 99.682 94.941 95.035 0.999 17 17
1695180 86.905 5.5 83.238 0.066 14 17
1695362 81.927 9.375 85.953 0.109 16 23
1696270 99.721 123.484 125.023 0.988 31 32
1696336 99.863 112.364 67.684 1.66 22 23
1697 99.66 124 171.393 0.723 11 11
1697175 97.964 181.5 117.179 1.549 12 12
1697328 99.733 161.143 95.654 1.685 63 64
1697363 99.915 331 177.75 1.862 4 4
1697367 100 90.75 96.109 0.944 4 4
1697383 98.851 194.839 119.601 1.629 56 57
1697384 99.896 149 103.134 1.445 8 8
1697387 99.568 137.086 100.039 1.37 1333 1351
1697397 87.144 140.571 154.218 0.912 7 8
1697413 99.283 121.23 87.125 1.391 61 62
1697417 98.627 73.333 79.203 0.926 3 3
1697453 99.379 154.875 95.747 1.618 8 10
1697896 99.227 109.12 109.753 0.994 2831 2895
1698105 99.248 80.75 78.921 1.023 28 30
1698343 98.04 89.333 86.823 1.029 6 6
1698703 99.894 105 86.686 1.211 11 11
1698946 83.571 20 71.771 0.279 7 7
1699255 93.755 56.111 72.577 0.773 27 28
169940 99.705 78.611 78.482 1.002 18 18
1699419 98.716 98.556 89.592 1.1 9 9
1699520 99.44 122.35 99.111 1.234 20 21
1700423 83.667 8 75.51 0.106 13 14
170054 99.92 109.4 98.122 1.115 85 85
1700697 99.795 214.211 174.151 1.23 19 20
1701226 99.708 128.714 167.89 0.767 14 15
1701235 99.477 80.936 81.62 0.992 233 234
1701910 74.586 9.643 96.471 0.1 14 14
1702632 99.315 104.031 98.241 1.059 32 32
1703170 99.755 118.16 103.958 1.137 25 25
1703325 99.695 100.962 84.24 1.198 392 393
1703511 95.898 98 82.28 1.191 6 6
1703520 100 83 72.458 1.145 5 5
1703542 99.969 151.125 142.066 1.064 8 8
1703555 99.287 122.892 96.941 1.268 527 533
170474 99.212 97.4 92.409 1.054 15 15
1705034 99.771 97.484 92.138 1.058 31 31
1705092 99.697 124.188 108.115 1.149 16 16
1705102 99.661 78 74.643 1.045 12 12
1705219 99.767 59.846 58.849 1.017 13 13
170603 99.68 135.273 151.915 0.89 11 11
1706295 99.008 66.278 74.652 0.888 18 18
1706685 99.073 117.236 114.371 1.025 3292 3354
170823 99.888 84 84.412 0.995 10 10
1708799 99.702 100.195 83.28 1.203 1302 1308
17088 80.001 316.375 60.671 5.215 24 24
1708800 99.804 81.091 72.401 1.12 33 34
1708801 99.802 161.878 146.476 1.105 49 53
1710093 99.589 112.72 100.231 1.125 82 82
1711078 99.152 84.875 89.63 0.947 8 8
1711180 98.789 96.818 88.474 1.094 11 13
1711528 99.46 107.474 86.117 1.248 19 19
171155 99.516 85.524 79.393 1.077 252 252
171406 98.909 72.727 80.638 0.902 11 11
1714833 99.43 136 122.21 1.113 7 7
1714837 99.527 119.183 99.81 1.194 1812 1835
1715518 98.051 115.769 127.657 0.907 13 21
1715520 94.667 6.933 106.631 0.065 15 23
1715672 99.495 97.221 84.259 1.154 68 69
1717401 81.958 6.333 53.813 0.118 6 8
1718435 99.805 99.773 91.616 1.089 22 23
NA NA NA NA NA NA NA
1720805 99.733 102 96.867 1.053 9 9
1720844 90.386 61.846 84.931 0.728 13 76
1720989 98.258 129.75 133.476 0.972 12 12
1721273 94.634 48.722 87.552 0.556 18 19
1722200 99.527 105.771 118.744 0.891 5901 6014
1722902 78.327 20.357 98.713 0.206 14 25
1722904 70.133 7.667 100.816 0.076 24 33
1723363 99.932 101.562 79.604 1.276 32 32
1723774 98.25 125.6 149.028 0.843 5 5
1724184 98.274 83.191 90.411 0.92 47 50
1724222 99.377 77.667 89.487 0.868 6 6
1724231 99.276 80.18 77.969 1.028 61 61
1725703 99.859 92.2 85.098 1.083 10 10
1726778 99.644 79.889 159.257 0.502 9 9
1727508 99.456 107 88.773 1.205 8 8
1727742 80.808 57.5 49.837 1.154 10 14
1728035 98.762 102.308 102.549 0.998 13 13
1728625 99.673 94 94.443 0.995 11 11
1728627 100 109.167 103.888 1.051 12 14
1728660 99.683 71.045 72.253 0.983 66 67
1728664 99.817 121.111 137.26 0.882 36 36
1728670 99.837 145.577 121.157 1.202 26 27
1728672 99.344 70.364 71.908 0.979 22 23
1728674 99.622 98.786 87.622 1.127 28 29
1728676 98.56 112.426 92.577 1.214 54 55
172906 99.77 127.111 104.023 1.222 18 18
172966 98.46 104.932 86.183 1.218 59 59
1729995 99.872 83.308 81.688 1.02 13 14
1730316 98.718 51.167 54.754 0.934 6 7
1730569 99.285 82.634 79.602 1.038 131 131
1731293 99.335 128.127 105.364 1.216 2081 2141
1731655 99.771 151.222 130.803 1.156 9 9
173168 99.118 157.25 144.584 1.088 8 8
173171 99.398 103.538 98.985 1.046 13 13
173228 99.021 84.683 78.346 1.081 265 265
1732362 99.821 83.923 84.728 0.99 13 13
1732796 99.505 134.471 120.442 1.116 289 288
1733134 99.514 124.633 109.249 1.141 2616 2647
1733565 99.723 89.178 81.82 1.09 1230 1235
173389 98.995 114.533 112.676 1.016 15 15
173460 99.579 130.333 123.157 1.058 9 9
1734913 99.111 113.565 100.139 1.134 23 22
1735043 78.125 31.972 103.697 0.308 36 50
1735046 98.29 13.976 108.265 0.129 41 48
1735500 99.599 99.909 82.45 1.212 11 11
173720 99.233 336 308.598 1.089 11 11
1737871 99.457 113.156 98.31 1.151 64 65
1739045 99.648 89.676 94.178 0.952 37 37
1739559 99.485 71.142 88.715 0.802 6533 6650
173962 99.411 91.333 88.432 1.033 9 9
1740274 73.78 39.154 25.538 1.533 13 13
1740387 96.045 94.407 90.232 1.046 54 54
1741178 98.62 87.091 81.191 1.073 77 78
1741243 98.103 58.667 65.041 0.902 6 6
1741311 95.995 96.25 100.052 0.962 12 12
1741352 98.578 104.511 113.639 0.92 3208 3256
1742 99.451 90.002 78.785 1.142 559 559
1742030 96.452 199.6 193.898 1.029 5 5
1742583 99.454 110.625 120.748 0.916 16 16
1743223 98.554 128.4 116.065 1.106 5 5
1743312 98.65 63.111 64.634 0.976 9 9
1744235 90.053 6.376 123.621 0.052 125 327
1744237 88.936 5.386 123.586 0.044 101 327
1744259 88.81 3.429 141.178 0.024 7 10
1744667 56.735 14.933 137.562 0.109 15 16
1745623 95.693 113.167 97.127 1.165 6 7
1746318 99.915 79.636 75.467 1.055 11 11
1746404 99.916 107.571 90.38 1.19 7 7
1746483 72.432 7.553 89.877 0.084 94 303
1746485 69.646 6.137 92.882 0.066 73 336
1746486 80.282 9.5 155.14 0.061 16 21
1746607 99.542 77.875 65.28 1.193 8 8
1747086 99.369 80.182 86.349 0.929 22 22
174713 99.59 89.1 89.741 0.993 20 20
174796 99.531 105.429 97.674 1.079 7 7
1753483 99.382 71.724 88.741 0.808 6521 6651
1753594 100 94.727 94.576 1.002 11 12
1753696 99.69 89.429 92.105 0.971 7 7
1753733 99.936 130.714 125.52 1.041 7 7
1753746 97.143 54.143 57.155 0.947 7 7
1753798 99.41 102.6 131.989 0.777 5 5
1753821 95.96 280.667 186.9 1.502 3 3
1753861 100 160.667 164.857 0.975 3 3
1753881 99.731 106.176 102.572 1.035 17 17
1755086 99.343 83.054 74.262 1.118 258 264
1756635 98.624 127.267 173.444 0.734 15 15
1757361 91.38 21.294 98.707 0.216 17 52
1757398 99.356 149.869 129.895 1.154 61 63
1757406 99.516 141.909 146.38 0.969 11 11
1757407 99.288 103 98.374 1.047 27 27
1757411 99.799 92.227 87.197 1.058 119 120
1757416 99.661 104.556 108.186 0.966 27 27
175753 99.686 102.156 85.625 1.193 167 166
1758311 66.611 11 45.341 0.243 8 8
175868 100 97.5 87.871 1.11 8 8
1758728 100 72 57.844 1.245 9 9
1759631 99.942 110.333 93.974 1.174 9 10
1759914 99.23 112.991 101.352 1.115 335 343
1760165 98.914 55.207 56.539 0.976 29 30
176071 99.681 97.638 83.596 1.168 58 58
17608 99.54 85.087 91.542 0.929 5683 5689
1761090 98.595 79.231 84.965 0.933 13 13
NA NA NA NA NA NA NA
1763192 99.441 93.222 87.334 1.067 9 10
1763324 99.897 142.111 120.295 1.181 54 55
1763643 99.265 151.133 131.466 1.15 15 15
1763811 99.672 96.595 91.222 1.059 42 44
1764132 71.984 33.913 154.729 0.219 69 71
176430 99.644 81.5 81.089 1.005 10 10
1765017 99.647 209.667 184.394 1.137 15 15
1765156 99.507 75.857 77.366 0.98 28 28
1766070 99.002 79.583 99.592 0.799 12 12
1766191 99.69 111.557 100.71 1.108 70 70
1766202 77.949 12.327 91.256 0.135 205 257
1766205 63.598 14.665 92.49 0.159 182 291
1766206 70.798 14.19 92.488 0.153 205 263
1766390 99.597 92.963 84.692 1.098 81 81
1766460 99.896 119.1 97.536 1.221 10 10
1766479 99.9 148.059 144.838 1.022 17 17
1767467 99.658 101.692 95.356 1.066 13 13
1767816 99.405 162.6 143.72 1.131 15 15
1768011 96.287 127.167 111.756 1.138 6 6
1768247 99.95 118.111 99.057 1.192 9 9
1769255 71.879 8.634 77.842 0.111 41 59
1769257 61.012 13.676 90.058 0.152 355 489
1769259 71.731 12.467 70.487 0.177 15 16
1769321 98.295 116.28 101.111 1.15 132 142
177079 99.481 78.65 106.544 0.738 143 144
1771 99.442 105.068 84.869 1.238 514 512
1771016 81.636 105.182 37.229 2.825 11 11
1771018 84.65 197.609 58.693 3.367 23 23
1772080 99.604 149.75 136.938 1.094 24 24
1772288 99.414 110.265 107.182 1.029 637 644
1773101 98.557 175.538 173.469 1.012 13 13
1773419 99.685 98.727 82.903 1.191 11 11
1773687 99.458 98.014 97.772 1.002 293 294
1773793 92.708 48.029 82.22 0.584 35 45
1773896 99.476 97.857 130.289 0.751 42 44
1774219 99.267 100.339 95.402 1.052 59 61
1774345 99.202 137.5 135.33 1.016 8 8
1774351 99.318 119.125 117.093 1.017 16 16
1774659 99.359 122.218 114.352 1.069 3315 3354
1774696 100 96.5 82.759 1.166 12 13
1774957 98.269 150.667 120.522 1.25 39 39
1775026 99.765 123.267 105.445 1.169 15 15
1776606 99.456 83.217 74.092 1.123 23 23
1778 97.927 117.842 102.366 1.151 19 19
1790226 99.738 89.75 100.484 0.893 16 16
1791 99.453 95.206 72.381 1.315 63 63
1791399 99.635 83.796 77.707 1.078 108 110
1792656 99.362 119.8 91.279 1.312 10 11
1792777 99.833 153.667 116.533 1.319 3 3
1792778 100 144.667 116.533 1.241 3 3
1792940 99.84 88.429 83.955 1.053 7 7
1793435 98.713 100.97 88.657 1.139 33 33
1793769 99.908 130.312 120.524 1.081 16 17
1793792 99.454 117.909 112.804 1.045 11 11
1793837 70.215 10.962 84.061 0.13 53 111
1794806 99.464 105.429 105.042 1.004 21 21
1796655 98.874 63.231 75.015 0.843 13 13
17977 99.355 50.5 75.051 0.673 20 20
1798293 99.96 118.667 145.722 0.814 6 6
1803765 99.6 88.333 136.593 0.647 6 7
1804892 99.491 127.73 127.417 1.002 282 284
1805714 98.255 80.235 83.189 0.964 17 17
1805949 98.561 94.692 88.445 1.071 13 13
1807779 98.68 112.5 107.834 1.043 26 29
1808243 99.895 77.182 75.878 1.017 11 11
1808359 98.292 114.333 117.557 0.973 9 9
181042 99.816 89.083 85.072 1.047 12 12
1810476 99.879 118.778 129.047 0.92 18 18
1810730 99.337 108.519 89.344 1.215 27 28
1811243 99.812 201.75 186.613 1.081 8 8
1811729 99.972 240.8 206.303 1.167 10 10
1813145 98.846 95.429 93.507 1.021 7 7
1813154 99.283 87.3 88.262 0.989 10 10
1813265 99.993 34.412 32.443 1.061 102 108
1813986 99.372 80.19 85.551 0.937 21 21
18142 99.361 87.784 84.434 1.04 74 74
1814693 69.98 9.333 134.467 0.069 12 13
1816848 50.364 90.8 96.877 0.937 10 10
1816944 99.634 104.526 102.708 1.018 19 19
1817698 99.806 85.167 90.098 0.945 12 12
1817873 100 113.25 112.309 1.008 8 8
1818160 98.517 101.556 96.49 1.052 9 9
1819778 99.642 97.366 93.483 1.042 41 43
1821923 99.688 92.35 98.047 0.942 20 20
1823453 99.232 130.714 128.671 1.016 14 14
1823843 98.404 88.444 89.915 0.984 9 9
182389 99.679 75.077 73.71 1.019 13 13
1824400 97.375 88.857 84.057 1.057 14 15
1825351 99.552 151 153.664 0.983 9 10
1825636 98.058 85.455 81.256 1.052 22 23
1825933 99.9 78.625 77.867 1.01 8 9
1825939 99.32 135.154 123.28 1.096 13 13
1826706 99.476 50.526 61.285 0.824 19 20
1830865 99.969 224.75 222.02 1.012 12 13
183091 99.463 123.488 117.858 1.048 6097 6074
1830919 99.491 114.938 107.505 1.069 81 81
1831156 99.987 113.607 105.737 1.074 28 28
1831228 99.89 114.75 76.665 1.497 56 58
1833121 99.149 88.323 107.668 0.82 96 100
1833495 99.872 93.889 98.793 0.95 9 9
1833585 99.444 129.077 105.25 1.226 52 52
1833665 98.221 73.933 76.945 0.961 15 15
1833674 99.614 103.3 94.273 1.096 20 20
1833742 99.621 113.333 98.079 1.156 24 24
1834020 97.729 147.333 121.436 1.213 15 15
1834040 99.789 146.929 129.922 1.131 14 14
1834651 100 77.8 88.638 0.878 5 5
183504 99.959 97.182 82.264 1.181 22 22
183513 100 83.571 70.891 1.179 7 7
18363 99.905 90.5 69.842 1.296 10 10
1836948 99.48 113.229 107.476 1.054 70 71
1837059 99.595 86.421 91.639 0.943 19 19
1837362 99.378 155.957 151.778 1.028 23 23
1838097 99.581 85.072 85.513 0.995 751 764
1838571 98.671 113.836 113.056 1.007 55 56
1838899 99.252 76.536 92.11 0.831 56 57
1838955 99.814 63.987 79.709 0.803 225 227
1839260 NA NA NA NA NA NA
1839319 99.48 98.024 100.547 0.975 42 42
1839338 99.869 67.7 69.359 0.976 50 50
1839825 98.225 83.926 94.552 0.888 68 68
1840413 99.473 120.352 108.162 1.113 159 162
1841010 98.836 78.5 79.493 0.988 26 26
1841157 99.877 146.417 162.315 0.902 12 12
1841657 99.809 93.189 85.656 1.088 37 37
1842267 100 96.818 87.212 1.11 11 12
1842668 100 67.875 66.159 1.026 8 8
1842687 99.862 63.875 63.378 1.008 8 8
1844061 98.664 189.875 163.555 1.161 16 16
1845446 99.746 71.2 66.714 1.067 5 5
1845803 96.372 146.2 142.195 1.028 5 5
1846766 65.042 50.733 158.725 0.32 30 31
1847068 65.249 36.875 104.669 0.352 8 8
1847760 88.332 5.2 27.583 0.189 5 5
1847862 99.215 105.941 120.368 0.88 17 18
184808 99.97 86.3 79.931 1.08 20 20
1848275 67.757 21.1 137.429 0.154 10 12
1848865 95.744 102.6 98.075 1.046 5 5
1849116 100 75.833 66.836 1.135 6 6
18493 99.393 95.217 79.698 1.195 23 23
1849822 99.802 103.875 82.656 1.257 24 24
1850208 99.349 133.82 134.282 0.997 128 130
1852336 99.298 96.562 87.103 1.109 153 156
1852403 99.711 100.241 85.029 1.179 29 29
1852418 99.372 91.581 87.622 1.045 31 31
1853558 98.469 66.643 68.068 0.979 14 14
1853604 99.643 116.769 106.17 1.1 13 13
1854214 75.244 38.889 160.111 0.243 9 9
1854698 99.169 81.035 84.82 0.955 57 57
1854751 97.751 70.246 74.105 0.948 65 66
1855260 99.892 158.023 123.93 1.275 43 45
1855552 99.937 97.519 100.746 0.968 27 27
1857251 99.712 79.3 90.297 0.878 10 10
1857453 86.293 9.579 66.222 0.145 19 18
1858341 84.462 48.435 55.243 0.877 23 24
1860445 99.496 90.105 94.508 0.953 19 19
1860659 99.653 49.359 93.734 0.527 128 131
1860686 98.87 94.28 104.985 0.898 50 52
1860820 99.725 137.286 114.708 1.197 14 14
1865638 97.268 94.632 106.576 0.888 19 19
1866965 99.374 65.977 83.425 0.791 43 43
1867 78.055 4.833 61.5 0.079 6 10
1868 74.242 37.091 55.465 0.669 11 15
1869922 99.494 93.625 99.336 0.943 8 8
1870781 99.133 80.667 90.193 0.894 6 6
1871 70.636 15.486 59.563 0.26 35 57
1872301 99.757 105.286 94.957 1.109 7 7
1872687 72.692 11.778 18.601 0.633 18 19
1873766 99.89 105.8 90.94 1.163 5 5
1874683 99.16 79.067 92.225 0.857 15 15
1875544 72.258 6.174 36.106 0.171 23 25
1875585 100 59.947 110.61 0.542 19 20
1876 76.133 12.196 129.187 0.094 46 51
1876341 99.771 81.926 84.927 0.965 108 109
18767 99.788 90.333 74.515 1.212 6 6
1877 70.339 16.068 94.96 0.169 73 85
1878405 99.636 69.333 91.264 0.76 18 18
1879662 87.536 14 15.413 0.908 5 5
1879665 90.634 17 14.448 1.177 7 8
1879671 85.542 16.188 35.132 0.461 16 21
1879841 75.813 5.533 38.596 0.143 15 18
1880292 98.953 99.949 117.035 0.854 157 159
1880647 70.485 15.019 103.851 0.145 54 61
1881 68.88 9.875 55.463 0.178 24 31
1881170 98.824 98 116.637 0.84 18 18
1881302 88.866 25.667 57.842 0.444 9 12
1881982 99.595 102.469 117.109 0.875 32 33
1882073 99.673 89.111 82.052 1.086 9 9
1883927 99.798 74 85.642 0.864 9 9
1883939 91.857 35.333 48.702 0.725 6 6
1884 81.108 15 40.824 0.367 8 8
1884312 100 59.4 70.882 0.838 5 6
1884706 99.311 76.368 86.857 0.879 1396 1431
1885 77.692 5.769 79.233 0.073 13 13
1885673 98.358 62.135 67.36 0.922 37 38
1885772 99.745 98.42 97.601 1.008 2257 2209
1885816 100 101.143 95.761 1.056 7 7
1885930 93.393 68.5 171.055 0.4 10 23
1887552 99.854 135.5 156.177 0.868 10 10
1888276 99.548 86.771 86.532 1.003 35 34
1888373 99.581 114.225 109.041 1.048 2606 2643
1889594 91.093 32.6 82.087 0.397 10 14
1890155 78.198 6.647 54.779 0.121 17 22
1890157 71.715 9.255 58.707 0.158 55 68
1890159 60.355 10.178 72.588 0.14 174 293
1890160 63.691 10.047 70.331 0.143 190 264
1890164 66.73 33.408 105.416 0.317 49 55
1890166 84.341 9.556 77.701 0.123 9 11
1890201 99.549 180.326 152.772 1.18 46 47
1890230 51.099 11.924 76.525 0.156 79 195
1890231 76.716 16.929 50.42 0.336 14 20
1891116 100 80.333 53.697 1.496 6 6
1892017 99.504 115.079 118.869 0.968 5909 5965
1892506 69.332 25.933 74.073 0.35 30 30
1893049 99.904 112.375 126.594 0.888 8 8
1893177 99.843 100.5 103.825 0.968 14 14
1893825 99.237 74.706 83.204 0.898 17 17
1893919 99.395 67.537 74.357 0.908 41 43
1894716 99.479 103.016 104.105 0.99 63 66
1895155 99.403 95.944 92.954 1.032 18 18
1895634 79.464 6.286 72.78 0.086 7 8
1895650 84.019 18.706 51.871 0.361 17 22
1895739 100 79.167 77.613 1.02 18 19
1895790 72.846 20.192 69.128 0.292 26 29
1895793 78.102 19.421 79.567 0.244 38 41
1896046 88.199 35.8 57.032 0.628 10 11
1896061 86.796 70.909 98.234 0.722 11 11
1896155 89.317 4.867 66.047 0.074 30 66
1896633 99.609 119.625 101.586 1.178 8 8
1898 81.711 25.25 87.388 0.289 8 9
1898319 99.809 123.117 93.665 1.314 120 122
1899 82.843 21 68.555 0.306 9 9
1899351 99.026 126.5 80.263 1.576 16 38
1899940 99.585 72.595 62.244 1.166 84 85
1899948 99.702 144.556 120.648 1.198 36 36
1899975 99.767 104.118 95.55 1.09 17 17
1899976 99.474 84.286 81.898 1.029 14 14
1901033 61.041 22.196 80.997 0.274 46 63
1901034 59.132 19.574 83.737 0.234 68 87
1901097 75.643 43.846 108.915 0.403 13 14
1901114 96.771 5.188 110.329 0.047 16 34
1901267 99.528 84.463 81.282 1.039 1290 1306
1901599 99.401 109.778 113.736 0.965 9 9
1902351 92.714 49.867 105.397 0.473 15 19
1902353 74.537 12.286 81.527 0.151 14 14
1902357 75 10.929 69.508 0.157 14 14
1902374 99.664 107.128 98.842 1.084 367 373
1902377 99.92 101.75 80.012 1.272 28 28
1902378 99.335 90.809 83.915 1.082 931 944
1902383 99.683 92.807 84.669 1.096 476 486
1902385 99.829 127.071 106.37 1.195 127 130
1902386 99.692 103.417 95.222 1.086 2604 2633
1902387 99.71 107.708 98.631 1.092 2104 2129
1902867 99.612 86.164 94.205 0.915 1285 1299
1903091 99.055 91.346 95.595 0.956 228 234
1903163 95.938 24.938 79.786 0.313 16 17
1903373 97.743 111 109.729 1.012 15 15
1904381 99.186 84.018 80.455 1.044 221 223
190501 100 81.143 81.802 0.992 7 7
1905498 99.212 95 100.455 0.946 14 14
1906078 99.519 100.672 109.004 0.924 2607 2644
1906180 99.385 100.609 95.839 1.05 64 65
1906375 66.343 15.899 87.185 0.182 89 267
1906377 59.521 13.833 83.417 0.166 30 61
1906378 72.964 11.842 110.994 0.107 19 19
1906453 79.817 23.368 81.229 0.288 19 19
1906525 91 11.2 75.079 0.149 5 7
1906529 94.758 121.231 110.262 1.099 13 12
1906567 74.962 6.6 112.432 0.059 15 15
1906569 89.782 8.1 116.228 0.07 10 10
1906630 65.994 12.13 52.939 0.229 23 29
1906692 99.384 78 79.119 0.986 11 11
1907304 81.519 18.5 72.947 0.254 16 18
1907305 77.823 6.5 69.948 0.093 8 10
1907307 65.25 10.347 66.406 0.156 72 122
1907311 75.459 6.143 59.113 0.104 7 9
1907421 99.631 104 96.458 1.078 19 19
190816 96.474 90.143 77.859 1.158 7 7
1909588 97.951 77.154 81.644 0.945 13 13
1909707 99.642 98.667 98.413 1.003 6 6
190998 98.962 119.444 105.421 1.133 18 18
1911285 99.127 93.648 82.097 1.141 88 88
1911292 99.738 169.875 137.923 1.232 8 8
1911297 99.976 137.167 120.891 1.135 12 12
1911407 99.354 103.278 101.816 1.014 245 247
191202 99.637 112.889 111.349 1.014 9 9
1912828 99.302 112.077 99.041 1.132 13 13
1912829 99.968 111.567 92.52 1.206 30 31
1912894 99.825 104.583 107.513 0.973 12 12
1912896 69.219 26.181 103.949 0.252 188 382
1912897 74.186 8.814 94.302 0.093 59 142
1912899 74.16 24.414 101.928 0.24 29 65
1912900 79.832 5.393 97.961 0.055 89 326
1912923 73.393 5.18 104.163 0.05 50 226
1912924 73.05 5.329 102.064 0.052 85 271
1912925 68.619 6.053 98.929 0.061 132 335
1912926 60.587 8.459 101.671 0.083 122 366
1912933 99.728 71.875 66.819 1.076 24 25
1913712 99.707 68.25 76.167 0.896 16 16
1914854 99.107 112.308 64.621 1.738 13 14
1915250 99.834 142.545 145.624 0.979 11 11
1915934 99.62 119.929 114.012 1.052 141 144
1916581 99.894 79.538 82.246 0.967 13 13
1916608 99.798 96.449 92.865 1.039 167 171
1916683 99.128 120.252 112.875 1.065 266 268
1917190 99.425 557.117 546.013 1.02 94 96
1917420 99.667 181.818 174.946 1.039 11 12
1918100 89.249 93.5 90.29 1.036 12 12
1918842 98.503 99.25 103.575 0.958 32 33
1920057 99.014 84.062 91.871 0.915 32 32
1921700 99.687 61.455 61.668 0.997 11 11
1922680 99.07 121 71.363 1.696 7 7
192282 99.323 69.043 93.223 0.741 23 23
1922936 99.399 109.714 107.298 1.023 14 14
1923868 99.372 115.778 115.649 1.001 18 18
1923908 99.79 91.87 84.881 1.082 23 25
1923911 98.332 126.556 122.533 1.033 9 9
1923979 99.824 114.375 98.991 1.155 8 8
1923997 99.814 80.531 75.179 1.071 32 33
1924000 99.727 103.862 93.778 1.108 29 30
1924008 99.487 129.888 118.752 1.094 5958 6012
1924013 98.581 111.857 105.163 1.064 21 21
1924117 99.329 102.727 93.899 1.094 33 34
1924219 99.801 95 88.67 1.071 56 56
1924318 99.273 75.714 78.818 0.961 7 7
1924394 99.912 90.517 90.394 1.001 379 384
1924408 99.849 90.667 70.999 1.277 21 23
1924460 99.715 142.25 135.068 1.053 16 16
1924532 98.477 102.316 85.788 1.193 19 19
1924550 99.884 121.769 91.957 1.324 13 14
1924583 99.542 89.654 79.582 1.127 52 54
1924609 98.147 115.143 91.907 1.253 7 7
1924619 99.436 165.353 146.734 1.127 17 17
1924675 98.872 99.083 94.449 1.049 12 12
1924715 99.776 76.444 72.304 1.057 9 9
1924772 99.135 108.368 99.293 1.091 19 19
1924793 99.923 104.038 99.439 1.046 26 26
1925020 98.026 88.471 89.686 0.986 17 17
1925261 98.342 307.3 81.669 3.763 10 9
1925503 68.912 74.5 182.217 0.409 8 8
1925509 81.55 17.231 81.188 0.212 13 14
1925510 96 4 72.357 0.055 5 5
1926034 99.718 101.37 94.545 1.072 27 27
192683 97.957 86.9 84.936 1.023 10 10
192686 99.67 105.234 109.953 0.957 94 96
1928 99.176 91.5 100.399 0.911 10 10
1928576 99.638 114.677 116.886 0.981 62 61
1928584 99.603 117.615 117.021 1.005 65 66
1928602 99.767 94.682 100.915 0.938 22 23
192916 99.363 55.154 61.593 0.895 26 26
1929350 98.864 146.8 140.567 1.044 10 10
1929542 99.598 109.671 108.725 1.009 140 143
1929816 99.095 88.877 91.112 0.975 163 167
1930239 99.217 128.253 123.765 1.036 75 78
193081 98.902 79.188 72.846 1.087 16 16
1931212 99.927 114.111 137.091 0.832 9 9
1933904 97.849 69.895 71.078 0.983 38 38
1934020 99.327 108.756 96.668 1.125 78 77
1934024 99.879 154.825 106.935 1.448 40 43
1934041 99.282 80.489 73.358 1.097 47 47
1934788 99.479 102.593 87.757 1.169 182 189
1937130 99.889 140 130.856 1.07 10 11
1938310 99.155 103.3 103.962 0.994 10 10
1938334 98.871 146.8 147.643 0.994 15 15
1939063 100 79.167 67.393 1.175 6 6
1939859 99.239 129.25 152.37 0.848 8 8
1940120 99.539 67.015 81.508 0.822 195 248
1941738 99.31 146.684 140.687 1.043 76 78
1941750 99.546 87.148 79.58 1.095 88 91
1941756 99.478 129.606 114.845 1.129 33 33
1941765 99.515 129.038 103.435 1.248 104 104
1941771 99.678 116.406 91.165 1.277 32 32
1941779 99.912 129.75 109.251 1.188 20 21
1941784 99.637 120.895 105.229 1.149 38 38
1941786 99.632 154.571 133.056 1.162 14 14
1941788 99.837 125.778 115.29 1.091 9 9
1941790 99.301 53.333 54.739 0.974 12 12
1941801 99.642 101.083 79.503 1.271 12 12
1941807 99.617 104.5 84.237 1.241 6 6
1941808 99.425 98.4 83.744 1.175 15 15
1941824 99.59 110.967 99.204 1.119 120 120
1941828 99.828 112.826 86.99 1.297 23 24
1941833 99.601 108.071 94.695 1.141 14 13
1941835 99.209 105.304 100.021 1.053 79 80
1941836 99.07 116.111 110.43 1.051 9 9
1941837 98.927 107.089 91.178 1.174 90 90
1941845 99.677 100.407 108.579 0.925 54 56
1941849 99.877 81.714 85.369 0.957 14 14
1941852 99.796 108.451 93.851 1.156 233 235
1941853 99.664 97.667 83.699 1.167 27 27
1942090 95.771 23.556 114.603 0.206 9 14
194211 99.723 114.941 108.731 1.057 17 16
1943039 99.932 112.25 115.918 0.968 16 17
1943910 99.694 102.443 106.559 0.961 97 98
1943986 99.837 85.5 76.762 1.114 6 6
1943989 99.864 139.8 143.655 0.973 10 10
NA NA NA NA NA NA NA
1944913 92.77 54.571 60.581 0.901 35 35
1946770 73.677 19.4 66.052 0.294 10 11
1946771 69.632 11.643 78.053 0.149 28 36
1947051 79.259 30.222 64.799 0.466 9 10
1947326 98.549 121.714 129.233 0.942 14 14
194762 99.722 86.938 95.716 0.908 32 34
1947680 99.562 122.326 114.854 1.065 46 45
1948485 99.805 90.625 85.976 1.054 24 25
1948551 99.714 66.87 74.881 0.893 23 23
194859 87.51 17.278 90.157 0.192 158 180
194864 60.165 16.321 77.38 0.211 56 65
194870 78.529 13.286 83.598 0.159 14 14
194875 85.183 18.625 104.97 0.177 24 25
194899 99.594 101.87 133.282 0.764 23 23
194910 99.797 86.417 109.315 0.791 12 12
1950023 73.05 12.362 81.979 0.151 69 173
1950024 74.273 11.29 81.221 0.139 93 156
1950026 74.211 7.288 81.52 0.089 66 161
1950028 74.713 31.837 91.794 0.347 43 83
1950083 99.449 71.5 67.755 1.055 14 15
1950760 88.753 5.857 38.905 0.151 7 13
1951326 99.346 112.167 100.641 1.115 12 12
1951935 99.718 96.833 92.079 1.052 48 48
1952304 99.18 129.633 152.793 0.848 1522 1519
1952308 99.359 30.875 51.677 0.597 16 16
1952314 75.415 8.444 112.928 0.075 27 78
1952316 98.183 103.862 134.874 0.77 65 67
1952317 74.763 3.571 136.826 0.026 7 10
1952318 97.677 81.25 111.846 0.726 64 70
1952319 81.112 7 178.206 0.039 6 10
1952320 68.032 14.7 96.88 0.152 20 108
1952321 64.161 10.286 96.086 0.107 21 89
1952332 100 100.333 114.557 0.876 3 3
1952357 99.693 57.173 91.069 0.628 110 110
1952394 98.991 50.352 79.239 0.635 88 90
1952395 100 26.333 47.521 0.554 3 3
1952413 100 35.667 78.861 0.452 3 3
1952443 100 65.667 99.635 0.659 3 3
1952447 97.66 48.833 73.579 0.664 6 6
1952475 99.253 63.667 71.238 0.894 6 6
1952477 100 62.6 81.94 0.764 5 5
1952494 100 56.2 72.061 0.78 5 5
1952568 100 44 60.991 0.721 3 3
1952569 100 179.25 198.631 0.902 4 4
1952601 99.486 70.098 92.503 0.758 3417 3500
1952708 99.465 77.769 85.961 0.905 13 13
1952929 99.59 56.75 89.206 0.636 4 4
1952973 100 82.8 83.261 0.994 5 6
1953112 99.817 123.333 120.136 1.027 3 3
1953123 99.677 56 54.589 1.026 12 13
1953126 100 110.778 110.874 0.999 9 9
1953135 99.638 135.558 134.422 1.008 52 52
1953186 100 103 89.174 1.155 3 3
1953228 100 120 112.733 1.064 3 3
1953476 99.465 64.727 92.732 0.698 11 13
1953728 99.573 98.542 89.025 1.107 24 25
1954017 99.979 115.088 106.065 1.085 34 35
195425 100 62.615 54.139 1.157 13 13
1954920 99.643 86.077 81.564 1.055 13 13
1955195 98.874 77.82 73.2 1.063 50 49
1955248 100 93.8 89.367 1.05 5 6
1955616 78.446 14.104 84.067 0.168 135 229
1955617 83.037 5.153 87.275 0.059 72 172
1955618 82.208 4.383 87.522 0.05 47 147
1955621 84.808 3.808 96.227 0.04 26 89
1955622 93.59 8.615 86.62 0.099 13 98
1955623 92.5 3.5 91.551 0.038 8 71
1955632 93.659 5.659 84.623 0.067 41 156
1955633 93.772 5.222 86.904 0.06 45 156
1955634 94.789 5.571 88.581 0.063 63 176
1955636 96.89 5.75 90.635 0.063 108 201
195565 99.515 77.5 80.366 0.964 16 16
195581 99.545 150.545 146.135 1.03 11 11
1955914 84.176 8.921 152.261 0.059 89 147
1955915 73.102 8.367 174.469 0.048 60 115
1955931 82.084 24.379 170.33 0.143 29 101
1955932 81.939 7 173.736 0.04 32 100
1955941 37.97 28.571 73.844 0.387 21 42
1956332 100 148.286 133.32 1.112 7 6
1956364 99.289 114.538 85.313 1.343 13 15
1957038 99.827 103.833 85.283 1.218 60 60
1957468 99.955 84 82.831 1.014 13 13
1957608 87.809 9.363 97.908 0.096 182 337
1957610 84.631 9.456 98.266 0.096 136 343
1958879 74.977 14.14 99.626 0.142 150 385
1958880 75.269 10.294 99.564 0.103 218 347
1958912 99.216 105.2 112.359 0.936 5 5
1960222 99.746 335.929 228.411 1.471 28 30
1960281 83.146 22.25 57.497 0.387 8 8
1960656 96.763 159.143 150.203 1.06 7 7
1960657 99.711 102.182 96.095 1.063 11 11
1960666 99.5 105.929 96.066 1.103 666 671
1960667 99.91 135 127.298 1.061 28 28
1960669 99.245 93.733 90.522 1.035 15 15
1960678 99.554 107.692 103.515 1.04 65 65
1961275 98.97 86.909 98.405 0.883 22 22
1961735 99.512 107.918 109.045 0.99 2610 2646
1963732 91.219 5.5 154.058 0.036 8 10
1964184 98.677 74.333 105.572 0.704 3 4
1965636 99.816 121.2 96.968 1.25 5 5
1966092 94.727 148.143 129.486 1.144 7 7
1966346 98.422 102 93.953 1.086 11 11
196641 99.874 222 156.69 1.417 10 10
196642 99.696 126.226 96.688 1.306 2377 2330
196698 99.81 123.825 90.971 1.361 63 63
196699 99.692 115.789 100.151 1.156 19 19
196706 99.543 118.769 90.674 1.31 13 13
196707 99.33 90.519 84.113 1.076 27 27
1967487 99.642 90.5 91.971 0.984 8 9
1967648 97.5 201.5 189.283 1.065 8 8
1968316 99.755 102 102.869 0.992 6 6
1968379 99.793 102.436 106.729 0.96 39 39
1969642 97.58 63.381 43.037 1.473 21 20
1969728 98.899 139.952 135.388 1.034 84 84
1970534 87.654 26.429 115.288 0.229 7 14
197062 99.644 120.75 100.557 1.201 8 8
1970634 99.636 198.125 167.712 1.181 8 7
1971388 99.807 75.667 64.271 1.177 3 3
1971922 99.936 93.912 89.584 1.048 34 36
1972018 99.16 84.559 89.838 0.941 34 35
1972435 99.29 74.111 82.823 0.895 9 9
1972657 99.722 90.6 99.422 0.911 10 10
1975741 99.373 104.948 81.736 1.284 77 77
1976799 99.639 80.967 79.58 1.017 275 279
1977679 99.892 148.314 131.006 1.132 35 35
1978266 99.889 111.226 93.755 1.186 31 31
1978306 99.93 113.593 102.761 1.105 27 27
1979032 100 137.667 130.392 1.056 6 6
1979225 99.506 96.941 94.34 1.028 17 18
1980319 100 89.5 97.254 0.92 8 9
1981056 99.72 92.8 97.707 0.95 5 6
1981150 99.791 94.707 93.573 1.012 41 41
1981520 100 285.143 77.426 3.683 7 7
1981599 61.806 12.132 89.889 0.135 68 71
198206 99.79 167.444 128.594 1.302 9 9
198391 99.598 95.5 106.473 0.897 14 14
1984831 87.5 21.625 70.418 0.307 8 8
1984835 62.835 12.938 96.404 0.134 32 59
1984900 83.765 61.062 83.363 0.732 16 17
1984902 66.257 8.345 62.853 0.133 87 109
1984935 72.171 7.308 65.252 0.112 13 16
198556 99.502 109.463 98.841 1.107 365 367
198603 99.743 104.909 103.016 1.018 44 44
1986639 66.6 18.442 88.112 0.209 43 59
1986640 74.694 12.4 101.272 0.122 15 19
1986666 99.913 113.857 93.792 1.214 7 8
1986821 77.123 17.297 78.887 0.219 37 44
1986823 73.813 16.556 88.052 0.188 27 30
1986952 89.628 25.964 84.707 0.307 28 51
1987007 99.85 90.167 105.318 0.856 12 13
1987046 93.418 4.588 89.823 0.051 17 40
1987080 93.861 6.375 84.526 0.075 32 66
1987086 65.151 12.382 94.081 0.132 131 248
1987093 95.083 4.727 103.966 0.045 11 45
1987094 93.412 5.111 103.966 0.049 9 45
1987120 78.888 14.511 82.188 0.177 45 47
1987127 93.802 4.636 105.826 0.044 11 30
1987128 94.995 5.389 102.245 0.053 18 38
1987132 92.036 10.003 98.559 0.101 331 437
1987135 91.521 7.416 98.369 0.075 233 407
1987137 97.5 4.375 99.741 0.044 8 24
1987138 96.429 3.429 99.741 0.034 7 24
198734 99.451 69.176 69.56 0.994 17 17
1987448 97.353 3.941 78.978 0.05 17 68
1987453 88.367 6.269 88.534 0.071 52 96
1987455 91.302 5.949 83.134 0.072 59 102
1987456 67.818 11.145 78.996 0.141 138 274
1987460 88.99 6.455 108.763 0.059 11 17
1987470 100 7.714 208.618 0.037 7 8
1987537 87.79 8.182 100.242 0.082 11 15
1987541 96.844 4.909 90.278 0.054 11 19
1987547 92.857 9.714 70.325 0.138 21 30
1987570 80.105 7.818 105.281 0.074 11 20
1987650 91.813 8.167 83.977 0.097 6 14
1987651 88.653 8.25 103.338 0.08 12 36
1988 99.39 102 92.524 1.102 6 6
1989761 99.969 100.067 112.914 0.886 15 16
1992743 100 6.111 121.088 0.05 9 11
1995752 52.702 22.442 89.693 0.25 52 95
1995802 92.5 5.125 77.313 0.066 8 8
1995803 89.221 4.909 80.008 0.061 11 56
1995804 84.104 6.682 74.837 0.089 22 66
1995811 81.577 6.044 75.817 0.08 45 64
1995812 82.932 5.393 61.919 0.087 28 56
1998657 97.778 5.778 118.5 0.049 9 12
1998666 92.917 5.167 134.169 0.039 12 19
1998755 98.111 48.4 79.895 0.606 95 105
1998756 90.278 4.583 123.296 0.037 12 18
1998757 93.361 5.353 126.523 0.042 51 70
1998759 97.79 34.702 84.301 0.412 181 189
199876 97.573 88.375 75.991 1.163 8 8
1998763 83.604 10.062 98.504 0.102 16 16
1998765 81.392 8.9 65.725 0.135 10 10
1998783 92.209 4.828 107.484 0.045 29 95
1998784 94.051 5.333 100.524 0.053 36 110
1998785 91.739 5.638 103.384 0.055 47 124
1998786 90.74 4.333 251.439 0.017 9 11
1998787 82.267 7.478 104.322 0.072 23 31
1998790 90 10.716 95.606 0.112 910 1143
1998791 92.903 8.533 81.96 0.104 15 18
1998792 86.001 12.625 91.87 0.137 1092 1909
1998796 72.54 8.627 82.017 0.105 158 419
1998797 78.902 5.667 99.17 0.057 39 110
1998798 82.491 6 85.728 0.07 51 245
1998799 89.608 4.882 95.778 0.051 17 57
1998838 96.713 6.65 78.023 0.085 20 33
1998891 99.327 53.375 102.536 0.521 24 24
1998898 72.58 9.958 105.473 0.094 24 50
1998900 83.049 9.41 101.553 0.093 39 56
1998911 73.965 9.467 79.509 0.119 15 19
1998963 95.5 21.8 97.86 0.223 10 26
1998965 81.01 21 97.62 0.215 25 39
1999115 88.485 6.455 127.628 0.051 11 18
1999116 91.863 19.269 98.515 0.196 26 31
1999117 75.156 6.947 79.908 0.087 19 41
1999120 65.734 12.405 73.354 0.169 84 148
1999121 71.928 12.612 67.647 0.186 98 118
1999124 77.944 15.562 78.309 0.199 137 149
1999386 99.71 95.252 91.112 1.045 163 164
1999523 90.628 18.364 98.147 0.187 22 67
1999524 84.737 6.039 85.009 0.071 77 258
1999526 78.939 9.343 82.609 0.113 169 406
1999532 81.13 7.75 82.46 0.094 8 10
1999553 99.256 123.091 92.846 1.326 22 23
1999567 96.175 6.375 127.64 0.05 48 58
1999610 85.195 16.483 143.274 0.115 29 46
1999700 99.39 119.615 86.136 1.389 39 39
1999705 99.481 119.528 88.566 1.35 127 127
2000046 99.95 104.75 96.21 1.089 12 12
2000052 99.895 101.875 65.255 1.561 8 9
2000054 99.913 128.833 98.841 1.303 24 24
2000154 99.67 99.077 89.003 1.113 13 13
2000158 99.892 123.4 104.632 1.179 10 10
20007 99.45 65.375 61.59 1.061 8 8
2004307 98.364 116 122.468 0.947 12 12
2005088 99.659 88.625 72.393 1.224 16 16
2006237 99.85 92.222 90.49 1.019 9 9
2007294 99.951 79.167 88.644 0.893 12 12
2007545 99.447 86.039 91.382 0.942 5418 5503
2007785 95.504 86.518 86.993 0.995 56 57
2007793 99.306 104.72 98.064 1.068 25 25
2007797 99.84 101.571 104.535 0.972 7 7
2007799 99.638 126.081 108.141 1.166 37 38
2007803 99.769 86.889 94.036 0.924 9 9
2007807 99.357 81.835 79.555 1.029 121 128
2007818 99.936 99.125 96.397 1.028 8 8
2007819 99.491 69.706 65.506 1.064 17 17
2007821 99.645 189.538 195.573 0.969 13 13
2007846 99.575 143.333 117.458 1.22 15 14
2007960 95.718 200.111 174.332 1.148 9 16
2007993 99.05 79.184 72.366 1.094 114 114
2008096 99.469 82.778 77.717 1.065 9 9
2008170 99.344 55.923 58.114 0.962 13 13
2009249 99.923 55.571 65.457 0.849 7 7
2009410 99.646 101.143 117.54 0.86 14 14
2009555 78.274 6.98 124.236 0.056 50 180
2009558 91.81 23.308 157.156 0.148 26 49
2009561 87.394 9.5 116.526 0.082 18 154
2009562 89.286 12 115.679 0.104 14 140
2009584 64.203 6.583 188.684 0.035 12 23
2009586 96.511 12.962 120.619 0.107 78 163
2009938 95.844 62.449 82.357 0.758 49 90
2010353 99.486 78.921 96.824 0.815 191 194
2010438 90 3.8 67.429 0.056 5 7
2010463 100 105.6 111.538 0.947 5 5
2010551 73.386 15.7 74.422 0.211 10 11
2010579 90.476 4.286 68.357 0.063 7 7
2010580 76.755 8 63.771 0.125 15 19
2010581 74.81 12.304 71.209 0.173 23 27
2010585 76.782 8.783 84.304 0.104 46 57
2010588 82.383 15.258 69.303 0.22 31 38
2010612 91.501 7.521 123.709 0.061 119 329
2010613 89.426 6.104 123.784 0.049 96 330
2010614 98.194 69.8 91.929 0.759 10 47
2010631 97.198 36.9 78.758 0.469 10 11
2010632 91.995 19.3 74.243 0.26 10 12
2010633 87.5 35.375 95.101 0.372 8 9
2010634 80.298 4.625 49.99 0.093 16 21
2010635 84.464 4.5 48.797 0.092 16 21
2010639 84.333 5 130.137 0.038 15 18
2010644 82.372 10.643 103.611 0.103 28 32
2010647 76.835 7.051 86.815 0.081 59 87
2010679 96.744 77.842 76.624 1.016 222 226
2010700 59.575 9.971 68.964 0.145 35 44
2010713 66.836 8.778 76.932 0.114 27 28
2010720 89.449 45.923 57.269 0.802 13 20
2010721 79.704 19.8 54.452 0.364 10 15
2010722 77.677 22.8 67.467 0.338 25 31
2010723 77.758 19 67.198 0.283 12 17
2010728 79.682 57.444 118.09 0.486 9 13
2011409 92.857 115.143 149.902 0.768 7 7
2012411 99.196 89.371 88.221 1.013 35 37
2012901 97.57 46.643 64.515 0.723 14 14
2013243 98.881 93.333 90.3 1.034 12 12
2014236 82.773 11.067 116.533 0.095 15 20
2014241 85.394 7 66.4 0.105 27 57
2014663 99.903 127.273 113.81 1.118 11 11
2014886 99.872 54.875 60.468 0.908 8 8
2015081 99.692 83.359 81.074 1.028 39 39
2017419 99.008 73.143 58.59 1.248 14 14
2017797 95.922 88.875 95.473 0.931 8 8
2020075 99.404 115.882 102.682 1.129 17 17
2021107 99.423 128.93 115.611 1.115 114 118
2021326 99.954 84.067 84.746 0.992 15 15
2022745 99.086 43.759 45.674 0.958 29 29
2023930 99.64 74.857 101.375 0.738 7 7
2025189 99.172 98 79.463 1.233 8 8
2028220 99.736 93.267 91.257 1.022 30 32
202898 98.982 100.233 80.043 1.252 133 133
2029667 99.879 69.25 65.698 1.054 20 20
2029769 99.307 115.889 112.019 1.035 9 9
2029774 99.289 127.137 130.733 0.972 139 143
203038 99.575 128.316 109.041 1.177 2648 2643
2030702 99.689 94.645 82.353 1.149 1342 1359
203109 99.576 104.261 83.515 1.248 245 245
2032243 99.669 117.778 99.152 1.188 27 28
2032256 99.687 73.222 63.712 1.149 9 9
2032277 98.911 108.105 91.384 1.183 19 19
203269 99.625 145.588 112.972 1.289 17 17
2034262 97.949 103.9 121.207 0.857 10 10
2035818 99.675 69.6 71.438 0.974 30 30
2035976 99.685 84.536 90.851 0.93 755 765
2036012 99.539 70.222 81.13 0.866 9 9
2036229 99.407 106.364 100.389 1.06 11 39
20372 100 115 117.065 0.982 7 7
2037374 100 116.091 94.961 1.223 11 11
2038169 97.348 103.833 100.677 1.031 6 6
2038256 99.178 179.2 75.78 2.365 5 4
2038632 67.429 10.467 90.013 0.116 30 31
2038633 64.589 11.302 89.263 0.127 63 66
2038637 76.592 9.727 77.527 0.125 11 13
2038718 90.42 8 99.113 0.081 9 17
2038728 91.984 21.857 89.951 0.243 7 10
2038746 78.007 20.851 90.662 0.23 47 61
2038748 100 108.6 99.55 1.091 5 6
2038752 84.337 66.429 175.513 0.378 7 9
2038783 98.748 118.815 101.276 1.173 92 94
2038784 93.624 15.875 93.23 0.17 8 8
2038790 74.983 6.182 95.213 0.065 11 12
2038791 81.458 4.25 94.429 0.045 8 11
2038812 82.643 10.714 69.834 0.153 14 15
2038815 48.814 16.603 99.638 0.167 267 540
2038820 87.409 14.059 117.076 0.12 17 20
2038940 53.961 25.375 85.741 0.296 24 30
2038953 99.532 128.081 132.432 0.967 62 62
2039005 91.507 20.167 104.564 0.193 6 8
2039010 80.691 14.154 79.951 0.177 13 13
2039013 73.976 7.286 75.72 0.096 7 10
2039018 75.165 21.105 88.72 0.238 38 39
2039020 70.304 17.762 108.8 0.163 42 44
2039068 82.54 6.222 87.559 0.071 9 15
2039200 98.889 84.67 80.996 1.045 94 96
2039293 72.328 30.217 60.587 0.499 23 23
203970 99.681 89.133 108.69 0.82 30 30
2041690 92.721 35.545 113.645 0.313 11 21
2041691 93.384 6.455 105.697 0.061 11 20
2041733 91.515 30.182 87.027 0.347 11 38
2041734 90.125 4.95 94.393 0.052 20 50
2041735 89.434 5.233 96.489 0.054 30 58
2041736 89.425 6 96.146 0.062 34 59
2041742 84.022 6.81 111.708 0.061 21 22
2041744 89.45 24.125 128.237 0.188 8 10
2041749 85.485 26.731 129.039 0.207 26 34
2041753 67.717 64.9 223.343 0.291 10 10
2041754 88.333 4.833 75.551 0.064 6 9
2041816 71.158 5.043 54.313 0.093 23 29
2041821 76.606 9.576 61.338 0.156 33 36
2041824 91 19.4 56.511 0.343 10 10
204206 77.159 9.727 98.783 0.098 11 14
204215 97.588 16.407 117.95 0.139 27 30
2046901 69.661 6.76 48.232 0.14 25 37
2046905 93.83 47.5 60.582 0.784 8 8
2047030 81.429 5 81.305 0.061 7 15
2047032 75.887 6.229 87.511 0.071 35 43
2047037 64.117 12.692 93.829 0.135 39 73
2047356 96.368 27.333 61.717 0.443 12 12
2047358 88.673 4.714 58.9 0.08 7 8
2047359 84.457 5.833 71.03 0.082 12 13
2047365 85.667 16.233 68.893 0.236 30 37
2047366 93.386 4.667 79.652 0.059 9 18
2047367 89.781 6.333 74.808 0.085 27 43
2047370 82.357 35.3 67.033 0.527 10 13
2047371 73.194 17.941 75.143 0.239 17 22
2047515 61.233 10.5 67.623 0.155 16 18
2047518 72.718 28.462 77.853 0.366 39 41
2047965 100 94.091 95.144 0.989 22 22
204842 97.265 120.643 101.095 1.193 28 28
2049663 99.222 99.839 96.49 1.035 62 66
2049681 99.506 108.013 101.041 1.069 232 233
2052756 99.798 85 67.065 1.267 5 5
2052963 96.952 142.333 132.55 1.074 9 9
205314 99.023 116 103.045 1.126 13 13
205412 99.475 79.091 74.361 1.064 11 11
2054288 99.002 81.182 75.876 1.07 22 23
2054307 99.233 101.2 77.157 1.312 50 51
2054940 99.319 166.694 156.482 1.065 36 36
2055611 100 83.818 90.87 0.922 11 12
2056221 99.608 92.564 96.631 0.958 39 39
2056745 97.474 94.5 80.13 1.179 8 8
2056790 100 89.375 97.534 0.916 8 9
2056799 99.622 102.698 86.906 1.182 63 62
2056984 65.433 6.886 61.159 0.113 35 38
2056988 58.591 12.88 86.197 0.149 167 217
2056990 70.185 6 51.15 0.117 20 23
2057546 99.347 80.08 93.896 0.853 100 100
2057663 99.921 207.929 206.363 1.008 28 28
2057712 99.595 74.714 85.566 0.873 14 14
2057773 99.315 85.231 88.919 0.959 13 14
2057957 97.349 111.077 112.093 0.991 26 26
2058028 98.269 65.429 62.961 1.039 7 7
2058042 97.04 75.9 76.512 0.992 10 10
2058056 95.655 63.375 69.841 0.907 16 16
2058503 67.033 22.455 23.169 0.969 22 27
2058614 99.874 86.64 84.485 1.026 25 25
2058827 99.304 65.587 85.764 0.765 540 551
2059016 99.213 93.667 82.909 1.13 147 149
2059142 99.685 491.093 122.596 4.006 43 45
2059368 98.777 99.682 92.903 1.073 22 22
2059377 99.643 99.756 86.498 1.153 45 46
2060162 99.698 146.364 154.668 0.946 22 21
206067 96.463 101 101.812 0.992 13 13
2060845 98.168 106.373 75.333 1.412 126 128
2061149 96.221 76.778 89.278 0.86 9 9
2061161 94.812 65.182 90.184 0.723 11 11
2062676 100 69.5 78.176 0.889 6 6
2062697 99.884 88.917 101.093 0.88 12 12
2063187 99.741 89.012 81.36 1.094 1284 1294
206339 99.719 98.55 97.727 1.008 2259 2196
2064868 99.932 122 111.001 1.099 17 17
2065101 99.542 105.917 104.143 1.017 36 36
2066196 100 135.143 113.713 1.188 7 7
2067422 99.836 74.333 62.099 1.197 36 36
206851 84.064 7.41 95.802 0.077 437 765
206852 88.233 6.703 97.655 0.069 367 767
206853 83.348 10.82 95.362 0.113 178 689
206854 80.883 6.92 93.813 0.074 125 642
206856 83.628 4.348 99.783 0.044 69 417
206857 92.333 4 132.858 0.03 15 50
206860 91.667 3.333 180.115 0.019 6 7
206861 85.124 3.704 136.678 0.027 27 142
206862 76.764 4.8 115.773 0.041 45 371
206863 79.532 4.641 118.439 0.039 92 347
206864 84.771 6.593 101.816 0.065 145 577
206865 92.226 5.41 98.953 0.055 317 760
206868 96.336 7.181 98.443 0.073 563 817
2068906 77.116 29.8 110.4 0.27 5 6
2069012 71.344 6.355 100.752 0.063 62 102
2069013 95.303 5.893 79.932 0.074 206 413
2069014 74.091 4.182 79.68 0.052 11 28
2069015 78.445 4.9 93.334 0.052 10 32
2069763 99.867 85.286 80.326 1.062 7 8
2070107 99.895 110.905 114.611 0.968 21 21
2070213 95.925 138.9 131.016 1.06 10 10
2070752 99.656 65.8 65.839 0.999 15 15
2071567 99.881 120.343 126.208 0.954 67 68
2071731 99.459 86.4 79.766 1.083 10 10
207212 99.963 97.667 77.134 1.266 15 15
207221 99.647 104.99 90.104 1.165 100 100
207226 99.851 67.974 57.55 1.181 38 39
2073063 99.871 107 103.634 1.032 7 7
2073147 99.868 119.333 105.614 1.13 12 13
2073772 99.839 96.66 89.584 1.079 53 54
2074174 99.165 113.545 83.329 1.363 11 11
2074842 99.694 96.857 93.558 1.035 7 8
2074899 99.58 119.5 101.72 1.175 12 12
2074966 98.826 106.8 111.611 0.957 5 5
2075016 98.981 88.523 81.813 1.082 44 44
2075036 99.66 76.212 75.141 1.014 33 33
2075037 99.389 90.385 85.655 1.055 13 13
2075043 98.727 137.652 119.955 1.148 23 23
2075051 99.893 100.913 95.611 1.055 23 23
2075052 98.744 80.161 80.095 1.001 31 32
2075061 96.903 114.364 106.177 1.077 11 11
2075066 99.747 128.231 124.419 1.031 26 25
2075067 93.336 95.25 93.003 1.024 16 16
2075069 94.793 125.222 125.916 0.994 18 18
2075081 99.933 128.167 109.701 1.168 6 6
2075087 95.099 96.556 91.183 1.059 18 18
2075094 99.06 177.39 167.086 1.062 82 86
2075109 98.722 96.971 89.82 1.08 35 35
2075121 98.657 86.059 80.034 1.075 17 18
2075123 99.113 133.783 127.238 1.051 23 23
2075124 99.82 143 135.49 1.055 6 6
2075130 99.799 129.571 115.801 1.119 7 7
2075133 99.783 103 91.327 1.128 62 61
2075135 97.866 101 116.724 0.865 10 10
2075138 99.003 74.318 75.002 0.991 22 23
2075139 99.536 100.202 93.924 1.067 89 90
2075144 99.394 50.8 46.806 1.085 10 10
2075163 87.169 108.071 105.881 1.021 14 14
2075192 98.584 124.706 109.406 1.14 34 35
2075194 98.441 137.214 115.776 1.185 14 14
2075207 99.081 133.5 122.408 1.091 40 41
2075208 98.397 98.188 86.344 1.137 16 16
2075216 97.321 144 140.977 1.021 10 10
2075217 99.325 94 87.819 1.07 6 6
2075223 99.773 140.577 135.276 1.039 26 29
2075345 98.548 127.182 122.463 1.039 11 11
2075387 97.981 63 77.343 0.815 10 10
2075394 100 129.833 134.222 0.967 6 6
2075395 98.453 115.556 108.896 1.061 18 18
2075400 99.954 100.143 100.162 1 21 22
2075516 96.969 96.81 103.726 0.933 21 21
2075517 99.274 90.341 94.926 0.952 41 42
2076209 99.498 111.34 100.045 1.113 50 51
2076599 99.339 116.136 115.501 1.005 44 44
2077330 99.486 82.373 80.272 1.026 75 75
2077456 99.943 125.8 120.464 1.044 10 10
2077517 98.339 66.875 63.16 1.059 16 16
2077859 99.854 75.182 89.06 0.844 11 11
2078234 97.432 88.556 95.102 0.931 36 37
2078246 99.307 102.935 108.967 0.945 2604 2645
2078305 99.619 80.444 81.442 0.988 9 9
2079494 99.834 112.077 108.941 1.029 13 13
2079760 99.907 81.857 73.456 1.114 7 7
2079823 98.782 93.292 93.434 0.998 24 24
2080414 99.472 76.233 70.331 1.084 30 30
2080707 99.431 112.5 113.908 0.988 8 8
2080715 99.151 168.941 146.508 1.153 17 17
2082648 99.38 82.352 82.781 0.995 54 55
208299 99.518 66.886 99.833 0.67 184 184
208318 36.394 39.693 117.658 0.337 400 605
208319 33.874 37.134 123.447 0.301 478 782
208320 40.41 34.105 135.244 0.252 19 44
2083664 99.882 78.323 97.36 0.804 31 31
2084262 99.56 104 126.818 0.82 8 8
208446 97.677 67.643 72.39 0.934 14 14
2084525 97.78 150.833 128.774 1.171 6 8
2084526 98.686 91.795 99.027 0.927 3217 3316
2084560 96.878 111.889 105.856 1.057 9 9
2085030 99.6 73 85.629 0.853 7 7
2085220 99.45 132.182 124.825 1.059 77 77
2085221 88.374 86 88.876 0.968 8 8
2085222 97.775 68.911 80.489 0.856 45 46
2085555 99.305 168.923 143.354 1.178 13 13
2085749 99.94 87.037 84.401 1.031 27 29
2085925 99.853 110.889 119.299 0.93 9 9
2086764 99.258 80 91.276 0.876 20 20
2086765 99.688 101.74 114.392 0.889 73 73
2086768 98.994 69.625 83.211 0.837 8 8
2086770 99.646 83.261 93.953 0.886 23 23
2087935 99.574 94.32 87.739 1.075 50 50
2090308 99.816 107.588 87.797 1.225 17 17
2090757 96.926 102.857 102.643 1.002 7 8
2091092 99.648 71.682 66.521 1.078 22 23
2091445 99.101 85.738 94.085 0.911 61 62
2091772 99.585 104.724 99.887 1.048 170 170
209203 74.636 16.944 22.638 0.748 18 22
209205 75.433 7.65 11.677 0.655 20 22
2093455 99.694 96.544 96.925 0.996 831 843
2093737 98.773 92.966 81.988 1.134 29 28
2093797 99.769 205.319 64.7 3.173 47 47
2094985 79.723 8.667 71.8 0.121 6 6
2094986 81.111 8.375 73.725 0.114 8 8
2094987 81.334 8.75 73.725 0.119 8 8
2095084 99.056 85.221 97.059 0.878 335 341
2095193 99.346 55.75 47.983 1.162 8 8
2095877 99.764 111.312 103.689 1.074 16 16
2096251 99.478 89.386 94.525 0.946 70 70
2096585 98.64 92.794 85.773 1.082 1406 1417
2096638 98.79 124.096 127.09 0.976 73 73
2096754 99.663 97.5 96.295 1.013 38 39
2096824 77.564 18.2 60.931 0.299 10 10
2097054 57.152 10.571 81.872 0.129 42 61
20972 98.475 139.5 136.504 1.022 14 14
2097587 99.798 193.16 221.996 0.87 25 25
20987 99.666 107.75 108.259 0.995 12 12
2099232 99.58 82.6 79.772 1.035 20 21
2100459 99.618 86.923 86.81 1.001 13 13
210099 98.34 86.988 78.408 1.109 168 168
2102791 99.375 136.909 125.723 1.089 22 22
2103626 99.6 74.091 71.016 1.043 33 33
2103687 99.627 131.508 122.613 1.073 329 331
2103874 99.924 110.545 102.572 1.078 11 11
2104709 74.792 6.75 61.231 0.11 12 13
2104710 74.104 9.895 61.253 0.162 19 19
2104711 73.618 21.242 86.164 0.247 66 66
210498 99.584 94.538 85.223 1.109 156 156
2105292 99.629 108.133 101.343 1.067 15 15
2105672 99.319 101.6 97.372 1.043 25 25
2105970 99.193 183.682 95.269 1.928 66 66
210615 94.428 175.7 170.832 1.028 10 10
210624 99.378 115.02 111.231 1.034 200 200
2107873 99.471 47.875 81.512 0.587 8 8
2108041 97.479 43 73.452 0.585 9 9
210809 99.556 175.571 120.482 1.457 14 14
2108603 98.672 39.757 97.526 0.408 37 38
2108744 99.125 95.366 103.933 0.918 41 42
2109114 99.346 98.02 89.961 1.09 51 52
2109122 99.504 106 98.544 1.076 7 7
2109341 99.86 80.8 99.155 0.815 5 5
210939 93.557 11.344 137.017 0.083 421 495
210940 77.867 9.2 92.574 0.099 10 10
210941 65.632 8.75 91.778 0.095 60 105
210942 75.106 9.357 74.2 0.126 14 19
210943 79.86 10.75 95.047 0.113 8 9
210944 86.173 53.889 77.8 0.693 9 8
2109930 99.623 104 107.506 0.967 113 116
2110084 100 79 67.887 1.164 11 11
2110190 99.799 138.733 166.876 0.831 15 15
2110419 99.936 99.783 114.312 0.873 23 23
2113703 99.876 102.111 82.089 1.244 9 9
2114010 99.778 95 98.121 0.968 5 6
211727 99.459 98.464 114.577 0.859 28 28
2118153 98.861 102.111 109.345 0.934 9 9
2118339 99.747 109.222 119.579 0.913 18 18
2118538 93.884 44.462 41.365 1.075 13 13
2118932 86.826 4.571 58.638 0.078 7 8
2119193 67.02 7.8 91.841 0.085 15 23
2119806 96.726 60.857 61.283 0.993 7 7
2120176 99.73 103.857 87.598 1.186 7 7
2120923 100 90 92.23 0.976 6 6
2121122 99.673 80.03 78.932 1.014 33 34
2121380 99.305 78.5 89.501 0.877 52 54
2121499 99.628 221.607 205.479 1.078 56 57
2121552 98.655 86.857 91.847 0.946 21 23
2121748 99.245 88.286 87.549 1.008 14 14
212197 99.444 141.517 136.143 1.039 145 145
2122380 99.058 77.467 82.767 0.936 512 518
2122395 99.263 91.796 95.115 0.965 5792 5905
2122503 98.498 75.211 77.772 0.967 19 19
2122646 95.121 74.857 72.41 1.034 14 15
2122826 98.893 151.25 147.589 1.025 16 16
2123086 99.602 185.297 158.924 1.166 236 245
2123087 99.663 70.45 64.574 1.091 40 40
2123090 99.142 103.547 98.425 1.052 53 54
2123112 99.564 107.211 98.748 1.086 38 38
2123113 99.286 127.882 91.688 1.395 76 76
2123131 99.52 111.464 97.258 1.146 28 27
2123133 99.253 103.14 91.095 1.132 129 130
2123145 99.397 92.063 83.685 1.1 5065 5169
2123146 99.592 88.62 80.299 1.104 3286 4116
2123148 99.679 102.192 84.698 1.207 26 27
2123152 99.152 100 84.881 1.178 129 131
2123154 98.522 86.474 80.356 1.076 38 39
2123160 99.38 125.008 109.826 1.138 521 527
2123162 98.949 123.394 97.544 1.265 208 211
2123167 99.406 100.399 92.155 1.089 233 234
2123168 99.623 108.422 93.756 1.156 1358 1374
2123169 99.64 113.676 102.777 1.106 6795 6804
2123175 99.762 92.1 85.159 1.082 10 10
2123179 99.222 113.883 98.69 1.154 171 183
2123181 99.051 121.822 91.046 1.338 90 2925
2123182 99.329 132.869 103.491 1.284 107 2529
2123230 99.699 73.1 54.591 1.339 20 20
2123627 99.846 77.889 77.524 1.005 18 18
2123876 99.615 88.578 72.692 1.219 599 614
2123911 99.672 153 140.526 1.089 12 12
2124006 99.317 117.533 114.197 1.029 15 15
2124275 99.334 86.955 89.923 0.967 22 23
2124355 94.72 98.014 113.858 0.861 74 75
2124491 98.145 106.205 103.487 1.026 44 44
2125104 97.727 15.455 98.96 0.156 11 11
2125113 92.937 115.048 137.801 0.835 21 22
2125202 78.214 15.125 82.294 0.184 8 8
2125545 99.651 133 125.343 1.061 15 15
2125666 82.181 7.143 94.47 0.076 7 7
2125698 100 94.7 94.44 1.003 10 10
2125847 99.363 107.694 97.471 1.105 62 63
212648 99.926 132.87 93.183 1.426 23 23
212674 99.405 87.992 76.081 1.157 1311 1311
212742 99.762 152.444 135.71 1.123 9 9
2127985 69.988 7.025 80.704 0.087 40 72
2127987 86.11 4.333 78.872 0.055 6 11
2127988 74.01 5.475 83.309 0.066 80 344
2128138 98.954 139.812 128.489 1.088 16 16
2128372 NA NA NA NA NA NA
2129270 99.301 59.455 59.882 0.993 11 11
2129288 98.934 74 69.244 1.069 22 22
2129683 99.677 119.551 111.704 1.07 49 49
2130574 97.686 83 91.294 0.909 8 8
2131199 100 58.7 65.556 0.895 10 11
2131237 100 85.2 97.63 0.873 5 5
2131934 100 68.7 75.95 0.905 10 10
2132760 98.716 117.316 113.405 1.034 38 40
213292 99.09 104.61 98.834 1.058 77 77
2133152 99.538 80.62 78.112 1.032 158 161
2133418 100 30.833 79.677 0.387 6 6
2133483 78.5 4.6 42.099 0.109 10 10
2133484 95.921 29.72 103.411 0.287 25 28
2133604 98.726 90.929 122.177 0.744 14 14
2133659 98.616 95.167 125.444 0.759 60 61
213371 99.726 69 66.479 1.038 69 69
2134845 99.671 71.273 68.034 1.048 22 21
2135154 99.589 111.77 109.041 1.025 2605 2643
2135804 99.288 139.517 143.877 0.97 29 29
2135870 99.714 104.097 96.835 1.075 2303 2256
2135900 85.09 33 57.206 0.577 8 9
2136026 98.551 104.25 87.075 1.197 8 8
2136155 97.32 81.733 65.592 1.246 86 87
2136616 99.478 114.6 114.175 1.004 15 15
2136737 99.924 74.077 75.095 0.986 13 13
2137523 76.474 13.688 88.806 0.154 16 17
2137524 70.148 14.867 91.656 0.162 15 16
2138436 99.32 127.442 114.051 1.117 3295 3346
2139324 99.119 137.857 125.024 1.103 7 6
2139438 99.837 43.667 58.649 0.745 6 6
2139441 99.292 60.4 69.8 0.865 5 5
2139477 100 63.5 88.3 0.719 2 2
2139483 99.74 73.621 71.016 1.037 243 251
2139490 99.335 90.5 91.366 0.991 2 2
2139497 99.749 73.017 88.91 0.821 116 117
2139499 99.925 50.25 52.461 0.958 12 13
2139505 100 63 89.962 0.7 4 4
2139515 100 82 92.933 0.882 3 3
2139517 99.195 57 71 0.803 2 2
2139553 100 62 72.25 0.858 2 2
2139558 100 57.25 57.605 0.994 4 5
2139616 100 55.667 75.066 0.742 3 3
2139631 99.56 337 337.621 0.998 2 2
2139643 98.53 132 157.4 0.839 2 2
2139660 99.424 34.19 60.462 0.565 116 124
2139752 99.609 58.53 74.141 0.789 185 187
214036 99.128 121.938 107.787 1.131 32 32
214096 99.867 154.667 136.2 1.136 3 3
2142371 99.728 68.538 77.263 0.887 13 14
2142399 99.243 99.405 101.658 0.978 190 193
2143158 99.482 114.13 110.517 1.033 23 24
2143540 99.407 181.667 151.832 1.196 3 3
214355 99.275 83.5 76.202 1.096 10 10
2143594 98.7 138.5 127.758 1.084 12 12
2143600 97.37 66.75 64.507 1.035 4 4
214387 99.645 98.417 82.65 1.191 12 12
2144152 99.638 98.172 86.897 1.13 29 30
2144366 99.501 107.544 93.051 1.156 228 234
2144436 98.698 115.156 94.959 1.213 777 775
2146307 99.437 96.417 113.576 0.849 36 37
2147171 66.914 6.625 121.702 0.054 48 161
2147653 98.655 113.763 106.468 1.069 76 88
2147658 97.218 127.536 106.73 1.195 28 28
2147784 99.527 84.885 86.602 0.98 322 323
2147826 99.431 74.125 78.723 0.942 24 24
2148408 98.801 108.629 102.62 1.059 35 35
214843 99.434 86.619 73.947 1.171 21 21
2148689 99.516 70.222 72.618 0.967 9 9
2148975 68.502 20.857 90.236 0.231 14 20
2148993 50.283 15.732 74.518 0.211 41 83
2149104 99.398 56.875 56.117 1.014 8 8
2149224 97.926 83.3 86.044 0.968 10 10
2150555 99.625 94.389 80.903 1.167 175 184
2150797 99.917 111.909 94.646 1.182 11 11
2150798 99.923 102.75 84.083 1.222 12 13
2150822 99.671 131.062 109.36 1.198 16 16
2151222 99.51 114.062 109.045 1.046 2604 2645
2151850 99.841 108.811 110.57 0.984 37 39
2152036 100 70 76.187 0.919 5 5
2152065 99.612 68.667 92.225 0.745 6 6
215280 99.638 113.112 95.484 1.185 98 98
2152914 99.821 49.643 53.451 0.929 14 15
2152998 98.615 75.379 75.672 0.996 66 66
2153410 99.868 118.944 106.507 1.117 886 887
2153684 98.029 82.76 112.119 0.738 75 75
2153739 56.097 14.153 90.441 0.156 59 87
2153791 79.452 11 111.424 0.099 8 8
2153908 99.565 56.222 77.028 0.73 18 18
2154044 99.78 111.667 101.701 1.098 6 7
2154134 99.9 82.364 85.312 0.965 11 11
2154352 99.942 111.571 99.536 1.121 14 14
2154410 99.506 111.3 113.151 0.984 10 10
2154491 99.647 113.438 100.222 1.132 16 16
2154538 99.783 96.857 89.215 1.086 21 22
2154661 96.972 143.167 122.119 1.172 12 21
2154674 98.603 100.318 106.295 0.944 22 23
2154685 100 86.889 85.436 1.017 9 9
2154710 100 66 93.365 0.707 6 6
2154724 99.773 111.333 128.834 0.864 3 11
2154730 99.777 89.947 94.177 0.955 19 19
2154857 99.052 107.261 106.753 1.005 23 23
2154874 99.118 89.619 83.905 1.068 21 22
2154875 99.195 104.545 100.045 1.045 11 11
2154932 98.987 90.2 83.704 1.078 10 10
2154973 99.598 90.378 99.419 0.909 37 39
2154974 97.43 99.083 101.671 0.975 12 12
2154976 98.704 126 118.27 1.065 10 10
2154977 98.44 46.75 57.454 0.814 16 16
2154979 99.806 81.8 86.718 0.943 5 5
2155082 97.701 99.889 100.046 0.998 9 9
2155098 94.211 89.643 84.12 1.066 14 14
2155102 98.867 120.5 115.896 1.04 20 20
2155129 99.306 57.125 55.483 1.03 24 24
2155148 98.757 121.875 116.673 1.045 8 8
2155162 93.454 122.375 125.518 0.975 8 8
2155163 99.557 83.679 87.933 0.952 28 28
2155167 99.474 106.748 103.141 1.035 405 405
2155168 99.6 99.941 98.906 1.01 30035 32276
2155169 98.996 105.528 105.045 1.005 72 73
2155180 96.758 166.167 164.021 1.013 6 6
2155214 96.666 78 83.213 0.937 25 25
2155217 96.779 101.056 102.277 0.988 18 19
2155219 98.263 79 79.025 1 11 11
2155222 97.942 79.556 84.206 0.945 9 9
2155228 99.96 101.556 103.461 0.982 9 9
2155258 85.518 112.435 114.876 0.979 23 24
2155276 89.852 99.368 105.012 0.946 19 20
2155289 98.883 89.72 93.797 0.957 50 60
2155300 100 64 70.577 0.907 8 8
2155321 99.614 111.143 130.554 0.851 7 7
2155341 99.925 74.733 80.264 0.931 15 15
2155346 98.427 100.833 105.831 0.953 6 6
2155366 99.448 108.1 106.451 1.015 10 10
2155417 96.282 41.364 78.397 0.528 11 11
2155418 99.688 111.525 116.518 0.957 40 40
2155430 99.289 94.7 91.47 1.035 10 10
2155541 98.023 84.862 88.421 0.96 123 125
2155546 96.418 106.625 111.753 0.954 32 33
2155547 98.439 106.75 90.503 1.18 8 9
2155607 99.284 119.053 122.198 0.974 19 19
2155627 95.753 79.3 95.598 0.83 10 11
2155631 98.609 115.643 131.83 0.877 14 14
2155648 99.671 113.194 118.521 0.955 36 36
2155667 99.936 79 86.894 0.909 25 25
2155681 99.762 112.833 118.895 0.949 6 6
2155687 97.907 94.474 100.914 0.936 19 19
2155689 93.003 54.312 65.011 0.835 16 16
2155690 98.798 451.294 69.169 6.524 17 17
2155693 98.04 83.697 98.706 0.848 33 33
2155699 99.184 80 89.786 0.891 26 26
2155700 98.864 94.243 104.908 0.898 37 38
2155721 99.341 93.8 99.803 0.94 10 10
2155732 98.808 80.763 103.966 0.777 38 38
2155734 98.909 73.571 95.612 0.769 14 14
2155738 99.127 142.273 134.657 1.057 11 12
2155739 98.66 126.75 148.821 0.852 8 8
2155751 98.901 54.714 82.93 0.66 7 9
2155783 99.168 233.222 104.069 2.241 45 46
2155784 100 92.222 96.246 0.958 9 9
2155786 99.565 86 114.567 0.751 11 11
2155787 99.38 84.173 90.195 0.933 52 54
2155795 98.282 52.957 70.908 0.747 23 23
2155797 97.909 79.867 90.824 0.879 15 15
2155819 96.976 93.882 133.841 0.701 17 18
2155824 99.116 81.091 88.289 0.918 11 12
2155841 98.798 107.667 114.772 0.938 24 24
2155859 99.722 69 70.319 0.981 11 12
2155969 98.45 68.286 68.163 1.002 14 15
2155971 99.854 72.308 68.2 1.06 26 27
2156027 99.961 122.375 121.97 1.003 8 8
2156100 98.533 84.818 84.021 1.009 22 22
2156109 99.09 102.348 99.033 1.033 23 23
2156110 97.941 99.739 98.152 1.016 23 24
2156119 97.171 128.8 96.301 1.337 10 10
2156120 98.509 101.062 94.572 1.069 16 15
2156121 98.074 95.929 83.545 1.148 14 14
2156484 95.763 144.6 139.429 1.037 10 10
2156591 98.291 95.842 96.829 0.99 19 20
2156891 98.842 79.867 79.324 1.007 15 15
2156918 99.612 127.224 129.432 0.983 147 151
2158277 99.758 98.667 104.206 0.947 6 6
2159081 97.101 131.778 151.328 0.871 9 9
215977 99.383 96.454 108.933 0.885 2649 2646
2159789 99.61 103.541 99.774 1.038 157 158
2160411 100 78.833 77.375 1.019 6 6
2160777 99.488 372 280.556 1.326 6 6
2161902 99.355 113.623 112.099 1.014 2565 2605
2167331 99.484 70.81 78.737 0.899 105 105
2167368 98.735 54.221 86.352 0.628 480 494
2167387 70.676 19 85.325 0.223 24 24
216865 99.411 176.949 151.137 1.171 99 99
2170738 99.83 129.333 77.14 1.677 6 6
2170756 99.568 114.778 89.358 1.284 18 18
2170780 99.821 95 81.195 1.17 7 7
2170938 99.41 107.163 80.197 1.336 43 43
2170955 96.53 116.857 138.614 0.843 7 7
217133 99.085 104 113.436 0.917 17 18
217302 99.644 116.757 96.426 1.211 173 173
2174232 99.642 109.333 106.788 1.024 6 6
2175002 100 18.125 133.434 0.136 8 24
2175176 100 48 51.023 0.941 5 5
2175361 94.646 56.111 136.978 0.41 9 11
2176783 99.599 76.208 68.901 1.106 24 24
2177073 NA NA NA NA NA NA
2178559 99.08 65.6 66.735 0.983 5 5
2179569 66.636 11.4 91.909 0.124 45 75
2179825 99.579 111.228 109.072 1.02 2607 2646
217993 99.097 107.758 74.281 1.451 33 33
2180092 99.264 107.125 96.166 1.114 16 17
2181307 97.774 76.706 100.059 0.767 34 34
2181372 99.11 70.845 114.41 0.619 116 123
2181793 98.277 77.333 62.116 1.245 6 7
2181821 99.285 113.316 106.008 1.069 19 19
2182411 99.568 118.8 113.733 1.045 5 5
2184220 99.878 70.952 75.544 0.939 21 21
2185104 98.951 150.444 154.943 0.971 9 9
2185319 97.593 80.176 91.829 0.873 17 18
218596 99.531 129.553 95.968 1.35 217 217
218599 99.798 133.166 98.797 1.348 163 164
218600 99.321 130.786 120.961 1.081 14 14
218610 99.893 123.7 105.185 1.176 10 10
218613 99.581 92.632 76.107 1.217 19 19
218618 99.449 284 181.768 1.562 7 6
218631 97.249 70.25 59.013 1.19 16 16
218632 99.806 87.5 71.388 1.226 14 14
218637 99.297 118.197 96.121 1.23 137 139
218639 99.656 91.879 73.012 1.258 33 33
2187194 99.616 175.583 172.682 1.017 24 24
2187202 100 51.714 60.618 0.853 7 7
2187204 97.6 146.571 144.69 1.013 7 7
2187208 99.825 109.267 108.097 1.011 15 16
2187220 97.728 64.158 61.158 1.049 19 21
2187223 99.618 114.896 89.052 1.29 144 145
2187225 99.23 86.769 83.445 1.04 13 13
2187226 99.5 119.275 99.734 1.196 142 147
2187231 99.587 145.067 126.615 1.146 30 29
2187232 99.55 99.662 92.837 1.074 198 199
2187237 98.879 119.758 119.407 1.003 33 33
2187253 99.483 113.782 92.629 1.228 55 56
2187254 99.874 85.562 85.305 1.003 16 16
2187262 99.792 61.31 56.513 1.085 29 29
2187270 99.251 112.855 96.792 1.166 523 530
2187274 99.595 100.372 85.387 1.175 1832 1869
2187277 99.631 118.222 87.699 1.348 180 184
2187278 99.281 114.425 95.81 1.194 398 406
2187287 99.476 100.342 87.903 1.142 158 158
2187288 98.037 120.353 90.717 1.327 17 17
2187290 99.587 139.67 112.386 1.243 97 99
2187295 98.778 102.25 88.155 1.16 40 41
2187296 99.245 253.674 220.414 1.151 328 333
2187299 99.8 81.364 83.502 0.974 11 11
2187303 99.531 136.159 106.539 1.278 176 177
2187306 99.634 114.364 94.738 1.207 77 77
2187307 99.77 117.47 88.32 1.33 747 762
2187308 98.925 112.033 92.189 1.215 120 123
2187313 99.146 132.263 118.763 1.114 57 56
2187314 98.953 117.543 94.953 1.238 552 561
2187315 99.529 110.429 85.921 1.285 56 60
2187316 99.423 145.057 107.499 1.349 227 231
2187317 99.879 114.842 89.329 1.286 19 19
218739 99.854 116.19 87.494 1.328 42 42
2187526 99.305 79.25 75.432 1.051 20 20
2187980 99.524 108.146 107.729 1.004 41 43
218825 99.928 115.222 100.494 1.147 9 9
2189473 99.1 81.149 97.942 0.829 288 289
2190022 77.9 10.692 101.588 0.105 26 26
2190024 80.391 8.706 121.448 0.072 17 17
2190042 82.511 9.182 100.332 0.092 22 22
2190044 77.619 10.037 99.171 0.101 27 27
2190343 99.928 80.667 78.819 1.023 30 30
2191441 93.75 54.667 89.101 0.614 6 8
2191635 99.227 76.72 81.473 0.942 994 1008
2194213 100 109.429 116.87 0.936 7 7
219489 99.534 106.65 93.293 1.143 20 20
2195437 99.901 83.647 75.939 1.102 17 17
2195445 99.503 93.059 88.58 1.051 68 68
2195485 99.822 98.982 91.281 1.084 112 113
2195868 98.994 36.5 94.658 0.386 16 22
2195871 98.334 69.5 101.423 0.685 20 28
2195874 99.176 51.4 100.936 0.509 10 17
2195875 98.556 83.5 113.727 0.734 12 19
2195876 97.132 50.5 100.936 0.5 10 17
2195885 98.761 44.444 77.241 0.575 9 10
2195886 98.689 44.333 77.241 0.574 9 10
2195890 98.816 71.286 99.239 0.718 7 7
2195896 97.324 106.162 113.446 0.936 204 209
2195899 99.169 105.044 113.298 0.927 206 211
2195904 98.388 56.494 84.545 0.668 81 83
2195905 98.683 57.148 84.545 0.676 81 83
2197365 88.976 20.474 126.709 0.162 19 31
2197366 87.199 22.529 129.353 0.174 17 29
2197367 93.278 31.125 115.151 0.27 24 46
2197369 93.583 15.621 117.727 0.133 29 45
2197371 95.028 15.6 116.559 0.134 35 48
2197671 99.915 132 124.355 1.061 11 12
2197879 99.864 70.548 77.945 0.905 84 84
2197902 99.527 125.167 123.372 1.015 12 12
2198228 99.583 106.083 123.536 0.859 12 11
2198840 99.629 90.714 88.033 1.03 7 7
2198922 98.96 68.45 59.746 1.146 20 20
2198977 98.288 73.75 58.942 1.251 12 12
2199229 90.643 24.182 46.036 0.525 11 11
2199702 98.37 77.571 76.379 1.016 7 7
2201185 98.143 135.688 121.268 1.119 16 16
2201192 97.435 102.2 91.483 1.117 10 10
2201194 100 68.727 68.14 1.009 11 11
2201197 99.64 108.333 105.524 1.027 21 22
2201198 99.687 110.664 90.491 1.223 2368 2418
2201205 99.624 104.486 94.035 1.111 185 187
2201208 97.742 93.733 95.802 0.978 15 15
2201219 99.397 111.111 107.91 1.03 9 9
2201222 99.678 124.5 103.845 1.199 18 18
2201223 99.763 97.148 73.403 1.323 108 108
2201224 99.656 80.357 69.626 1.154 14 14
2201232 100 90.556 86.498 1.047 9 9
2201243 98.751 86.762 76.988 1.127 21 21
2201294 99.709 86 67.505 1.274 23 24
2201329 99.972 92.022 80.76 1.139 45 45
2201347 98.944 75.8 109.842 0.69 5 5
2201426 100 132.375 129.619 1.021 8 8
2201436 99.838 199.917 188.659 1.06 12 12
2201530 93.333 91.167 101.609 0.897 6 7
2201589 93.333 48.333 49.917 0.968 3 3
2201591 99.812 83.733 99.517 0.841 15 15
2201621 99.083 179 199.628 0.897 3 3
2201661 94.188 106.5 216.08 0.493 4 4
2201698 97.349 103.125 117.119 0.881 8 8
2201720 99.58 87.564 89.962 0.973 866 876
2201774 99.394 88.667 118.347 0.749 9 9
2201853 96.479 87.351 88.179 0.991 57 92
2202849 99.418 139.217 127.706 1.09 23 23
2203021 99.463 121.667 122.431 0.994 3 3
2203024 99.695 100.994 98.052 1.03 473 481
2203238 99.725 96 94.285 1.018 27 29
2203401 51.291 13.99 87.823 0.159 102 183
2204232 99.847 115.4 105.216 1.097 10 10
2204991 99.594 144.571 127.735 1.132 7 7
2205283 99.602 106.819 86.472 1.235 758 771
2205558 99.854 108.786 112.779 0.965 14 14
2205565 98.122 126.167 124.446 1.014 30 30
2205572 99.413 91.889 78.779 1.166 9 9
2207091 99.623 124.1 94.875 1.308 10 10
2207106 98.527 145.75 103.344 1.41 12 13
2207482 99.779 107.689 94.94 1.134 45 46
2207484 99.361 113.244 83.997 1.348 693 717
2207502 99.811 104.136 85.792 1.214 22 23
2207523 99.584 104.158 81.208 1.283 19 19
2207525 99.868 105.077 82.286 1.277 13 14
2207531 99.635 103.005 89.918 1.146 185 189
2207535 99.468 153.5 127.936 1.2 72 72
2207561 99.889 86.698 79.225 1.094 43 43
2207573 98.292 122.653 104.33 1.176 49 49
2207574 99.395 92.818 71.411 1.3 11 11
2207579 99.888 184.375 157.118 1.173 8 8
2207582 99.529 101.767 81.639 1.247 43 43
2210127 97.665 68.323 65.913 1.037 62 63
2210658 98.623 130.231 122.96 1.059 13 16
2211515 99.126 126.75 127.802 0.992 20 22
2211537 99.647 92.426 93.83 0.985 162 166
2211578 98.66 123.195 114.965 1.072 41 40
2212800 98.572 15.583 107.548 0.145 12 14
2212803 98.571 18.571 113.238 0.164 7 14
2212812 97.727 10.091 111.627 0.09 11 22
2212825 98.828 55.444 178.023 0.311 18 23
2212836 100 54.222 100.088 0.542 9 10
2213265 80.877 66.091 75.228 0.879 11 40
2215210 98.93 175.778 183.147 0.96 27 27
2215238 100 83.8 95.608 0.876 5 5
2215754 99.62 81.667 77.634 1.052 15 16
2216963 99.201 118.689 110.253 1.077 2839 2905
2217453 99.595 77.702 77.501 1.003 57 58
2217803 99.73 87 86.736 1.003 20 20
2218074 91.666 26.545 38.148 0.696 11 11
2218116 74.661 31.125 110.201 0.282 8 8
2218376 96.191 36.389 132.076 0.276 18 18
2218411 98.358 128.68 123.622 1.041 25 25
2218702 100 58 77.206 0.751 10 10
2219250 99.794 99.846 131.491 0.759 13 13
221927 93.773 89.286 64.774 1.378 7 7
2219553 70.844 11 104.878 0.105 12 22
2219557 84 5.7 197.597 0.029 10 10
2220167 99.703 118.571 106.459 1.114 7 7
2220642 99.308 103.444 126.77 0.816 9 10
2220669 99.805 103.72 104.504 0.993 25 25
2220703 87.5 28.571 72.935 0.392 14 15
2220708 83.315 18.364 66.79 0.275 11 14
2221006 99.488 47 54.365 0.865 9 9
2221159 73.358 17.333 73.841 0.235 9 12
2221160 72.088 13.778 67.704 0.203 18 24
2221287 99.695 109.921 106.379 1.033 63 64
2221486 79.673 10.636 74.362 0.143 11 11
2221487 79.367 11.1 72.394 0.153 10 10
2221919 99.735 65.667 65.021 1.01 6 6
2222555 92.052 4.308 86.936 0.05 13 71
2222557 87.891 5.281 83.159 0.064 96 258
2223622 99.739 181 154.209 1.174 8 8
2223685 99.499 93.307 80.034 1.166 140 144
2223772 91.101 7.328 160.7 0.046 183 348
2223832 91.984 8.803 160.717 0.055 183 339
2223833 92.458 11.405 160.463 0.071 210 342
2224496 99.921 99.312 104.595 0.949 16 16
222486 99.635 144.182 90.206 1.598 77 463
2225365 99.251 121.138 113.66 1.066 3212 3256
2225569 99.591 81 87.943 0.921 7 8
2226118 99.767 67.976 74.342 0.914 41 41
2229867 81.98 4.562 101.63 0.045 16 41
2229876 98.758 82.526 79.753 1.035 19 19
2229964 99.988 195.875 155.76 1.258 8 8
2229988 99.825 86.909 76.268 1.14 11 11
223008 97.291 92 84.836 1.084 7 7
2231132 99.745 131 116.116 1.128 15 18
2231979 98.967 68.7 68.664 1.001 10 10
2232237 99.342 104.643 95.922 1.091 364 370
2232263 99.546 89.652 86.702 1.034 46 47
2232640 99.911 81.875 77.269 1.06 8 8
2232653 98.585 164.833 126.988 1.298 12 13
2232655 99.732 102.488 87.722 1.168 80 82
2232656 97.939 87.111 72.155 1.207 36 36
2232657 98.776 130.391 99.021 1.317 87 88
2232701 99.935 101.333 99.449 1.019 6 6
2232876 60.798 11.565 100.644 0.115 62 147
2233100 88.031 15.909 163.143 0.098 11 35
2233685 99.87 86.95 87.998 0.988 20 20
2234248 99.789 136.125 123.339 1.104 8 8
2234253 99.059 72.267 69.469 1.04 30 30
2234276 99.627 95.636 87.233 1.096 11 11
2234279 99.645 136.333 116.634 1.169 6 6
2234736 99.766 118.312 116.707 1.014 16 16
2234892 99.857 92.273 74.804 1.234 11 11
2234903 96.95 142.118 121.783 1.167 17 17
2234998 99.067 156.538 128.805 1.215 26 27
2235087 99.297 125.984 113.722 1.108 3227 3275
2235379 68.985 4.697 89.356 0.053 122 378
2235382 80.55 13.532 89.913 0.151 154 461
2235384 69.299 3.737 90.719 0.041 38 492
2235554 99.886 97.143 102.469 0.948 14 14
2235930 90.842 68.25 123.537 0.552 4 5
223676 99.292 104.75 107.695 0.973 4 4
223705 99.068 148.6 154.658 0.961 5 5
223732 88.301 11.377 92.617 0.123 61 65
223734 78.06 12.054 93.079 0.129 56 62
223752 11.863 68.693 85.909 0.8 114 129
223756 90.365 54.138 80.198 0.675 160 161
2237874 99.954 130.375 106.086 1.229 24 24
223789 100 51.714 137.009 0.377 7 7
223796 100 22 137.14 0.16 5 5
2237977 99.572 140.091 115.884 1.209 11 11
2238000 99.926 107 90.523 1.182 13 13
2238001 99.446 122.293 93.284 1.311 341 351
2238009 98.324 135.26 99.53 1.359 50 50
2238010 99.101 79.595 68.624 1.16 84 84
2238014 99.507 110.95 82.99 1.337 20 20
2238016 99.758 118.725 92.966 1.277 40 40
2238022 94.311 108.455 143.792 0.754 22 23
2238032 93.876 99.067 107.261 0.924 30 41
2238117 99.624 81.733 71.361 1.145 15 15
223812 86.775 8 98.984 0.081 6 12
223819 98.249 40.286 76.715 0.525 7 14
223821 95.833 5.333 69.651 0.077 3 10
223826 81.47 8.167 129.555 0.063 6 8
223827 96.371 33.857 135.361 0.25 7 8
223834 97.28 57.3 104.607 0.548 20 20
223837 97.064 33.4 196.236 0.17 5 5
223838 93.939 8.667 85.656 0.101 9 10
223839 86.362 11.6 93.954 0.123 5 5
223844 98.006 27.375 100.692 0.272 8 15
223870 74.404 14.619 87.522 0.167 21 23
223872 98.835 12.842 104.491 0.123 57 64
2238723 94.256 58.25 225.999 0.258 8 8
223881 87.583 14.442 113.926 0.127 77 92
223884 98.087 18.25 109.48 0.167 52 58
2238850 86.133 8.391 107.107 0.078 384 545
2238851 78.352 6.161 106.383 0.058 255 581
2238976 99.114 136.379 115.86 1.177 29 30
2239358 94.458 6.776 107.412 0.063 210 555
2239360 95.325 10.834 108.104 0.1 277 557
223967 99.516 89.242 101.421 0.88 165 166
2239713 100 102.867 96.469 1.066 15 15
2239772 99.404 65.083 67.941 0.958 60 62
223980 99.187 67.333 114.168 0.59 3 3
2239965 99.893 118.909 121.122 0.982 22 23
224024 88.999 33.312 151.868 0.219 16 18
224029 100 105.333 90.467 1.164 3 3
224042 98.75 29 39.354 0.737 4 4
224053 99.465 61.5 69.671 0.883 4 4
224097 99.722 79.5 88.971 0.894 4 4
224109 99.837 203.333 188.376 1.079 6 6
224147 91.667 103.667 78.179 1.326 3 9
2241473 72.599 38.778 110.875 0.35 9 9
224152 87.888 72.3 75.082 0.963 20 51
2241530 98.794 95.491 88.195 1.083 57 62
2241734 99.686 226.072 272.591 0.829 111 114
2241742 100 67.429 78.261 0.862 7 17
2242307 99.516 75.665 81.09 0.933 522 534
224243 100 65.6 83.409 0.786 5 5
2242582 100 29 29.709 0.976 73 76
2242883 98.837 100.222 98.857 1.014 9 9
224338 92.092 74.769 82.59 0.905 13 16
224346 99.656 87.4 73.569 1.188 5 5
224382 100 116.667 109.475 1.066 3 3
224394 98.425 108.636 100.669 1.079 11 11
2243990 99.291 57.9 74.069 0.782 10 15
224414 97.56 123 111.971 1.098 1 1
2244264 93.397 86.318 153.702 0.562 22 34
2244265 99.878 91.062 154.61 0.589 16 29
224489 99.68 83.833 87.12 0.962 18 18
2244921 77.607 15.571 77.275 0.202 7 8
2245150 98.076 57.818 71.875 0.804 55 56
2245157 99.811 85.738 87.6 0.979 61 62
2245168 99.307 83.444 97.671 0.854 36 37
2245183 99.269 84.803 127.17 0.667 66 69
2245184 99.753 42 64.72 0.649 9 9
2245250 98.381 74.462 70.144 1.062 13 13
2245581 99.207 156.833 152.859 1.026 6 6
2245992 99.367 142.478 136.823 1.041 23 24
224649 100 80 88.129 0.908 4 8
2247343 98.14 131.811 94.243 1.399 37 39
2247521 99.497 151.322 143.148 1.057 59 61
224760 99.279 87.8 90.747 0.968 30 30
2247687 96.549 100.5 86.832 1.157 8 8
2248823 99.25 116.353 126.917 0.917 17 17
2249239 99.875 63.059 96.215 0.655 34 37
2249321 99.595 52.703 88.724 0.594 148 149
2249508 98.759 67.684 74.712 0.906 19 19
224962 99.874 54.606 73.698 0.741 254 254
225133 99.849 62.263 75.077 0.829 19 19
2251605 99.485 99.266 108.087 0.918 2790 2833
2252124 83.477 4.926 101.159 0.049 94 265
225274 99.483 87.357 88.193 0.991 1453 1455
2254068 99.455 156.866 132.63 1.183 149 151
2254599 99.686 57.583 64.792 0.889 12 12
2254646 99.605 54.167 72.801 0.744 6 7
2254791 98.949 89.333 90.278 0.99 12 12
225500 99.673 108.932 101.705 1.071 974 981
2255807 99.357 118.333 116.277 1.018 15 15
225668 67.156 122.222 94.839 1.289 9 40
2257239 99.867 124.714 111.849 1.115 7 7
225765 99.771 134.938 113.589 1.188 16 16
2257767 99.762 86.909 94.556 0.919 22 22
2257780 91.843 82.714 85.603 0.966 21 21
2257783 99.78 87.412 89.667 0.975 34 35
2257801 99.893 98.786 93.272 1.059 14 15
2257808 99.263 98.429 110.972 0.887 7 8
2257809 99.735 61.333 89.488 0.685 6 6
2257827 99.118 68.5 69.412 0.987 20 20
2257829 99.057 86.44 85.797 1.007 50 49
2258008 97.709 98.171 169.618 0.579 41 44
2258010 97.011 95.634 169.618 0.564 41 44
2258014 99.617 93.237 89.084 1.047 986 991
2258017 96.689 106.698 178.475 0.598 43 47
2258024 98.425 95.067 77.991 1.219 15 16
2258029 100 105.5 80.739 1.307 12 12
2258636 99.777 124.7 117.75 1.059 10 10
2259302 99.745 165.267 148.977 1.109 180 178
2259313 99.705 107.286 84.301 1.273 398 400
2259324 99.738 89.769 77.596 1.157 39 39
2259325 99.305 137.125 114.785 1.195 16 17
2259338 99.858 106.793 97.658 1.094 29 30
2261699 95.833 31.333 146.056 0.215 6 14
2261702 98.182 5.818 161.863 0.036 11 18
2261708 94.883 9.472 125.628 0.075 36 38
2263178 94.83 13.786 165.944 0.083 42 57
2263380 96.553 34.273 150.884 0.227 11 11
2263391 93.29 80.2 81.49 0.984 10 18
2263475 99 49.6 45.749 1.084 5 5
226356 99.869 100.059 85.005 1.177 17 17
2263635 97.184 46.778 206.321 0.227 9 14
2264540 99.913 150 140.459 1.068 42 43
2264786 99.681 87.842 95.836 0.917 57 60
2265112 91.276 4.606 94.844 0.049 33 91
2265149 71.291 7.72 108.276 0.071 25 25
2265153 94.336 134.766 143.334 0.94 47 50
2265993 99.73 95.75 101.71 0.941 4 4
2266080 86.36 6 64.737 0.093 14 16
2266082 88.123 5.381 62.298 0.086 21 22
2266084 65.652 10.6 70.931 0.149 75 93
2266085 56.559 11.509 83.401 0.138 55 72
2266157 79.119 6.358 99.642 0.064 159 314
2266169 72.483 18.6 82.806 0.225 15 18
2266213 68.636 15.6 45.557 0.342 10 13
2266215 70.357 22.448 81.973 0.274 116 134
2266219 71.559 28.842 58.022 0.497 38 42
2266235 89.328 4.484 90.956 0.049 31 99
2266240 73.041 17.492 104.079 0.168 122 223
2266314 99.519 88.774 94.767 0.937 733 746
2266487 96.297 30.5 83.201 0.367 6 6
2266550 96.324 30.86 107.849 0.286 57 184
2266553 97.796 75.959 90.817 0.836 292 413
2266583 89.388 9.077 100.345 0.09 182 314
2266598 92.417 37.907 95.68 0.396 247 396
2266604 90.772 16.2 100.399 0.161 195 330
2266624 92.221 23.306 94.401 0.247 235 360
2266660 96.749 52.174 108.578 0.481 46 170
2267535 99.568 151.975 122.47 1.241 323 325
2267540 99.313 145.538 127.873 1.138 93 94
2267648 99.339 128.677 103.268 1.246 31 31
2267949 95.256 27.385 37.583 0.729 13 13
2268433 99.566 115.543 109.047 1.06 2593 2646
2268435 98.312 200.667 251.888 0.797 6 6
2268450 97.087 93.857 77.269 1.215 7 7
2268695 96.274 54.875 82.985 0.661 24 42
2268699 99.089 30.7 101.745 0.302 10 10
2268706 99.546 32.727 119.724 0.273 11 11
2268707 81.25 3.75 54.931 0.068 4 7
2268708 83.5 5.1 66.783 0.076 10 12
2268713 87.5 5 155.144 0.032 3 6
2268736 92.647 4.824 100.397 0.048 17 24
2269545 99.244 113.272 111.229 1.018 2839 2923
2270016 97.809 83 79.972 1.038 7 7
2270105 99.508 94.368 89.817 1.051 19 20
2271032 98.632 113.077 111.783 1.012 13 14
2271128 93.81 42.106 87.877 0.479 47 60
227120 99.232 97.457 85.66 1.138 35 35
2271717 97.412 61.9 71.049 0.871 10 10
2271768 90.836 15.909 83.527 0.19 11 37
2271770 87.879 26.966 82.213 0.328 59 176
2271772 90.691 6.643 82.606 0.08 70 156
2271815 99.338 91.961 91.931 1 76 76
2271823 99.798 84.15 89.944 0.936 20 20
2271832 98.008 109.632 101.737 1.078 19 19
2271861 99.135 80.75 89.859 0.899 8 8
2272095 68.75 11.538 79.906 0.144 26 28
2272097 82.344 20.6 80.44 0.256 5 5
2272098 92.729 63.182 116.053 0.544 11 11
2272544 99.693 123.429 125.138 0.986 21 21
2272608 99.878 113.789 106.875 1.065 19 19
2272736 99.711 78.812 79.269 0.994 16 16
2272745 98.787 119.292 102.943 1.159 24 24
2273086 97.727 170.255 163.441 1.042 47 47
2273240 98.766 73.286 64.552 1.135 21 21
2275253 99.861 100.143 107.549 0.931 7 7
2275289 99.55 125.667 116.029 1.083 6 6
227697 100 85.25 85.043 1.002 4 4
2277065 99.665 102.72 95.249 1.078 82 82
2278367 99.606 173.4 191.735 0.904 5 5
227940 99.827 166.645 160.432 1.039 121 117
2279864 99.435 94.182 88.524 1.064 22 24
2279900 98.227 70.571 59.606 1.184 7 7
22800 100 84.091 63.312 1.328 11 11
228032 99.779 86 83.212 1.034 8 8
2280887 99.987 112.167 116.783 0.96 42 42
228097 67.841 7.5 75.409 0.099 10 11
2281094 100 96.6 85.23 1.133 5 5
2281266 99.555 82.583 71.432 1.156 12 12
2281267 99.733 72 67.219 1.071 10 10
2281279 99.265 71.824 74.389 0.966 17 17
2281280 99.338 152.767 147.654 1.035 90 90
2281281 99.416 98.148 81.308 1.207 27 27
2282051 99.852 138.455 108.389 1.277 33 32
2282058 99.304 95.615 83.529 1.145 1396 1418
2282111 99.861 57.645 43.052 1.339 1342 1399
2282801 71.875 8.417 64.489 0.131 12 16
2283030 100 67.857 68.888 0.985 7 8
2283032 99.523 74 73.124 1.012 15 15
2283191 99.626 101.918 109.021 0.935 2602 2647
228374 99.934 144.909 133.532 1.085 11 11
2285255 98.452 150.231 162.75 0.923 13 13
2285396 99.541 110.68 97.719 1.133 97 97
2285900 99.452 72.48 65.618 1.105 179 183
2285906 99.427 116.92 97.25 1.202 25 27
2286425 100 81.917 95.259 0.86 12 13
2287100 99.353 94.156 88.115 1.069 109 111
2287878 99.582 141.75 127.156 1.115 12 12
2288482 99.799 109.333 103.033 1.061 15 15
2288681 98.302 81.259 107.062 0.759 54 57
2288683 99.36 85.056 86.084 0.988 36 36
2288697 99.428 103.75 109.482 0.948 120 124
2288703 99.785 86.39 84.614 1.021 118 119
2288704 98.496 106.672 111.02 0.961 64 73
2288713 99.287 87.247 103.478 0.843 77 88
2288717 99.164 151.159 141.905 1.065 113 114
2288718 97.509 99.25 105.417 0.941 56 62
2288719 99.484 101.818 102.829 0.99 66 64
2288727 98.872 80.91 90.699 0.892 166 177
2288730 99.624 147.113 93.896 1.567 97 97
2288731 99.148 101.355 100.176 1.012 31 32
2288739 99.548 72.889 72.812 1.001 27 27
2288740 96.13 51.125 82.078 0.623 16 16
2288742 99.231 93.306 125.561 0.743 36 36
2288751 99.524 106.581 101.967 1.045 31 33
2288752 99.628 87.604 95.678 0.916 106 109
2288754 99.25 83.695 88.416 0.947 59 59
2288757 99.192 100.667 102.349 0.984 39 39
2288763 94.882 58 101.18 0.573 21 31
2288764 98.537 91.739 101.476 0.904 180 192
2288766 96.765 92.052 105.332 0.874 77 87
2288767 98.475 65.591 79.762 0.822 22 22
2288772 99.023 127.625 134.567 0.948 24 22
2288775 98.571 90.872 97.308 0.934 39 40
2288778 90.485 72.38 91.722 0.789 121 175
2288779 96.916 91.241 101.1 0.902 29 36
2288781 97.337 45 84.26 0.534 10 16
2288782 95.887 53.821 72.364 0.744 195 225
2288784 94.167 36.2 98.244 0.368 10 26
2288790 99.252 72.634 76.23 0.953 123 125
2288805 99.743 93.767 91.519 1.025 172 179
2288806 98.326 97.187 92.507 1.051 75 75
2288817 99.087 102.26 90.649 1.128 131 132
2288818 99.224 111.883 106.434 1.051 111 112
2288820 99.268 95.082 87.698 1.084 679 689
2288821 99.462 100.829 108.451 0.93 35 37
2288826 98.575 105.766 104.647 1.011 350 352
2288827 98.956 99.661 95.753 1.041 118 129
2288829 99.602 109.071 103.078 1.058 14 14
2288830 98.545 90.824 78.982 1.15 51 53
2288832 99.241 94.163 93.698 1.005 43 43
2288835 99.419 107.532 92.681 1.16 126 126
2288836 99.074 80.268 75.83 1.059 41 41
2288839 99.415 101.442 95.02 1.068 215 220
2288841 95.401 100.537 112.696 0.892 82 93
2288844 97.529 86.179 82.327 1.047 190 195
2288847 98.979 112.198 98.634 1.138 414 414
2288848 98.814 91.629 80.552 1.138 62 62
2288851 99.43 118.7 98.41 1.206 10 10
2288853 91.097 73.775 87.557 0.843 89 118
2288854 79.474 58.059 80.881 0.718 17 20
2288856 85.823 20.212 93.531 0.216 33 69
2288859 97.508 89.845 95.796 0.938 71 116
2288860 90.628 25.64 95.041 0.27 25 59
2288862 75.015 15.25 87.205 0.175 8 13
2288868 99.566 127.037 129.266 0.983 80 85
2288869 99.008 104.324 85.88 1.215 37 37
2288878 99.901 121.931 100.692 1.211 29 29
2288880 100 115.154 99.083 1.162 13 13
2288883 99.551 133.652 122.806 1.088 141 147
2288885 98.476 98.974 89.84 1.102 39 39
2288886 98.128 97.217 83.104 1.17 69 69
2288887 97.843 98.44 88.619 1.111 50 50
2288895 98.949 105.798 101.63 1.041 89 89
2288919 97.946 139.238 144.638 0.963 21 22
2288920 99.405 116.359 98.51 1.181 64 72
2288928 99.136 100.58 95.209 1.056 176 186
2288930 99.219 107.864 105.495 1.022 176 188
2288932 97.692 111.935 106.756 1.049 31 35
2288933 99.453 90.102 84.787 1.063 254 260
2288934 98.698 84.041 76.7 1.096 49 50
2288935 99.79 94.957 88.048 1.078 92 94
2288937 99.711 82.805 86.618 0.956 87 93
2288938 99.092 87.84 89.218 0.985 50 54
2288944 99.652 94.8 90.906 1.043 80 82
2288945 99.064 69.6 73.682 0.945 20 20
2288952 99.552 100.527 94.037 1.069 182 186
2288953 99.166 96.287 90.325 1.066 171 175
2288954 99.497 102.944 93.505 1.101 36 38
2288955 99.494 122.596 109.972 1.115 188 188
2288956 99.095 110.643 106.982 1.034 56 58
2288960 99.422 125.35 115.574 1.085 20 20
2288961 99.02 68.593 78.362 0.875 54 61
2288962 99.172 108.733 101.516 1.071 30 36
2288964 99.741 107.773 109.988 0.98 22 30
2288988 99.157 97.532 88.681 1.1 139 142
2288997 98.407 108.662 96.546 1.125 68 68
2288998 99.498 135.579 110.396 1.228 38 39
2289000 96.722 129.083 111.037 1.163 12 13
2289001 97.689 103.4 90.084 1.148 25 26
2289009 99.023 116.054 108.737 1.067 37 37
2289010 99.109 152.214 138.509 1.099 28 28
2289015 97.629 199.714 183.966 1.086 28 30
2289016 99.097 124.508 117.645 1.058 301 304
2289027 98.496 139.963 134.291 1.042 27 27
2289028 97.921 105.143 101.295 1.038 28 28
2289030 99.519 87.779 78.852 1.113 516 540
2289031 99.318 98.058 91.089 1.077 138 142
2289036 98.257 115.169 100.557 1.145 89 90
2289037 99.161 93.309 87.544 1.066 123 124
2289038 99.792 97.538 85.615 1.139 52 54
2289039 99.137 148.12 130.778 1.133 25 25
2289040 99.304 93.125 83.342 1.117 441 447
2289042 96.638 97.897 111.745 0.876 29 33
2289043 98.93 99.829 109.576 0.911 82 90
2289046 99.564 113.655 105.738 1.075 29 33
2289047 99.491 95.946 85.745 1.119 8160 8358
2289049 99.387 95.727 170.917 0.56 11 11
2289050 100 113 102.232 1.105 13 14
2289052 99.555 122.364 128.978 0.949 22 23
2289053 97.168 50.6 132.872 0.381 15 27
2289054 99.301 97.028 89.206 1.088 246 253
2289055 99.744 133.556 138.975 0.961 18 18
2289057 99.537 110.088 102.897 1.07 102 102
2289058 89.761 117.69 135.548 0.868 29 30
2289061 99.888 127.083 136.03 0.934 36 36
2289066 99.815 119.462 118.983 1.004 13 14
2289067 99.726 108.725 98.197 1.107 80 80
2289068 99.786 79.333 68.264 1.162 48 48
2289069 99.113 104.125 91.383 1.139 32 32
2289070 99.085 84.746 80.54 1.052 59 60
2289071 99.3 113.385 112.605 1.007 13 13
2289072 98.931 96.339 91.88 1.049 186 188
2289073 98.523 99.315 86.25 1.151 73 74
2289081 98.115 101.418 93.568 1.084 134 134
2289082 97.774 123.333 118.575 1.04 42 44
2289089 99.765 93.548 88.456 1.058 31 33
2289090 99.087 103.343 96.472 1.071 338 343
2289091 99.609 79.144 71.858 1.101 146 151
2289095 98.166 134.784 152.959 0.881 37 38
2289096 99.591 94.398 87.22 1.082 457 463
2289097 99.108 159.782 155.738 1.026 55 56
2289099 99.225 94.512 90.803 1.041 123 124
2289100 96.77 73 79.998 0.913 24 25
2289102 94.152 72.562 94.867 0.765 16 16
2289103 99.306 113.696 114.826 0.99 112 114
2289105 99.049 101.7 97.657 1.041 50 51
2289106 98.326 76.5 81.37 0.94 18 19
2289109 99.049 146.3 150.284 0.973 10 10
2289111 98.514 113.179 121 0.935 28 28
2289114 98.993 146.753 139.061 1.055 73 73
2289119 99.281 118.45 102.97 1.15 40 40
2289120 99.69 74.7 85.482 0.874 10 10
2289133 98.194 156.2 152.511 1.024 5 5
2289138 99.418 93.728 98.858 0.948 162 167
2289140 98.726 99.5 103.267 0.964 46 47
2289142 99.309 76.793 85.901 0.894 116 117
2289150 99.485 194.531 197.706 0.984 224 225
2289159 99.8 40.304 91.141 0.442 23 28
2289162 98.818 113.53 112.815 1.006 406 416
2289171 98.67 71.24 78.525 0.907 25 25
2289180 98.48 82.04 88.089 0.931 50 54
2289186 97.995 88.705 104.095 0.852 78 83
2289189 90.836 109.706 119.683 0.917 17 18
2289192 99.877 121.903 116.678 1.045 31 31
2289193 95.219 94.619 108.487 0.872 21 23
2289199 98.823 125.667 112.208 1.12 9 9
2289200 99.001 107.514 91.033 1.181 37 37
2289201 99.377 128.457 119.705 1.073 35 36
2289202 99.046 102.21 101.08 1.011 585 596
2289203 99.681 96.04 97.311 0.987 25 25
2289204 86.039 72.56 94.07 0.771 25 26
2289205 99.979 103.333 105.087 0.983 15 16
2289207 98.377 112.149 108.128 1.037 208 208
2289208 99.554 103.882 98.468 1.055 51 51
2289212 98.275 88.114 85.476 1.031 35 35
2289213 99.359 114.187 106.299 1.074 1029 1047
2289214 98.644 140.458 122.618 1.145 59 59
2289216 97.856 89.707 93.42 0.96 41 43
2289218 99.547 115.283 108.726 1.06 53 53
2289219 98.964 89.98 92.629 0.971 50 52
2289220 99.66 86.053 81.5 1.056 246 250
2289222 99.514 104.006 111.763 0.931 163 174
2289223 97.805 63.963 61.189 1.045 27 28
2289225 99.289 82.385 83.358 0.988 65 66
2289228 99.183 102.411 95.982 1.067 219 220
2289231 99.518 111.787 105.263 1.062 174 181
2289238 99.669 92.706 97.216 0.954 17 18
2289239 99.089 98.524 93.409 1.055 21 21
2289240 99.497 105.133 101.871 1.032 75 77
2289248 97.149 96.333 98.808 0.975 39 42
2289251 94.752 78.167 183.723 0.425 12 13
2289252 99.046 108.661 98.524 1.103 921 940
2289253 96.862 107.417 102.744 1.045 36 37
228953 99.667 103.636 107.227 0.967 11 11
2290039 98.837 78.388 83.746 0.936 134 138
2291005 99.714 87.417 82.016 1.066 12 12
2291561 99.901 101.75 107.469 0.947 8 8
2291730 99.684 79.375 107.726 0.737 8 8
229425 99.793 88.111 83.45 1.056 9 9
229433 99.515 109.569 103.282 1.061 109 109
2294348 99.473 127 117.121 1.084 7 7
2294911 98.22 34.683 79.817 0.435 41 49
2294912 97.786 34.6 79.507 0.435 40 48
2294945 87.61 13.273 101.478 0.131 11 21
2294952 97.916 51 74.958 0.68 26 38
2294957 97.703 66.417 111.832 0.594 12 24
2294979 98.646 49.6 117.461 0.422 10 10
2294981 98.902 59.417 115.152 0.516 12 12
2294991 97.235 65.298 75.971 0.86 47 47
2294998 95.751 87.222 89.539 0.974 18 19
2295015 99.952 55.286 79.739 0.693 21 32
2295026 97.749 57.8 78.035 0.741 15 27
2295038 98.179 41.308 68.221 0.606 13 25
2295042 98.349 57.688 71.781 0.804 16 26
2295043 99.176 31 67.71 0.458 14 26
2295044 98.237 27 69.182 0.39 16 28
2295047 97.796 25.25 75.479 0.335 24 33
2295080 98.926 52.621 88.639 0.594 29 30
2295089 99.334 76.569 111.731 0.685 58 57
22951 99.487 90 71.93 1.251 6 6
2295242 99.102 42.188 94.267 0.448 32 67
2295244 99.844 23.727 93.267 0.254 11 43
2295245 100 9.6 91.065 0.105 10 45
229556 99.511 127.913 105.332 1.214 23 23
229612 99.81 125.714 99.854 1.259 7 7
2296427 89.997 17.359 103.026 0.168 64 455
2296428 99.068 14.722 86.701 0.17 18 43
2296430 91.618 10.623 99.093 0.107 162 373
2296431 90.671 11.783 98.897 0.119 180 374
2296447 96.373 48.143 95.876 0.502 7 39
2296448 89.803 16.778 91.699 0.183 9 68
2296456 97.949 9.269 98.684 0.094 78 126
2296457 97.695 9.233 98.168 0.094 90 131
2296465 99.174 9.965 93.456 0.107 85 149
2296469 97.473 8.056 101.053 0.08 71 120
2296472 95.929 5.945 105.238 0.056 55 93
2296473 97.449 6.433 104.47 0.062 67 94
2296479 98.205 9.119 108.129 0.084 67 81
2296483 94.988 21.231 100.447 0.211 13 15
2296607 98.052 63.375 85.73 0.739 8 8
2298194 99.569 102.847 109.056 0.943 2605 2644
2298248 99.198 82.864 89.09 0.93 81 82
229872 89.868 6.874 83.571 0.082 167 284
229874 88.457 6.049 83.995 0.072 41 286
2298776 99.732 76.807 91.85 0.836 1340 1362
2298950 99.326 142.593 142.113 1.003 86 85
2300142 92.027 17.429 107.744 0.162 14 66
2300148 93.889 5.8 115.982 0.05 10 20
2300150 90.011 5.571 114.858 0.049 14 21
2300152 96.073 6.909 100.567 0.069 22 29
2300159 97.563 8.667 95.327 0.091 9 13
2300162 97.583 9.7 95.327 0.102 10 13
2300186 85.898 4.308 109.873 0.039 13 63
2300188 96.734 7.051 112.419 0.063 39 83
2300206 98.713 47.844 123.776 0.387 493 576
2300388 96.475 23.679 145.7 0.163 28 32
2300389 95.179 19.027 140.812 0.135 37 43
2300390 92.111 13.951 123.117 0.113 61 82
2300403 99.838 28.308 55.165 0.513 13 13
2300408 99.444 85.333 121.482 0.702 9 10
2300426 95 25.4 121.114 0.21 5 6
2300432 95.551 11 99.312 0.111 27 32
2300443 83.188 4.385 101.362 0.043 13 52
2300584 97.054 16 107.894 0.148 16 21
2300585 98.217 28.588 129.811 0.22 17 20
2300594 99.243 28.727 148.32 0.194 11 11
2300595 99.533 60 122.567 0.49 3 3
2300600 100 69.5 101.569 0.684 6 6
2300639 99.43 92.182 113.661 0.811 181 186
2300666 98.057 21.837 84.598 0.258 257 289
2300669 97.009 18.867 84.159 0.224 240 285
2300674 95.892 12.852 83.287 0.154 135 252
2300676 94.692 20.488 84.032 0.244 129 257
2300678 94.19 16.11 81.925 0.197 82 241
2300680 95.269 15.247 81.993 0.186 89 247
2300690 97.331 20.368 83.464 0.244 234 261
2300699 97.708 26.398 85.49 0.309 244 254
2300705 91.667 25 93.387 0.268 3 5
2300756 99.9 148.833 146.843 1.014 6 6
2300777 100 43.875 98.391 0.446 8 8
2300789 99.524 189.455 185.414 1.022 44 55
2300794 100 18.714 113.712 0.165 14 19
2301007 98.696 10 84.038 0.119 14 99
2301008 96.786 10.286 84.038 0.122 14 99
2301017 96.042 15.529 84.417 0.184 17 100
2301021 97.439 15.714 83.489 0.188 28 104
2301023 97.433 12.433 84.078 0.148 67 104
2301026 97.854 10.737 83.471 0.129 76 101
2301041 99.084 103 107.346 0.96 22 23
2301053 99.075 23.5 67.185 0.35 4 5
2301075 99.139 71.054 90.177 0.788 37 38
2301077 99.069 66.735 87.816 0.76 34 35
2301087 97.566 64.375 106.182 0.606 8 8
2301089 88.747 83.333 86.771 0.96 9 16
2301094 97.421 52.5 94.771 0.554 8 8
2301104 100 28 78.058 0.359 3 3
2301107 100 60.667 82.415 0.736 3 3
2301111 97.777 32.667 76.14 0.429 3 3
2301127 98.667 8.55 89.161 0.096 40 56
2301134 98.75 6.1 89.161 0.068 20 56
2301138 97.222 30.667 82.37 0.372 12 50
2301155 100 10 137.446 0.073 5 12
2301158 100 22.7 130.632 0.174 10 14
2301185 100 9.286 84.579 0.11 7 9
2301188 100 11.2 89.139 0.126 5 8
2301190 100 12.25 89.139 0.137 4 8
2301201 93.75 5.125 119.575 0.043 8 12
2301257 95.834 12.875 75.327 0.171 8 54
2301263 99.406 35.536 79.891 0.445 56 86
2301365 99.577 70.667 69.479 1.017 3 3
2301377 93.453 41.562 180.363 0.23 16 20
2301378 93.369 47.385 210.51 0.225 13 16
2302518 93.334 54.8 88.4 0.62 5 8
2302520 90.834 6.5 125.694 0.052 16 22
2302521 95.341 32.25 110.837 0.291 28 33
2302532 99.558 128.305 140.311 0.914 95 97
2302534 97.074 45.286 134.869 0.336 7 8
2302535 97.773 35.929 86.471 0.415 14 38
2302537 93.519 4.111 92.392 0.044 9 36
2302538 92.308 4.692 95.981 0.049 13 38
2302546 97.644 17.514 112.683 0.155 37 37
2302547 97.295 9.912 109.638 0.09 34 36
2302555 100 34.8 85.636 0.406 10 26
2302559 100 5.333 102.224 0.052 9 23
2302562 100 6.727 105.661 0.064 11 24
2302563 94.872 6.231 102.224 0.061 13 23
2302569 96.915 8.565 104.76 0.082 23 26
2302573 95.832 13.25 164.45 0.081 4 4
230258 99.206 75.429 80.063 0.942 14 14
2302756 99.404 92.571 102.635 0.902 7 7
2302814 100 83.25 99.26 0.839 4 4
2302844 99.713 100 92.888 1.077 8 8
2302880 98.549 46.5 62.292 0.746 30 30
2302976 99.664 102 105.089 0.971 10 11
2302979 100 92 66.21 1.39 3 4
2303140 99.377 112.286 120.338 0.933 7 7
2303146 96.952 126 159.875 0.788 4 4
2303289 100 50.4 61.66 0.817 5 5
2303324 99.004 78.172 96.635 0.809 29 29
2303445 97.502 86.25 99.279 0.869 8 8
2303711 99.501 120.222 152.043 0.791 9 10
2303731 99.145 56.667 62.055 0.913 6 6
2303775 99.187 140 136.202 1.028 3 3
2303804 95.44 34.4 46.894 0.734 5 5
2303825 99.219 40.125 48.316 0.83 8 8
2303931 99.593 59.918 67.159 0.892 183 185
2304005 86.98 16.25 21.775 0.746 4 5
2304083 97.925 83 91.175 0.91 4 4
2304092 3.615 59.75 49.369 1.21 4 18
2304298 98.817 55.286 67.581 0.818 7 7
2304404 100 89 131.756 0.675 7 7
2304458 99.254 93.727 101.554 0.923 77 77
2304504 98.74 88.333 75.949 1.163 3 3
2304530 99.751 56.282 63.3 0.889 39 40
2304565 100 53 52.118 1.017 3 3
2304815 98.161 119.571 150.372 0.795 7 7
2304869 100 54.714 66.422 0.824 7 8
2304942 97.158 74.875 90.44 0.828 8 8
2304955 99.907 87.118 88.266 0.987 17 17
2305037 100 94.2 101.295 0.93 5 5
2305097 99.744 75.4 81.12 0.929 5 5
2305118 99.077 65.933 63.462 1.039 15 15
2305191 99.941 66.583 68.092 0.978 12 12
230605 99.732 98.556 111.837 0.881 9 9
230613 99.74 71.861 84.048 0.855 72 72
230618 99.657 105.791 103.391 1.023 43 43
230622 97.959 72.25 79.36 0.91 8 8
2306257 99.796 65.626 99.23 0.661 123 127
2306275 97.344 32.613 111.741 0.292 723 826
2306457 92.022 11.825 73.086 0.162 40 112
2306458 93.82 11.395 71.985 0.158 43 109
2306459 88.907 10.685 85.189 0.125 54 123
2306472 99.429 60.083 95.384 0.63 84 98
2306477 98.945 27.211 103.665 0.262 19 22
2306480 96.236 62.5 110.401 0.566 14 20
2306482 94.444 11 97.278 0.113 9 15
2306487 95.893 7.036 89.103 0.079 28 116
2306492 96.349 7.811 87.097 0.09 74 135
2306498 97.789 10.202 87.078 0.117 124 166
2306507 94.515 56 99.697 0.562 17 38
2306508 91.463 35.231 119.924 0.294 13 33
2306511 88.518 7.923 86.018 0.092 13 54
2306690 99.808 72.7 75.501 0.963 10 10
2306840 99.813 71.184 75.928 0.938 103 107
2306846 99.5 100.364 96.747 1.037 11 12
2306970 100 87 87.062 0.999 3 3
230705 98.993 92.75 100.841 0.92 12 12
2307169 99.919 125.455 122.775 1.022 11 11
2309709 99.717 92.308 96.569 0.956 13 13
2310038 99.598 140.676 148.523 0.947 892 904
2310398 97.981 96.375 90.419 1.066 8 8
23104 99.73 106.778 97.36 1.097 45 45
2310537 100 93.5 103.658 0.902 10 10
231076 99.764 166.583 132.505 1.257 12 12
2310825 78.566 9.118 207.214 0.044 17 17
2310834 97.937 54.067 60.358 0.896 15 17
2311099 96 67.6 86.05 0.786 5 5
2311913 99.711 63.364 73.586 0.861 22 25
231201 99.607 105.69 98.864 1.069 29 29
2312222 98.672 113.417 129.641 0.875 24 24
2312479 99.679 129.444 149.564 0.865 18 18
2313023 99.906 118.9 109.571 1.085 10 10
2313313 99.928 102.29 96.933 1.055 31 31
2313754 99.475 118.261 112.647 1.05 23 23
2314689 99.557 105.941 108.879 0.973 2627 2665
2314894 99.918 76.421 80.369 0.951 38 38
2315105 99.781 100.457 98.721 1.018 35 36
2315117 97.5 4.3 109.401 0.039 10 17
2315118 89.285 5.667 111.645 0.051 6 8
2315119 76.69 9.275 84.967 0.109 40 116
2315120 89.251 6.923 77.734 0.089 78 247
2315122 99.496 112.96 104.135 1.085 50 50
2315432 99.671 125.364 131.69 0.952 11 11
231589 97.298 106.769 102.283 1.044 13 13
2316123 99.309 99.629 113.241 0.88 3252 3303
2316389 100 78.75 109.597 0.719 4 4
2316426 99.82 67.231 84.67 0.794 26 26
2316483 99.583 164.333 167.225 0.983 3 3
2316495 100 107 149.1 0.718 3 3
2316538 99.55 80.333 77.902 1.031 3 3
2316558 99.675 60 82.414 0.728 8 8
2316599 99.709 62.824 85.764 0.733 17 17
2316629 99.803 58.833 76.795 0.766 6 6
2316703 100 76.625 75.622 1.013 16 16
231700 86.885 6.621 82.202 0.081 95 302
2317133 65.815 19.181 19.566 0.98 72 77
2317134 68.55 15.703 15.3 1.026 74 77
2317166 96.875 22.625 113.997 0.198 8 8
2317637 99.146 87.143 92.892 0.938 14 14
2317781 99.267 71 81.253 0.874 18 19
2317790 99.785 135.25 118.048 1.146 8 8
2317923 69.409 8.803 89.329 0.099 319 906
2317924 80.881 10.29 87.989 0.117 476 1153
2317926 75.832 9.017 87.401 0.103 289 1023
2317928 95.285 7.348 84.97 0.086 282 729
2317929 93.188 9.107 85.675 0.106 280 735
2318008 100 168 180.071 0.933 5 5
2318146 99.637 107 116.772 0.916 7 7
2318464 99.415 62.333 72.555 0.859 6 6
2318473 99.768 66.503 83.869 0.793 380 384
2318576 99.903 84.083 100.928 0.833 12 13
2318725 99.294 107.579 111.391 0.966 2990 3041
2319446 93.626 6.882 84.509 0.081 381 725
2320085 99.143 170.967 180.385 0.948 30 30
2320086 99.159 169.379 183.439 0.923 29 29
2320320 99.308 110.845 114.37 0.969 3289 3353
2320529 99.671 77.805 86.891 0.895 41 42
2321258 99.97 85.048 104.051 0.817 21 21
2321609 99.201 64.413 85.001 0.758 206 217
2321975 99.514 109.304 118.312 0.924 5833 5909
2322707 99.716 80.385 84.515 0.951 26 27
2323276 98.673 115.536 132.194 0.874 69 68
2323510 97.143 121.429 118.032 1.029 7 8
232365 99.929 108.75 95.891 1.134 16 16
2323769 99.348 84.077 98.419 0.854 13 13
2323953 99.286 107.15 135.898 0.788 20 20
2324156 99.623 61.673 69.688 0.885 55 56
2324466 99.324 90.909 86.112 1.056 44 43
2324694 98.28 116 121.811 0.952 5 5
2324949 99.672 86.615 85.841 1.009 13 13
2325175 99.844 122.429 108.378 1.13 7 7
232547 99.793 60.038 69.511 0.864 26 26
2325823 99.095 73.963 75.671 0.977 54 55
232583 93.254 5.917 138.175 0.043 12 18
2326229 99.491 101.263 101.704 0.996 19 21
2326820 96 154 128.31 1.2 8 8
2327492 99.45 89.639 98.973 0.906 3202 3304
2327689 99.945 96.381 84.623 1.139 21 22
2327933 75.21 54.76 173.594 0.315 104 107
2327941 99.049 72.6 65.932 1.101 20 21
2329375 97.871 98.875 95.683 1.033 8 9
2331241 99.19 67.05 68.403 0.98 20 20
2332786 96.297 59.167 240.888 0.246 6 6
2334007 99.658 115.931 95.536 1.213 2743 2701
2334355 98.713 113.455 117.368 0.967 11 11
2334593 95.036 49.909 71.708 0.696 11 12
2334669 82.292 10.167 58.081 0.175 12 17
2334863 99.27 146.5 132.693 1.104 12 12
2335028 99.163 118.087 93.201 1.267 23 24
2335623 99.661 87.375 94.207 0.927 8 8
2336359 99.415 75.529 72.604 1.04 17 18
2336366 99.849 63.2 71.454 0.884 15 15
2336659 99.844 120.812 105.097 1.15 16 16
233706 99.332 109.8 124.724 0.88 25 25
2337234 99.89 111 94.273 1.177 10 10
2338123 96.123 9.739 130.127 0.075 23 32
2338125 97.763 8.138 121.778 0.067 29 36
2338128 89.748 10.077 109.167 0.092 39 54
2338136 96.103 8.118 87.576 0.093 17 25
2338181 97.368 30.684 74.769 0.41 19 20
2338416 96.166 10.065 93.021 0.108 77 113
2338422 94.159 16.902 98.471 0.172 61 106
2338425 93.904 20.347 102.067 0.199 49 91
2338428 98.764 16.257 98.494 0.165 35 59
2338431 99.425 27.536 98.542 0.279 28 36
2338434 99.342 24.808 97.861 0.253 26 34
2338457 97.836 41.548 94.451 0.44 73 93
2338464 89.648 6.5 85.588 0.076 16 45
2338466 93.182 5.091 84.318 0.06 11 36
233856 98.779 101.891 117.057 0.87 55 55
2338677 97.203 20.167 68.495 0.294 18 19
2338679 97.482 52.833 86.356 0.612 24 25
2338692 98.606 51.858 80.835 0.642 219 283
2338702 97.769 42.149 83.895 0.502 248 324
2338704 96.754 38.47 80.511 0.478 304 365
2338707 97.247 39.166 80.697 0.485 331 398
2338716 89.715 15.262 174.581 0.087 42 62
2338720 92.594 16.882 172.143 0.098 51 62
2338768 99.41 116.714 110.209 1.059 21 21
2338773 99.7 111.48 133.011 0.838 25 25
2338810 100 4.333 205.103 0.021 3 17
2338811 100 4.333 205.308 0.021 3 18
2338866 80 89 197.671 0.45 4 6
2338912 100 70.875 72.296 0.98 8 8
2338990 80.262 98.75 92.206 1.071 4 4
2338994 98.782 104 103.295 1.007 5 5
2339255 96.337 24.157 83.252 0.29 70 327
2339260 98.251 24.81 458.638 0.054 100 122
2339261 95.789 11.969 223.155 0.054 225 328
2339265 94.821 4.446 394.518 0.011 56 144
2339266 88.982 9.5 78.626 0.121 18 62
2339432 89.472 4.1 106.256 0.039 30 192
2339434 88.334 3.727 102.224 0.036 11 73
2339440 93.008 4.821 92.815 0.052 179 1057
NA NA NA NA NA NA NA
NA NA NA NA NA NA NA
234003 99.499 140.143 126.002 1.112 7 7
2340793 100 97.222 92.24 1.054 9 9
2341194 93.909 69.467 120.868 0.575 15 16
2341201 94.282 33.32 91.428 0.364 25 26
2341409 97.268 58.143 97.335 0.597 14 16
2341410 97.636 57.5 97.335 0.591 14 16
234198 98.734 82.125 66.884 1.228 8 8
2342005 99.788 115.189 97.331 1.183 37 37
2342164 99.268 90.44 88.745 1.019 175 177
2342509 99.837 94.75 92.56 1.024 12 13
234434 95.833 21.667 91.362 0.237 6 7
2344350 70.666 18.316 97.028 0.189 19 20
2344499 99.484 118.437 109.041 1.086 2602 2643
2344814 99.959 111 96.808 1.147 14 15
234493 81.896 9.341 63.09 0.148 41 48
2345085 99.551 83.115 95.999 0.866 26 27
2346318 99.637 115.898 109.041 1.063 2606 2643
2347816 99.595 85.903 78.827 1.09 103 105
2347832 90.467 32 28.989 1.104 19 19
2348092 99.785 102.667 118.471 0.867 6 6
NA NA NA NA NA NA NA
2348936 99.513 125.071 118.085 1.059 14 14
2349102 97.764 24.33 87.058 0.279 100 118
2349103 59.757 8.9 82.741 0.108 50 74
2349116 99.583 117.882 102.734 1.147 17 20
2349152 99.647 96.208 88.759 1.084 24 24
2349795 99.68 72.556 93.081 0.779 9 9
2350846 99.039 95.125 94.098 1.011 8 9
2351082 99.735 128.273 132.584 0.967 11 11
2352075 90.03 6.933 136.09 0.051 15 22
2352078 81.373 11.867 102.583 0.116 15 21
2352100 97.727 22.8 67.043 0.34 15 16
2352143 92.305 5.931 93.059 0.064 29 62
2352145 93.629 8.394 92.182 0.091 33 65
2352146 93.374 11.65 95.323 0.122 40 73
2352148 94.246 9.886 94.033 0.105 44 71
2352193 98.448 44 81.306 0.541 25 25
2354406 99.522 76.125 81.654 0.932 24 25
2355838 99.135 142.6 150.881 0.945 10 10
2361019 99.719 72.875 87.374 0.834 8 9
2362595 99.145 78.773 75.005 1.05 44 45
2362768 75.075 24.545 107.88 0.228 22 25
2363942 99.823 91.3 99.098 0.921 10 11
2364475 99.304 121.933 113.197 1.077 3307 3352
2364786 98.971 91.265 85.191 1.071 204 206
2364805 98.863 94.222 86.814 1.085 9 9
2365283 68.457 9.788 82.619 0.118 85 147
2365286 93.03 12.136 75.612 0.161 22 29
2365287 90.128 6.077 64.409 0.094 13 21
2365288 92.273 3.818 65.217 0.059 11 19
2365303 98.272 42.636 92.02 0.463 11 11
2365304 99.011 58.067 94.718 0.613 209 212
2365383 97.222 8.167 95.015 0.086 6 6
2366799 96.667 3.833 120.591 0.032 6 19
2366801 98.462 5.692 115.335 0.049 13 24
2366818 96.875 4.25 131.484 0.032 8 17
2366819 97.143 4.857 130.006 0.037 7 18
2366821 98.202 8.344 100.715 0.083 32 40
2366822 98.34 7.286 101.028 0.072 35 44
2366887 85.167 4.952 165.449 0.03 21 57
2366888 83.534 5.581 122.573 0.046 43 180
2366968 98.27 114.095 99.462 1.147 21 21
2367086 97.625 58.75 103.005 0.57 48 58
2367204 84.496 6.469 94.888 0.068 32 59
2367206 49.65 13.645 84.468 0.162 287 862
2367282 65.945 13.169 98.927 0.133 83 118
2367284 76.724 10 82.397 0.121 15 20
2367285 79.604 34.667 88.593 0.391 12 13
2367357 98.983 148.844 140.346 1.061 186 188
2367669 90.89 21.333 135.818 0.157 12 15
2367670 83.474 8.667 122.099 0.071 18 21
2367671 86.497 10.714 135.843 0.079 21 21
2368550 70.218 9.833 53.197 0.185 54 63
2368740 99.453 132.658 111.041 1.195 38 38
2370847 99.222 61.231 58.351 1.049 13 13
2370892 98.984 84.439 81.929 1.031 57 58
2370902 99.44 96.51 89.122 1.083 51 51
2371071 99.73 89 83.739 1.063 478 483
2371205 99.96 90.484 89.353 1.013 31 33
237136 99.888 93.688 91.073 1.029 16 16
2372126 99.675 244.273 275.952 0.885 110 112
2372568 100 22.333 192.851 0.116 9 83
2372572 96.514 9.6 162.779 0.059 95 117
2372573 97.221 12.979 168.781 0.077 95 112
2372871 99.471 41.235 53.158 0.776 17 18
2373825 98.861 96.714 77.741 1.244 14 14
2374346 99.809 86.429 83.933 1.03 14 14
237664 99.574 91.667 89.663 1.022 24 24
237709 99.619 101.647 114.629 0.887 1157 1155
2378473 99.787 88.586 92.981 0.953 29 32
2380490 99.318 111.978 111.501 1.004 45 45
2380979 96.209 108.286 113.775 0.952 7 7
2381012 99.271 85 78.994 1.076 23 24
2381021 99.689 122.175 119.176 1.025 349 350
2381026 99.598 85.278 77.1 1.106 54 54
2381028 100 78.333 77.946 1.005 6 6
2381029 99.524 200.681 204.709 0.98 404 401
2381034 99.582 98.192 93.497 1.05 552 563
2381039 99.22 98.111 84.551 1.16 9 9
2381045 99.719 115.618 104.364 1.108 34 37
2383141 99.672 118.536 113.353 1.046 28 30
2383188 99.041 87.266 90.457 0.965 301 305
238375 95.042 62.667 68.292 0.918 18 18
238575 99.567 82.182 73.687 1.115 11 11
2386083 99.621 93.162 79.903 1.166 1640 1668
2386454 99.444 79.127 80.551 0.982 134 140
2388273 99.849 102.231 124.52 0.821 13 13
238852 98.825 367.704 357.627 1.028 159 162
238913 99.783 74.4 75.731 0.982 10 10
2390101 99.658 159 130.53 1.218 6 6
2390674 99.919 149.647 141.103 1.061 17 16
2390728 99.601 132.625 126.784 1.046 8 8
2390739 70.37 6.574 98.212 0.067 47 116
2390741 83.154 13.5 113.55 0.119 10 20
2391830 76.115 41.194 150.891 0.273 31 32
2391923 99.513 120.667 99.427 1.214 15 15
2392000 99.156 84.294 93.949 0.897 17 17
239274 98.302 96.2 97.572 0.986 5 5
2393404 99.534 124.613 123.16 1.012 31 31
2393533 99.701 78.778 89.45 0.881 36 37
2394247 97.548 109.833 104.761 1.048 12 14
2394481 99.725 98.649 92.025 1.072 595 603
2395750 99.96 108 110.739 0.975 7 7
2396087 99.548 74.588 72.987 1.022 17 19
2396349 99.54 57.478 62.124 0.925 23 23
2397216 99.618 109.198 98.613 1.107 106 106
2397228 99.592 131.551 122.767 1.072 336 337
2397668 86.223 11.667 19.169 0.609 6 6
239792 99.5 89.444 97.493 0.917 9 9
2397945 99.709 87.875 93.84 0.936 8 8
2399176 82.869 64.125 72.946 0.879 16 17
2399268 97.909 84.455 86.993 0.971 11 11
2399269 100 67.9 71.467 0.95 10 10
2399559 98.876 105.164 106.687 0.986 61 62
2401145 99.457 94.417 98.158 0.962 12 12
2401241 99.765 123.4 104.573 1.18 10 9
2401741 99.033 73.433 91.288 0.804 30 30
2402092 98.693 101.208 84.751 1.194 77 80
2402110 99.568 102 89.942 1.134 109 108
2402113 99.217 107.255 79.753 1.345 55 55
2402119 99.932 109.477 99.107 1.105 65 65
2402127 99.439 169.688 163.192 1.04 16 17
2402760 79.167 3.833 19.071 0.201 6 7
2402922 96.929 99.75 85.193 1.171 12 12
2404298 99.494 65.726 69.972 0.939 168 170
2404759 99.366 45.571 39.871 1.143 7 7
2405449 99.389 107 113.697 0.941 13 13
2405495 66.852 8.222 64.225 0.128 9 12
2405497 72.538 10.433 72.963 0.143 30 53
2405501 73.227 8.143 76.336 0.107 7 8
2405509 70.662 13.018 89.472 0.145 57 71
2406841 99.49 129.875 111.61 1.164 8 8
2407097 99.865 117.421 118.693 0.989 19 19
2408670 99.625 76.495 80.219 0.954 105 108
240877 99.764 187.583 189.535 0.99 12 12
2409631 99.59 88.5 105.646 0.838 8 8
2411010 99.843 118.833 101.869 1.167 6 6
2411496 99.253 103.993 109.76 0.947 2840 2888
2412085 73.64 23.083 158.095 0.146 12 12
2413246 NA NA NA NA NA NA
2413318 70.539 22.143 143.568 0.154 7 7
2413615 80.594 41.577 178.809 0.233 168 172
2413616 74.406 23.25 198.639 0.117 96 99
2414425 99.846 102.941 102.121 1.008 68 68
2415137 99.645 74.5 77.82 0.957 162 165
2415149 100 63.385 67.584 0.938 13 14
2415162 99.566 122.61 97.56 1.257 41 42
2415233 99.412 102.778 88.569 1.16 18 18
2415357 99.722 90.947 70.924 1.282 19 19
2415924 99.788 113.818 101.081 1.126 11 11
2420639 98.888 69.5 78.81 0.882 12 12
2420852 95.265 55.636 66.419 0.838 11 13
2421531 99.085 157.125 80.965 1.941 8 8
2421656 100 139.667 109.108 1.28 3 3
2421742 99.743 150.5 110.505 1.362 4 4
2421783 99.36 82.92 98.342 0.843 100 144
2421974 76.25 4.25 115.17 0.037 4 4
2421976 84.105 6 50.876 0.118 11 12
2421982 96.35 105 114.512 0.917 4 4
2422039 100 115.75 135.241 0.856 4 4
2422061 99.584 74.086 91.153 0.813 5629 5760
2422592 99.534 129.548 137.533 0.942 42 43
2422664 99.927 64.312 81.424 0.79 32 32
2422911 99.108 52.706 83.579 0.631 17 17
2422977 99.903 103.278 91.567 1.128 18 18
2424909 99.62 63.9 79.082 0.808 10 12
2425026 67.1 46.4 107.1 0.433 20 20
24287 99.348 122.23 112.198 1.089 113 112
2428982 99.788 169 136.301 1.24 16 16
2429271 99.403 130.667 124.364 1.051 12 12
2429844 99.618 51.833 81.74 0.634 18 19
2429914 99.222 87.333 133.546 0.654 12 12
2429939 99.608 73.93 94.397 0.783 43 43
2430052 96.25 8.3 136.754 0.061 10 11
2431706 99.247 60.522 74.865 0.808 23 24
2432185 99.29 89.582 82.729 1.083 201 203
2432327 98.921 70.475 64.698 1.089 80 80
243277 99.275 120.808 123.964 0.975 26 26
2434179 99.58 134.5 136.121 0.988 28 28
243447 99.688 96.179 93.027 1.034 28 28
2434792 99.62 79.5 93.667 0.849 10 11
2435610 99.61 64.375 70.418 0.914 8 8
2435728 99.213 74.083 71.702 1.033 12 12
2437213 99.551 61.75 57.648 1.071 8 8
2437222 99.495 249.867 246.945 1.012 15 14
24377 99.682 236.625 203.803 1.161 8 8
2437859 100 50.333 42.698 1.179 3 3
2437860 93.998 92.7 101.227 0.916 10 10
2439147 97.109 26.562 117.189 0.227 16 16
2439168 88.437 6.724 94.202 0.071 123 297
2439169 94.808 8.412 95.058 0.088 131 362
2439170 94.805 7.962 97.169 0.082 106 301
2439171 93.95 6.951 90.299 0.077 61 135
2439173 95.011 13.043 80.407 0.162 47 110
2439175 98.228 29.902 92.969 0.322 61 190
2439176 96.922 8.895 83.402 0.107 38 79
24398 99.818 94.4 88.729 1.064 10 11
24407 99.358 88.962 96.766 0.919 373 373
NA NA NA NA NA NA NA
244113 98.516 100.812 93.786 1.075 16 16
244116 100 68.889 91 0.757 9 9
2443502 99.252 184.923 169.254 1.093 13 13
2443629 94.077 111.6 97.499 1.145 10 10
2443694 99.777 140 118.192 1.185 25 25
2443722 99.638 74.333 74.311 1 6 6
2443941 98.994 56.778 54.812 1.036 9 9
2445 90.017 131.487 133.805 0.983 39 39
2445117 99.864 142 122.559 1.159 8 8
2445318 99.648 145.8 138.975 1.049 5 5
2445373 97.223 85.5 80.053 1.068 12 13
2446170 99.902 91.667 92.406 0.992 9 9
2446965 95.577 80.2 77.4 1.036 25 25
2446979 99.902 83.625 80.336 1.041 8 8
2447745 97.322 87.556 88.318 0.991 9 10
2449014 99.684 104.938 114.762 0.914 16 16
2449202 76.984 13 80.68 0.161 25 25
2449204 77 4.4 91.039 0.048 5 5
2449213 83.333 5 101.953 0.049 20 22
2449214 79.4 9.182 111.188 0.083 22 22
2449216 72.165 16.732 107.72 0.155 56 58
2449217 78.376 15.8 96.243 0.164 20 21
2449222 99.663 67.369 86.938 0.775 758 775
2450742 99.65 83.263 67.773 1.229 19 20
2451612 99.915 169.182 168.26 1.005 11 11
2451652 99.191 124.25 122.437 1.015 12 13
2451994 99.215 119.929 124.693 0.962 14 15
245213 99.522 83.102 88.51 0.939 49 49
2452556 88.887 15.571 129.997 0.12 7 7
2453335 99.797 131.765 110.034 1.197 17 18
2453415 99.917 94.053 87.062 1.08 19 19
2453580 99.93 88.649 79.588 1.114 37 37
2454083 99.435 168.5 174.282 0.967 4 5
2454264 100 140 152.307 0.919 7 7
2454799 98.992 65.688 67.581 0.972 16 17
2455447 98.118 70.476 77.575 0.908 21 21
2455685 99.808 88.1 92.585 0.952 10 10
2455700 97.932 41.4 57.293 0.723 5 5
2455723 99.403 58 54.504 1.064 3 4
2455874 100 77.727 94.895 0.819 11 12
2456164 99.922 130.5 121.353 1.075 6 7
2457017 99.9 104.455 95.551 1.093 11 11
2458502 69.681 6.611 88.378 0.075 18 24
2458802 99.896 110 94.472 1.164 11 12
2458856 99.961 95.333 96.188 0.991 21 20
2460750 99.581 121.394 108.542 1.118 33 34
2461279 99.14 100.8 131.981 0.764 5 6
2461927 98.773 111.062 122.697 0.905 16 16
2461945 99.183 68 68.777 0.989 13 13
2462871 7.14 28 19.225 1.456 1 1
2462883 98.466 90.655 85.057 1.066 29 28
2463047 99.273 100.5 109.614 0.917 8 8
2464060 71.823 19.846 10.024 1.98 13 13
2464140 99.885 97.494 86.546 1.127 81 84
2464388 99.694 113.05 104.345 1.083 20 20
2464564 98.369 118.375 104.431 1.134 16 16
2464787 98.739 118.875 94.844 1.253 8 8
24662 97.917 54.583 135.046 0.404 12 15
2466421 100 89.6 83.34 1.075 5 6
2466628 99.81 105.2 86.367 1.218 5 5
2467039 86.446 17.545 73.47 0.239 11 11
2467043 77.952 14.684 69.802 0.21 19 23
2467044 94.127 29.529 74.083 0.399 34 39
2467045 91.814 25.32 70.761 0.358 25 30
2467328 99.77 167.75 164.942 1.017 8 8
2467674 99.499 134.125 109.505 1.225 8 9
2467792 99.273 94.351 87.181 1.082 299 301
2468584 99.26 98.034 88.86 1.103 29 29
24686 94.815 26.111 94.514 0.276 27 32
2468763 99.862 101.882 94.34 1.08 17 16
2468770 99.43 85.102 76.281 1.116 49 49
24689 91.237 28.2 100.925 0.279 30 30
2469042 99.055 97.062 86.762 1.119 32 35
2469129 99.539 124.333 115.139 1.08 15 15
2469492 99.355 86.042 84.616 1.017 24 24
2469928 98.899 66.212 97.868 0.677 52 52
2470197 98.743 74.476 106.203 0.701 21 21
24707 72.045 11.5 52.555 0.219 12 12
2470975 99.625 72.812 81.658 0.892 16 17
2471012 100 63.429 63.44 1 7 7
2471357 98.767 103 99.982 1.03 31 33
24716 72.657 21.458 75.435 0.284 343 487
24717 95.176 6.053 85.503 0.071 19 117
2472042 99.951 79.111 98.285 0.805 9 9
2473414 98.43 105.913 96.169 1.101 23 25
24739 94.896 7.786 79.811 0.098 98 172
2473933 99.737 79.154 77.149 1.026 39 40
24743 85.372 8.083 64.62 0.125 24 40
24752 98.682 22.622 91.084 0.248 45 52
2475235 98.387 100.923 105.195 0.959 26 26
2475341 99.117 96 98.474 0.975 9 9
24756 99.428 7.88 96.65 0.082 25 33
24757 99.539 11.839 96.87 0.122 31 39
2476621 98.956 135.318 120.807 1.12 22 23
2476966 99.052 81.5 82.489 0.988 22 22
24770 98.81 14.524 73.776 0.197 21 28
24771 98.777 14.167 73.599 0.192 24 30
2477178 99.38 91.167 97.394 0.936 6 6
2477522 99.679 148.688 155.162 0.958 16 16
2477678 99.292 89.921 88.463 1.016 76 77
2477802 100 75.6 66.809 1.132 5 5
2479319 99.76 80.632 98.429 0.819 19 19
2479658 99.584 108.6 100.3 1.083 5 5
2480571 99.426 79.909 80.056 0.998 11 11
2481285 99.375 59 50.41 1.17 14 14
248149 99.475 140.455 161.153 0.872 11 11
24815 89.875 39.241 92.985 0.422 29 39
2482594 99.612 17.167 107.221 0.16 12 12
2482984 99.007 116.839 121.743 0.96 31 33
2483263 99.347 100.629 93.926 1.071 35 36
2483759 99.413 104.238 92.393 1.128 21 22
2484736 100 81.417 81.541 0.998 12 12
2485309 99.776 99.711 102.133 0.976 45 45
2485383 99.95 201.375 182.382 1.104 8 8
2486489 100 69.727 93.449 0.746 11 11
2486711 99.685 64.417 98.674 0.653 12 12
2488343 99.57 72.442 82.718 0.876 1684 1712
2488929 99.877 147.727 130.941 1.128 11 11
248928 99.596 134.25 123.067 1.091 24 24
2490246 79.166 7.6 9.105 0.835 5 5
2491597 99.485 122.578 118.774 1.032 5914 5972
2491929 99.419 92.459 80.46 1.149 135 137
2492496 98.495 98.39 77.558 1.269 41 42
2492751 99.057 91.236 77.14 1.183 191 195
2493691 99.903 116.667 104.366 1.118 63 63
2493712 99.744 110.635 100.185 1.104 104 105
2493802 80.625 4.875 16.73 0.291 8 10
2493813 80.835 18.6 26.819 0.694 15 16
2494713 99.76 117.683 91.921 1.28 123 124
2495058 99.358 93.733 90.477 1.036 15 15
2495145 99.452 76.281 79.973 0.954 32 32
2496013 99.738 148.5 120.85 1.229 8 9
2496127 99.917 142.73 138.865 1.028 37 38
2496511 99.09 83.464 83.603 0.998 69 69
2497096 99.809 48.636 68.049 0.715 22 61
249731 99.724 59.25 59.934 0.989 12 12
2498029 98.962 100.344 119.921 0.837 64 64
2498365 99.941 186.714 183.125 1.02 7 8
2498378 99.369 138.471 131.581 1.052 17 17
2499401 98.519 84.9 79.263 1.071 10 11
2499768 70.618 4.833 81.017 0.06 90 484
2499769 77.149 4.209 83.901 0.05 67 450
2499770 82.695 30.769 80.079 0.384 52 576
2500137 87.906 9.461 77.955 0.121 76 487
2501253 99.841 165.095 154.746 1.067 21 22
2501463 99.26 100.769 98.206 1.026 13 13
2501803 99.859 204.875 205.26 0.998 8 8
2501899 99.467 76 73.014 1.041 19 20
2502073 97.813 108.231 118.232 0.915 13 14
2503406 99.798 95.188 86.447 1.101 32 32
2503903 99.393 56.201 73.306 0.767 159 165
2504567 99.973 87.4 89.014 0.982 10 10
2505156 100 85 100.479 0.846 9 9
250575 85.289 85.176 81.296 1.048 17 18
2505910 84.5 8 70.06 0.114 5 5
2505911 79.721 37.111 75.02 0.495 18 22
2505913 75.203 8.692 62.897 0.138 26 28
2505918 46.3 13.914 97.684 0.142 267 590
2505920 82.37 31.182 53.92 0.578 11 13
2506323 99.838 93.75 82.991 1.13 4 4
2507100 97.916 88.733 90.628 0.979 86 87
2508143 99.265 82.824 84.222 0.983 68 69
2509725 99.547 140.556 127.215 1.105 9 9
2509734 99.889 65.551 64.063 1.023 69 71
2509928 99.859 84.053 84.086 1 38 39
2512006 99.942 105.667 94.54 1.118 12 12
2512101 76.791 23.125 99.089 0.233 16 16
2512691 99.314 84.75 84.053 1.008 16 16
2513645 99.398 78.218 89.205 0.877 6873 7013
2514717 99.704 97.143 98.095 0.99 7 8
2515771 98.304 174.714 162.889 1.073 14 15
2515912 99.857 126.423 119.591 1.057 26 28
251618 99.71 67.2 76.618 0.877 5 5
2516210 99.896 74.818 77.441 0.966 11 11
251626 99.155 89.647 80.634 1.112 17 17
251629 99.21 105.795 99.67 1.061 132 132
251668 99.347 124.89 128.153 0.975 236 236
2516708 99.299 87.382 179.349 0.487 34 34
2517060 100 22.333 30.133 0.741 3 3
2517081 99.807 42.357 59.672 0.71 14 14
2517087 99.617 149.667 156.88 0.954 3 3
2517093 98.475 56.409 67.296 0.838 22 23
2517111 99.01 104 110.804 0.939 4 4
2517125 100 106 122.617 0.864 2 3
2517129 99.537 63.388 84.136 0.753 3793 3930
2517258 98.934 94.286 92.44 1.02 7 7
251726 98.01 113.25 122.506 0.924 8 8
2517344 100 85.5 84.351 1.014 4 4
2517387 100 106.143 139.83 0.759 7 7
2517502 100 90.333 97.73 0.924 3 3
2517506 100 230.333 253.531 0.909 3 3
2517575 99.42 91.156 92.155 0.989 218 224
251759 98.687 75.133 70.902 1.06 15 15
2517638 99.731 128 134.708 0.95 7 7
2517639 100 91.25 92.712 0.984 4 4
251849 98.022 62.214 71.134 0.875 14 14
2519281 100 42.6 48.265 0.883 5 5
2519695 99.142 155 154.412 1.004 5 5
252031 99.449 209.286 216.931 0.965 7 7
2520466 99.555 83.539 84.906 0.984 330 332
2520715 99.389 68.722 79.355 0.866 18 19
252083 99.698 104.551 91.69 1.14 2412 2409
2521002 99.577 120.684 127.175 0.949 19 19
2521613 100 82.4 75.502 1.091 10 10
252236 98.847 125.37 120.818 1.038 46 46
252237 99.725 99 75.045 1.319 10 10
2523849 99.82 163.4 159.242 1.026 20 21
2525025 99.832 104.75 96.958 1.08 20 22
2525216 99.3 95.857 80.206 1.195 7 7
2525649 99.616 82.059 88.798 0.924 17 17
2525780 99.808 67.4 61.05 1.104 5 5
2525820 99.248 118 135.093 0.873 4 4
2526314 99.513 72.857 84.11 0.866 7 7
2526697 99.894 66.5 64.348 1.033 16 16
2527025 99.307 91.579 95.961 0.954 19 19
252705 99.679 103.833 101.864 1.019 12 12
252710 97.641 107 98.851 1.082 9 9
252749 98.846 154.32 147.276 1.048 25 25
252754 99.504 119 99.683 1.194 20 20
2527549 99.392 100.861 104.895 0.962 36 37
252764 99.116 138.786 129.992 1.068 28 28
252770 99.737 95 91.59 1.037 10 10
252773 99.227 114.083 95.66 1.193 12 12
2527748 99.928 159.308 158.746 1.004 13 13
2528009 99.625 171.286 164.35 1.042 56 56
252812 97.369 89.25 87.394 1.021 8 8
2528274 99.891 106.765 95.074 1.123 17 17
252884 99.032 95.789 85.445 1.121 19 19
252937 99.634 124.12 127.975 0.97 25 26
253046 99.34 99.198 93.751 1.058 106 106
253129 99.537 67.891 65.944 1.03 92 92
253130 99.424 115.714 117.509 0.985 21 21
253132 99.771 135.211 135.408 0.999 19 19
2531402 64.928 24.227 81.109 0.299 22 22
253141 99.89 77.4 78.45 0.987 35 35
253142 98.291 106.741 107.405 0.994 27 27
253147 99.545 85.1 86.958 0.979 10 10
253157 99.548 120.75 114.179 1.058 8 8
2531577 97.525 112.5 118.515 0.949 6 6
253168 95.655 83.333 88.052 0.946 6 6
253183 94.253 84.522 84.67 0.998 23 23
253200 99.402 74.625 66.258 1.126 24 24
253440 98.98 76.917 90.838 0.847 12 12
2535057 96.224 98.5 95.528 1.031 8 8
2535643 99.722 89.12 99.408 0.897 25 25
2535753 99.663 145.333 160.72 0.904 15 15
2536599 99.626 84.464 109.236 0.773 2612 2653
2536616 99.876 68.643 93.151 0.737 14 15
2536625 98.632 49.737 84.093 0.591 19 19
2536633 92.118 11.667 68.346 0.171 6 6
2536883 80.434 44.121 19.039 2.317 58 64
2536892 98.506 81.463 111.776 0.729 2933 3083
2538063 99.721 69.781 74.364 0.938 64 65
2538072 100 83.4 93.014 0.897 5 5
2538538 99.909 92 95.899 0.959 11 11
254046 99.496 74.929 66.362 1.129 14 14
2541727 74.696 9.517 70.833 0.134 29 35
2541729 55.683 50.722 196.667 0.258 288 423
2541733 72.934 11.091 90.136 0.123 11 11
2542043 66.741 10.792 47.608 0.227 24 30
2542076 99.844 115.044 99.054 1.161 45 45
2542114 99.704 117.626 95.219 1.235 91 91
2542187 99.298 175.906 141.573 1.243 32 32
2542274 99.168 130.293 111.205 1.172 41 42
2543288 99.43 131.167 129.783 1.011 6 6
254356 72.04 11.047 119.377 0.093 169 248
254362 77.274 11.901 118.595 0.1 151 253
2543659 99.329 113.444 100.5 1.129 9 9
2544235 87.105 257.875 34.116 7.559 8 9
2544243 83.958 250.667 32.446 7.726 12 13
2544246 77.802 203.056 43.286 4.691 18 19
2544310 98.588 134.089 122.971 1.09 45 46
2544983 98.851 84.143 84.001 1.002 7 7
2545108 99.132 91.627 79.274 1.156 59 59
254643 99.815 123.602 112.802 1.096 83 83
2546585 98.118 125.125 122.174 1.024 8 8
2546672 98.93 71.125 84.615 0.841 8 8
2546684 100 130.5 116.48 1.12 2 2
2546706 99.661 179.25 178.454 1.004 16 17
2546707 98.567 82.441 80.567 1.023 136 140
2546708 100 86.8 84.353 1.029 15 17
2546709 99.461 156.536 155.978 1.004 69 71
2546710 99.683 99.782 105.064 0.95 78 79
2546716 99.887 121.214 116.69 1.039 14 13
254672 98.309 80.833 77.884 1.038 12 12
2546886 99.477 136.667 136.5 1.001 3 3
2546903 99.8 106.167 126.393 0.84 30 31
2547043 99.847 128.429 148.833 0.863 7 7
254709 99.811 90.882 83.914 1.083 17 17
254710 97.583 95 81.512 1.165 6 6
2547687 99.816 107.148 93.859 1.142 27 28
254772 99.186 134.188 125.019 1.073 32 31
254859 99.153 105.432 88.682 1.189 407 407
2548700 100 307 335.1 0.916 1 1
2549831 99.87 114.077 90.27 1.264 13 13
255093 99.336 82.348 79.252 1.039 23 23
2551572 99.504 91.309 114.296 0.799 1150 1158
NA NA NA NA NA NA NA
NA NA NA NA NA NA NA
25523 99.713 200.391 181.646 1.103 23 23
2552702 99.177 110.053 118.672 0.927 19 19
2552826 99.555 113.74 103.671 1.097 670 681
2554006 99.322 117.821 110.337 1.068 56 58
2554735 99.69 123.833 98.062 1.263 6 6
2555000 88.278 41.125 107.11 0.384 8 8
2555733 88.589 26.583 79.68 0.334 12 13
2555734 87.171 30.704 77.26 0.397 27 30
2555823 67.228 12.647 55.057 0.23 17 20
2555824 66.585 8.917 52.02 0.171 24 29
2555825 69.736 8.514 62.748 0.136 37 50
2555829 72.214 10.056 83.024 0.121 18 18
2555830 83.624 15.333 73.53 0.209 12 12
2555845 78.434 8.364 97.671 0.086 11 39
2555847 65.938 26.567 102.122 0.26 30 33
2555852 91.418 7.784 95.966 0.081 37 43
2555854 94.143 63.812 116.653 0.547 32 42
2555932 68.061 21.615 95.208 0.227 13 13
2557137 97.765 87.667 91.742 0.956 18 18
2558973 89.272 5.801 85.712 0.068 151 485
2558974 87.557 5.141 86.162 0.06 128 484
2558975 86.284 4.778 86.497 0.055 108 489
2558982 91.122 10.217 87.3 0.117 46 433
2558983 91.02 5.275 88.71 0.059 51 440
2558984 91.42 5.119 86.837 0.059 67 504
2558985 90.972 6.772 86.597 0.078 79 509
2558986 90.421 6.115 85.831 0.071 104 493
2559452 94.425 8.455 107.17 0.079 33 50
2559497 98.462 59.154 125.355 0.472 13 13
2559510 82.739 10.5 84.412 0.124 14 33
2559514 99.202 100.444 76.117 1.32 9 9
2559551 63.524 12.934 92.287 0.14 61 74
2559552 65.51 17.526 112.543 0.156 76 90
2559557 71.87 6.583 60.197 0.109 12 12
2559620 76.53 6.6 61.787 0.107 30 42
2560621 99.771 110.296 108.083 1.02 54 54
2560956 99.57 92.367 104.163 0.887 30 32
2561692 100 224.25 213.73 1.049 4 4
2561723 99.929 79.071 69.908 1.131 14 16
25643 99.198 135.462 119.278 1.136 13 13
2564326 99.627 81.4 82.067 0.992 130 131
2565258 66.372 20.381 89.845 0.227 21 23
2565692 99.377 85.196 74.294 1.147 51 51
2565973 99.928 108.364 124.378 0.871 11 12
2566768 100 80.5 85.072 0.946 2 4
2566788 99.071 84.409 78.718 1.072 22 22
2567252 90.513 20.7 102.365 0.202 30 54
2567794 99.614 107.778 101.773 1.059 9 9
2568173 96.153 92.667 96.186 0.963 6 6
2568273 100 41.4 53.784 0.77 5 5
2568539 99.408 143.625 138.349 1.038 8 8
2569067 98.784 91.364 107.027 0.854 11 11
2569078 99.725 84.182 95.28 0.884 22 22
2569471 99.894 157 152.378 1.03 13 13
2569846 99.294 102.571 103.391 0.992 7 7
257071 99.168 127.221 115.716 1.099 226 224
2570797 99.634 144.938 134.677 1.076 32 32
257148 99.687 85.737 90.716 0.945 38 38
2571922 98.352 105.75 95.244 1.11 40 40
2571931 99.851 101.625 99.124 1.025 8 8
25729 99.465 116.545 100.247 1.163 11 11
2573 100 65.182 91.273 0.714 11 11
2573119 99.616 74.235 74.111 1.002 34 34
257359 99.89 80.696 93.573 0.862 23 23
2573756 100 33 25.04 1.318 1 2
2573959 99.566 89.447 83.231 1.075 414 417
2573968 99.139 122.071 115.899 1.053 14 14
2574157 99.758 70.167 75.441 0.93 6 6
2574383 100 153 153.825 0.995 6 6
2575665 100 68.625 77.81 0.882 8 8
2575838 98.488 94.909 85.082 1.116 33 35
2577521 99.346 117.1 114.139 1.026 10 11
2577528 98.929 237.973 212.656 1.119 37 39
2577539 100 152 134.233 1.132 3 3
2577870 98.5 72.4 70.162 1.032 5 5
2577910 98.451 85.857 95.499 0.899 7 8
2578338 98.791 73.4 81.332 0.902 45 46
257844 99.811 36.224 36.422 0.995 1055 1067
2579611 99.14 91.597 82.731 1.107 231 234
2579817 91.27 87.7 157.63 0.556 10 11
2579840 99.756 83.469 101.215 0.825 32 32
2580348 99.657 96.625 80.563 1.199 16 16
2580403 99.003 88.067 74.247 1.186 15 15
2580678 94.974 92.2 127.116 0.725 10 44
2580779 67.083 8.889 68.747 0.129 9 10
2580961 63.9 38.667 85.459 0.452 24 24
2582367 76.065 7.167 54.238 0.132 12 14
2583056 99.924 109.462 104.888 1.044 13 13
258319 98.978 100.417 92.667 1.084 24 24
2584258 85.251 17.25 114.678 0.15 8 9
2584665 99.326 82.059 86.397 0.95 17 17
2584996 99.849 86.688 72.368 1.198 16 16
2585277 98.371 100.1 88.745 1.128 10 10
2586356 99.628 98.214 106.221 0.925 14 14
258682 99.453 111.671 93.589 1.193 583 583
2589036 99.497 123.538 109.041 1.133 2605 2643
2589497 98.775 133.125 118.366 1.125 8 9
258967 98.766 53.625 49.091 1.092 8 8
259103 99.556 107.333 110.744 0.969 12 12
2591183 99.133 84.075 88.865 0.946 53 53
2591825 66.323 158.682 93.38 1.699 22 22
2591859 99.365 88.512 78.973 1.121 41 41
2591865 100 55.429 57.115 0.97 7 8
2592816 99.82 92.231 79.946 1.154 13 13
2592847 99.954 114.125 99.104 1.152 8 8
2594473 98.162 60.667 67.276 0.902 9 9
2594856 98.792 108.667 108.966 0.997 24 24
2596254 99.571 149 101.013 1.475 12 12
2596275 99.842 124.269 95.82 1.297 26 27
259708 98.863 141.571 106.091 1.334 14 14
2598400 99.698 95.347 97.194 0.981 2250 2204
2599925 92.554 6.488 81.363 0.08 647 1002
2602296 99.499 84.16 72.156 1.166 50 50
2603062 99.862 91.44 83.596 1.094 166 169
260307 100 74.364 71.193 1.045 11 11
2603504 99.259 87.6 107.458 0.815 15 14
2603626 99.8 107.875 83.397 1.294 48 49
2603698 99.305 166.212 125.42 1.325 33 33
2604184 90.472 40 93.326 0.429 10 15
2604311 98.387 74.607 81.458 0.916 28 29
2604471 99.804 218.684 107.767 2.029 19 18
2604638 99.55 91.25 114.222 0.799 20 20
2604740 99.585 86.238 84.179 1.024 3875 3933
2604977 99.474 84.412 82.254 1.026 17 17
2605389 99.454 93.467 84.201 1.11 45 44
2606496 99.34 134.167 125.4 1.07 6 6
260652 99.641 89.977 81.924 1.098 43 43
260674 99.391 122.87 124.988 0.983 23 23
2606750 98.668 111 99.184 1.119 6 6
260694 97.93 64.417 59.511 1.082 12 12
260751 99.02 80.464 71.025 1.133 56 56
2608471 99.393 151.571 131.315 1.154 7 7
2608662 95.096 79.286 111.482 0.711 7 7
2608666 74.715 9.99 95.322 0.105 96 159
2608669 89.105 8 104.2 0.077 11 14
2608672 65.96 5.8 100.228 0.058 30 172
2608677 88.889 34 95.072 0.358 7 10
260871 99.397 144 109.663 1.313 30 30
2608786 99.714 136.118 117.488 1.159 85 85
2608802 87.928 19.538 94.944 0.206 13 26
2609348 99.774 95.533 92.338 1.035 30 29
2609924 99.077 79.97 82.079 0.974 33 33
2610667 99.752 101.844 116.103 0.877 32 68
2610692 100 105.6 86.847 1.216 15 15
2610702 100 72.714 84.067 0.865 7 8
2610704 99.804 106.414 90.808 1.172 111 113
2610705 99.68 109.769 85.138 1.289 477 480
2610706 99.795 122.444 114.108 1.073 18 18
2610722 99.408 106.933 81.524 1.312 15 16
2610962 84.1 28.429 59.861 0.475 7 9
2610979 87.986 43.688 64.632 0.676 16 18
2611594 98.682 188.882 125.632 1.503 85 89
2611764 99.847 218.182 156.559 1.394 11 11
2612037 99.774 82 78.175 1.049 9 9
2612671 84.612 7 110.581 0.063 19 37
2612956 98.943 115 92.407 1.244 7 7
2613020 99.646 84 82.846 1.014 55 54
2613427 99.778 74.077 75.961 0.975 13 13
2613463 98.86 123.3 120.826 1.02 20 20
2614095 77.094 5.875 58.558 0.1 8 10
2614096 78.129 11 62.624 0.176 11 12
2614563 94.444 11.407 104.283 0.109 27 81
2614566 77.909 18.068 97.584 0.185 132 331
2614568 81.53 48.5 78.263 0.62 42 47
2614569 71.835 18.529 105.29 0.176 17 62
2614572 93.519 9.185 105.629 0.087 27 51
2614573 77.704 9.5 112.437 0.084 18 39
2614574 98.118 9.871 107.073 0.092 31 49
2614727 97.923 98.929 100.929 0.98 14 14
261481 98.327 101.308 77.551 1.306 104 104
2616655 99.741 192.857 153.299 1.258 7 7
2616672 99.778 173.667 123.643 1.405 6 6
2616790 99.295 106.792 82.557 1.294 1381 1400
2619250 99.688 93.4 84.544 1.105 5 5
2619303 99.851 140.462 130.626 1.075 13 13
262021 78.589 24.5 158.149 0.155 16 17
262023 75.283 11 105.93 0.104 11 12
2620298 99.203 105.045 115.717 0.908 22 22
2621640 99.877 96.48 75.903 1.271 25 25
2622101 99.809 59.07 86.007 0.687 43 44
2622139 98.426 76.714 86.793 0.884 98 99
2622150 99.921 105.077 103.361 1.017 13 12
262448 99.95 70.586 67.097 1.052 58 58
2625005 99.355 57.5 64.683 0.889 10 10
2625017 70.75 8.679 95.446 0.091 56 231
2625018 86.667 4.111 133.371 0.031 9 17
2625708 75.29 4.927 94.799 0.052 55 218
2625709 77.522 5.548 94.897 0.058 84 214
2625710 78.876 7.655 94.632 0.081 87 215
2625822 99.435 94.308 128.547 0.734 13 13
2625824 81.952 54.811 68.245 0.803 37 37
2625827 76.871 35 36.858 0.95 28 28
2626951 96.666 5.2 83.754 0.062 5 5
2627088 83.972 7.203 100.81 0.071 153 355
2627089 85.171 6.886 98.959 0.07 123 347
2627090 87.993 11.269 107.37 0.105 52 200
2627091 87.745 4.294 96.435 0.045 17 163
2627207 96.667 26.75 92.589 0.289 12 21
2627274 88.307 12.033 178.491 0.067 214 501
2627276 85.212 8.289 167.196 0.05 190 571
2627278 79.989 6.432 174.037 0.037 139 593
2627279 90.196 5.9 207.783 0.028 60 748
2627323 64.149 6.786 77.361 0.088 14 15
2627347 81.667 4.778 99.621 0.048 9 9
2627399 93.174 15 138.062 0.109 7 12
2627618 99.547 111.725 109.365 1.022 2571 2665
2627624 99.642 97.196 98.673 0.985 682 699
2627630 95.632 8.091 90.712 0.089 11 33
2627631 94.144 8.6 81.246 0.106 10 34
2627632 94.375 29.375 84.269 0.349 8 13
2627633 97.143 13 126.333 0.103 7 7
2627762 70.425 15.113 137.134 0.11 62 85
2627766 77.567 13.588 173.657 0.078 34 35
2627770 97.252 6.625 198.346 0.033 8 10
2627772 96.173 7.429 223.431 0.033 7 8
2627774 96.103 7.167 243.383 0.029 6 7
2627830 91.999 12.036 99.401 0.121 168 286
2627832 91.489 8.165 99.299 0.082 133 315
2627833 87.704 4.783 98.329 0.049 60 330
2627834 86.655 5.296 99.226 0.053 54 361
2627946 99 18.1 100.987 0.179 10 300
2627988 99.89 119.198 113.521 1.05 81 84
2628681 77.231 6.455 83.585 0.077 22 34
2628682 77.357 6.45 82.525 0.078 20 34
2628685 98.462 34.692 116.041 0.299 13 35
2629042 89.011 31.154 97.597 0.319 13 18
2629055 80.951 6.286 99.832 0.063 7 7
2630740 95.834 7.875 100.296 0.079 8 237
NA NA NA NA NA NA NA
2631849 70.568 9.974 106.003 0.094 39 204
2631850 67.194 9.978 106.426 0.094 46 217
2631852 74.177 10.849 107.108 0.101 73 206
2631853 76.108 11.692 107.323 0.109 78 205
263192 86.949 52.846 107.472 0.492 13 13
2632133 97.611 104.111 133.343 0.781 9 9
2632500 100 3 86.273 0.035 1 3
2632918 97.099 25.314 173.394 0.146 194 565
26357 99.543 94.615 99.431 0.952 13 13
2637045 77.755 7.785 118.18 0.066 65 126
26373 99.835 69.4 68.209 1.017 15 15
2637541 77.522 60.462 105.873 0.571 13 64
2640774 99.592 73.538 76.135 0.966 13 13
2641162 97.648 98.75 82.681 1.194 12 21
2641163 98.777 76.133 66.744 1.141 30 31
2641164 98.484 111.375 100.6 1.107 16 16
2641165 99.733 92.917 89.66 1.036 12 12
2641182 99.222 89.9 84.654 1.062 20 20
2641187 99.235 69.379 72.807 0.953 29 28
2641189 98.702 86 82.865 1.038 6 6
2641191 98.824 105.5 113.652 0.928 16 16
2641192 99.664 97.864 97.685 1.002 22 22
2641197 99.466 93.792 96.812 0.969 24 24
2641203 98.565 79.437 67.448 1.178 142 143
2641233 99.6 74.578 80.603 0.925 64 65
2641246 99.549 137.75 149.766 0.92 12 12
2641247 98.595 98.474 102.85 0.957 19 19
2641248 99.639 72.733 76.957 0.945 15 15
2641252 99.108 77.667 84.844 0.915 24 24
2641257 99.148 58 70.432 0.823 9 10
2641651 99.899 87 92.225 0.943 7 7
2641652 99.059 94.25 79.481 1.186 8 8
2641653 100 89.5 70.75 1.265 4 4
2641669 99.013 116.167 120.31 0.966 18 18
2641678 99.792 128.111 127.15 1.008 27 29
2641689 99.423 93.333 81.841 1.14 12 12
2641710 98.74 98.143 84.523 1.161 7 7
2641731 100 87.462 75.745 1.155 13 13
2641751 97.678 112.6 111.341 1.011 10 10
2641758 98.588 125.357 146.742 0.854 14 14
2641761 95.158 88.917 83.559 1.064 24 24
2641762 99.589 107.81 100.164 1.076 58 57
2641764 99.951 108.438 103.82 1.044 16 16
2641765 99.904 138.5 118.236 1.171 8 8
2641788 100 114.667 94.126 1.218 6 6
2641797 98.639 103.8 109.404 0.949 10 11
2641823 99.459 118.704 100.346 1.183 27 28
2641825 99.452 78.875 71.737 1.1 8 8
2641827 100 101.4 93.403 1.086 5 5
2641885 98 71.8 64.79 1.108 5 5
264189 98.559 94.667 88.324 1.072 12 12
2641893 92.938 87.5 74.841 1.169 10 10
2641906 100 116.143 110.522 1.051 7 7
2641944 95.018 104.769 99.729 1.051 13 13
2641962 99.969 110.692 102.869 1.076 13 13
2641966 99.86 86.375 82.524 1.047 8 8
2641968 97.382 118.273 119.986 0.986 11 11
2641978 99.573 101.167 108.282 0.934 6 6
2641980 99.759 64.645 71.974 0.898 31 31
2641999 97.188 78.286 89.574 0.874 21 21
2642019 99.59 87 89.002 0.978 10 10
2642246 99.611 87.068 81.88 1.063 74 74
2643533 99.252 90.417 97.318 0.929 12 12
2643676 98.842 93.761 92.393 1.015 67 67
2643971 99.453 90.3 89.079 1.014 30 30
2643986 99.855 176.385 154.136 1.144 13 13
2645162 99.869 88.182 87.099 1.012 22 23
2645886 99.871 62.667 65.629 0.955 9 9
2646181 99.715 139.935 141.78 0.987 46 47
2647165 99.706 124.143 154.616 0.803 7 7
2647905 99.235 96.561 114.015 0.847 3295 3349
2648150 100 117 109.398 1.069 7 7
2648359 99.279 170.688 151.136 1.129 16 16
264895 99.899 105.667 94.239 1.121 27 27
264948 99.646 96.51 86.894 1.111 149 149
2650412 99.117 118.812 116.091 1.023 64 63
2650935 99.848 102 105.154 0.97 10 10
2651551 99.011 84.47 100.395 0.841 100 101
2651552 99.321 79.645 97.212 0.819 62 62
2651565 99.01 45.912 62.568 0.734 34 34
2651616 98.714 58.429 77.608 0.753 14 14
2653392 99.956 55.723 81.844 0.681 83 84
2654177 99.276 89 82.109 1.084 15 15
2654255 99.698 75.667 55.321 1.368 6 6
2654262 97.111 86.296 75.284 1.146 27 27
2654384 99.938 90.3 91.031 0.992 10 10
2654409 99.031 93.5 95.496 0.979 10 10
2654529 97.76 75.538 77.68 0.972 13 13
2654793 99.1 129.727 134.328 0.966 11 10
2654814 99.667 86.5 87.797 0.985 20 20
2654993 97.671 82 78.32 1.047 10 10
2655032 99.14 113.843 101.577 1.121 140 142
2656010 99.584 86.786 90.85 0.955 14 15
2660286 96.364 42.6 40.141 1.061 5 5
2661419 99.73 97.569 98.016 0.995 65 69
2662072 100 53 73.441 0.722 4 6
2662075 99.772 120.947 126.076 0.959 19 19
2663795 99.602 105.831 108.967 0.971 2605 2646
266613 98.757 90.76 102.591 0.885 25 26
2666687 99.975 86.684 89.31 0.971 19 19
2668467 99.461 79.627 88.725 0.897 6513 6650
2669274 99.513 116.165 105.705 1.099 121 125
2671183 99.698 90.75 77.333 1.173 12 12
2674095 99.29 129.692 134.761 0.962 52 53
2674585 99.991 87.19 92.618 0.941 21 21
2674984 100 50.875 81.977 0.621 8 8
2675085 99.084 72.571 67.799 1.07 7 7
2675821 99.946 117 97.962 1.194 14 14
2675876 99.94 117.25 101.469 1.156 8 8
267595 99.694 100.386 133.934 0.75 215 213
2676698 75.727 8.833 53.664 0.165 30 30
2679989 98.919 107.2 106.847 1.003 20 22
2680007 99.948 124.5 94.988 1.311 6 6
2680051 99.606 139.092 137.353 1.013 436 437
2680286 99.515 143.583 131.307 1.093 12 12
2680443 99.114 75.917 72.044 1.054 12 12
2680790 81.643 222.111 54.486 4.076 18 18
2680793 79.843 230.083 63.789 3.607 12 12
268080 99.399 73.333 70.175 1.045 15 15
268084 68.729 19.781 93.047 0.213 32 32
268089 76.476 6 80.12 0.075 5 5
2681097 99.449 84.857 75.145 1.129 14 14
2681214 99.069 159 171.227 0.929 31 32
2681575 98.913 126.461 120.265 1.052 141 143
2684400 99.915 105.818 100.302 1.055 11 12
2684414 96.474 85.667 89.278 0.96 9 9
2684449 99.647 72.375 76.866 0.942 120 121
26854 89.696 80.429 81.572 0.986 14 14
2685597 99.353 103.222 104.89 0.984 36 36
2686637 97.958 83.182 72.866 1.142 11 11
2686673 100 101.812 90.712 1.122 16 17
2687862 99.935 98.125 87.338 1.124 8 9
2688317 99.865 106.147 112.759 0.941 34 34
2688378 99.774 151.091 171.845 0.879 11 11
2688827 98.438 14.625 70.93 0.206 8 10
269001 98.915 92.9 84.29 1.102 40 40
2692092 99.365 77.358 81.111 0.954 67 67
2692134 99.051 82.249 86.014 0.956 1401 1413
2692173 98.555 89.161 96.318 0.926 62 62
2692365 73.568 13.182 11.042 1.194 11 12
2692370 69.174 14.105 11.96 1.179 19 21
2692441 99.197 63.2 71.129 0.889 110 115
2692468 92.435 15.75 56.033 0.281 4 4
2692481 100 98 105.909 0.925 4 5
2692491 95.661 64.667 62.131 1.041 9 9
2692510 99.496 57.429 78.213 0.734 7 7
2692603 96.259 125.333 165.977 0.755 15 17
2692608 98.461 19.667 113.981 0.173 15 15
2694920 99.225 105.578 93.736 1.126 45 45
2694953 99.362 109.876 91.071 1.206 121 122
2695460 99.958 84.7 93.933 0.902 10 10
2695598 99.922 159.1 182.178 0.873 10 9
2695885 100 63.143 87.579 0.721 7 8
2696545 99.399 78.038 90.347 0.864 26 25
2696845 99.475 100.227 105.149 0.953 22 22
2696849 99.28 84.125 92.458 0.91 8 8
2697150 98.769 61.071 57.495 1.062 14 15
2697336 100 70.25 69.633 1.009 8 8
2698361 97.855 91.875 108.512 0.847 8 9
2698532 99.498 74.308 69.177 1.074 13 13
2698585 85.986 66.154 74.67 0.886 13 13
2699318 99.525 95.812 106.477 0.9 16 16
2699891 72.457 6.052 104.178 0.058 77 139
2699893 80.546 4.929 117.889 0.042 28 63
2701775 99.924 93.2 69.667 1.338 25 25
270225 100 69.143 70.129 0.986 7 7
2703832 99.804 78.7 97.574 0.807 10 10
2703882 89.862 20.062 109.53 0.183 16 18
2703885 92.13 49.667 116.228 0.427 9 14
2707155 99.783 95.538 89.262 1.07 13 13
270745 99.544 104.578 92.462 1.131 45 45
2709027 99.145 110.769 97.004 1.142 13 13
2709117 99.844 100.822 95.374 1.057 45 45
2709991 99.744 88.571 97.457 0.909 21 21
2711140 99.642 193 207.279 0.931 5 5
2712777 85.668 14.625 10.138 1.443 16 16
2712779 84.526 12.625 10.138 1.245 16 16
2712782 81.794 12.938 10.138 1.276 16 16
2712783 86.951 24.529 18.764 1.307 17 17
2712843 99.944 86.067 89.743 0.959 45 45
2713795 99.71 105.892 96.82 1.094 2316 2267
2714308 99.497 195.482 136.229 1.435 311 313
2714510 99.827 70.667 88.473 0.799 6 6
2714756 99.784 91.222 89.717 1.017 36 36
2715154 99.005 73.833 68.923 1.071 6 6
2715330 99.112 79.444 75.378 1.054 27 31
2715338 99.719 163.6 141.386 1.157 10 10
2715340 97.286 109.621 96.916 1.131 95 99
2715342 99.469 109.434 100.717 1.087 1141 1168
2715344 99.272 91.935 85.38 1.077 1882 1937
2715346 99.204 112.675 101.609 1.109 754 801
2715347 98.2 111.346 94.597 1.177 52 54
2715369 99.455 95.138 83.984 1.133 901 916
2715432 99.516 108.342 111.326 0.973 278 282
271547 100 36.517 73.157 0.499 29 29
2715887 94.807 7.936 106.255 0.075 110 305
2715888 74.817 10.444 106.81 0.098 45 158
2716703 99.656 93.319 87.953 1.061 213 216
2716862 99.598 99.328 95.217 1.043 61 61
2717017 99.061 103.082 93.582 1.102 49 49
2717749 99.886 92.1 91.925 1.002 10 10
2718271 99.786 60.417 58.034 1.041 12 12
2718489 99.338 100.833 104.882 0.961 18 18
2718519 99.977 720.429 83.478 8.63 14 16
2718631 99.844 89.118 82.39 1.082 17 17
2718648 98.723 124 136.053 0.911 7 7
2718727 99.636 95.558 93.7 1.02 43 43
2718740 99.831 126.238 115.776 1.09 21 21
2718742 98.605 86.448 84.603 1.022 29 29
2718769 98.937 84.857 80.607 1.053 7 7
2718782 99.17 109.92 95.914 1.146 50 50
2719057 99.035 86.208 91.91 0.938 53 53
2719555 99.709 76.663 81.87 0.936 83 83
2719662 98.554 89.589 91.265 0.982 56 57
271991 99.282 105.349 108.242 0.973 86 86
2720069 99.933 112.671 117.771 0.957 76 76
2720418 99.696 75 69.339 1.082 42 43
2720490 99.564 142.24 139.807 1.017 25 25
2720662 91.253 6.81 88.42 0.077 58 181
2720663 85.102 6.587 87.601 0.075 46 174
2720664 86.43 16 89.462 0.179 37 177
2720665 95.755 5.833 94.725 0.062 18 87
2721874 98.938 97.552 95.659 1.02 460 460
2722028 98.977 68.9 72.394 0.952 10 10
272225 99.887 88.353 80.589 1.096 17 17
2723062 99.62 102.88 103.412 0.995 117 121
272315 99.422 94 90.645 1.037 39 39
2723544 99.509 85.158 72.31 1.178 19 20
2724057 73.441 17.75 124.063 0.143 16 18
2726100 99.842 117.583 103.783 1.133 12 12
2726103 99.005 143.857 110.449 1.302 14 14
2726112 98.504 146.554 115.924 1.264 112 113
2726116 98.861 109.897 92.834 1.184 58 59
2726117 98.985 108.305 86.955 1.246 82 84
2726118 99.741 110.556 84.813 1.304 9 9
2726119 98.955 139.436 84.877 1.643 140 140
2726121 99.335 119.829 99.706 1.202 82 84
2726136 98.273 124.232 107.664 1.154 82 83
2726139 97.715 122 99.921 1.221 104 107
2726141 99.362 140.378 111.539 1.259 352 363
2726142 99.287 149.28 140.787 1.06 164 174
2726145 98.943 115.935 94.967 1.221 338 343
2726287 99.007 78.077 71.87 1.086 13 14
2728449 87.043 22.222 30.224 0.735 18 19
2729098 90 5.111 76.535 0.067 9 32
2729301 99.684 134.583 136.852 0.983 12 12
2729492 99.757 92.12 88.022 1.047 125 125
2729561 99.55 51.727 89.333 0.579 981 1009
2729634 99.625 104.979 106.226 0.988 48 49
273068 98.974 83.775 94.502 0.886 71 71
2732063 99.356 99.575 88.039 1.131 40 40
2732243 99.699 72.389 68.287 1.06 18 19
2732540 78.518 5.889 72.975 0.081 9 11
2732542 82.994 5.364 62.201 0.086 22 31
2732544 74.308 7.585 68.497 0.111 53 65
2732546 61.598 15.524 79.434 0.195 269 352
2732550 78.284 33.4 69.622 0.48 20 21
2732552 72.097 7.429 45.489 0.163 7 7
2732554 77.575 6.333 51.571 0.123 6 7
2732604 99.93 173.75 144.886 1.199 8 8
2732638 100 40.833 73.049 0.559 12 14
2732981 99.171 78.242 82.684 0.946 33 33
2733178 99.544 81.455 77.597 1.05 11 11
2733238 88.888 19.5 33.95 0.574 6 8
2733680 91.659 8.37 72.496 0.115 54 71
2733687 79.822 10.862 71.712 0.151 65 101
2733695 83.245 30.818 76.801 0.401 11 16
273461 99.573 108 111.107 0.972 6 5
273462 99.585 108.333 111.107 0.975 6 5
2734653 99.779 105.588 94.852 1.113 17 17
2735423 99.845 63.333 64.919 0.976 6 6
2736158 99.359 123.966 115.561 1.073 1021 1041
2736562 99.096 256.25 191.375 1.339 8 8
2736720 99.578 78 72.144 1.081 4 4
2736739 100 81.25 61.72 1.316 4 4
2736772 99.929 194.5 179.198 1.085 8 8
2736811 99.672 135.5 101.219 1.339 6 6
2737331 99.159 67.941 84.318 0.806 17 17
2737551 85.448 4.846 137.671 0.035 13 14
2737554 88.529 5.846 100.454 0.058 13 13
2737762 99.874 63.571 66.081 0.962 14 14
2739272 99.815 42.1 55.833 0.754 10 11
27395 99.712 92.05 88.03 1.046 20 20
2739911 99.445 124.269 114.257 1.088 104 107
2740603 71.748 12.636 89.543 0.141 140 145
2740604 76.977 18.574 93.836 0.198 101 101
2740606 79.442 33.19 109.332 0.304 121 123
2740726 100 5.485 93.329 0.059 33 44
2740727 100 5.909 93.329 0.063 33 44
2741336 97.096 147.365 144.021 1.023 63 66
27415 70.376 32.936 75.127 0.438 94 218
2742145 83.039 26.102 120.556 0.217 186 333
2742146 79.135 17.646 152.652 0.116 48 48
2742152 69.998 7 134.12 0.052 5 5
2742155 88.255 23.5 81.89 0.287 4 4
2742156 81.512 16.97 109.811 0.155 100 137
2742157 91.473 130.333 133.789 0.974 6 6
2742160 99.181 62.25 89.123 0.698 16 16
2742283 75.455 10.167 67.041 0.152 18 32
2742287 96.426 8.103 83.78 0.097 87 133
2742336 94.462 41.4 77.161 0.537 5 5
2742345 99.223 108.349 110.676 0.979 43 44
2742354 58.46 8.353 86.907 0.096 17 17
2742406 62.054 10.16 58.476 0.174 25 45
2743206 99.978 70.353 70.443 0.999 17 17
2743259 99.271 89.259 82.939 1.076 1385 1403
2744201 99.471 80.79 89.203 0.906 62 63
27444 99.711 94.76 74.808 1.267 75 75
2744545 74.537 73.25 23.342 3.138 12 12
27452 99.022 110.377 103.488 1.067 122 122
27455 99.417 113.844 105.173 1.082 2054 2153
27456 99.811 118.24 112.53 1.051 25 25
27458 98.794 112.79 102.464 1.101 291 291
2745959 98.956 64.571 65.664 0.983 14 14
27463 99.456 103.064 91.721 1.124 5772 5953
274683 99.307 99.867 96.299 1.037 143 143
27469 99.845 125.375 88.446 1.418 8 8
2747141 98.994 108.035 106.436 1.015 115 115
2747151 98.858 113.894 112.511 1.012 404 404
2747195 98.729 102.5 100.079 1.024 60 59
2747196 98.214 105.5 103.209 1.022 10 11
27473 99.704 113.577 98.308 1.155 2268 2267
27474 99.469 115.478 110.653 1.044 157 157
2747453 99.048 109.658 104.944 1.045 193 194
2747454 97.757 94.162 90.715 1.038 105 106
2747468 97.983 71.3 78.58 0.907 20 20
2747470 98.188 66.144 114.122 0.58 90 90
2747471 98.798 111.326 102.944 1.081 399 403
2747472 98.714 65.688 115.705 0.568 80 80
2747478 98.981 107.462 110.461 0.973 13 13
2747480 98.869 92.789 94.017 0.987 313 318
2747481 98.087 99.976 101.859 0.982 83 83
2747490 98.189 92.818 92.972 0.998 11 11
27477 99.52 156.111 146.442 1.066 9 9
27478 99.543 102.333 104.363 0.981 15 15
27481 99.368 106.547 96.115 1.109 64 66
27482 99.639 157.654 99.461 1.585 78 78
2748297 99.359 100 110.225 0.907 18 18
27483 96.666 3.6 118.122 0.03 5 6
27487 99.118 117.197 83.017 1.412 66 581
27488 99.431 110.4 99.892 1.105 90 104
274894 99.71 117.571 102.088 1.152 7 7
27490 99.371 88.625 82.02 1.081 24 24
274908 97.567 91.882 77.791 1.181 17 17
27500 99.802 82 83.728 0.979 26 26
27502 99.295 111.154 110.119 1.009 13 13
2750396 98.718 89.833 85.934 1.045 6 7
2750439 99.571 137.947 124.09 1.112 19 21
275076 99.702 88.692 77.063 1.151 52 52
2750779 99.913 76.333 96.487 0.791 9 9
2751114 99.529 176.875 176.804 1 8 8
2751300 98.33 71.2 106.844 0.666 10 10
2751571 88.094 4.143 65.582 0.063 7 7
2751589 99.821 55.286 69.288 0.798 14 15
2751669 91.598 12.1 87.781 0.138 10 36
2751670 96.19 25.286 98.818 0.256 7 31
2751673 94.609 11.463 102.928 0.111 41 66
2751675 94.883 9.712 105.308 0.092 52 70
2751760 100 3.4 141.888 0.024 5 8
2751763 99.306 19.667 101.931 0.193 12 17
2751764 100 4.5 104.895 0.043 8 14
2751766 99.301 4.909 103.808 0.047 11 17
2751772 97.991 32.867 87.814 0.374 15 17
27518 99.343 56.091 81.773 0.686 11 23
27521 98.958 78.729 60.073 1.311 48 47
27523 99.104 78.065 75.079 1.04 108 117
2752623 99.609 219.429 195.479 1.123 14 14
27530 99.932 117.385 100.199 1.172 13 13
27538 99.702 86.25 96.3 0.896 12 12
2754243 99.641 110.786 101.547 1.091 14 14
27549 98.852 176.333 141.813 1.243 18 18
27551 99.634 98.125 88.061 1.114 24 24
275622 99.876 73.261 70.773 1.035 23 22
275634 99.509 98.889 90.431 1.094 2222 2228
27564 74.93 31.32 86.392 0.363 25 90
2756854 100 74.2 104.387 0.711 5 5
27578 99.003 135.667 99.452 1.364 6 6
2758163 98.438 85.8 85.633 1.002 10 10
2758331 99.7 67.684 66.393 1.019 38 38
2759216 99.077 76 78.214 0.972 36 36
275954 100 106.889 100.714 1.061 9 9
276017 99.936 82 65.866 1.245 8 8
2760790 98.191 99.898 95.268 1.049 118 119
2761565 99.787 73.75 78.49 0.94 12 12
2761636 100 90.143 97.2 0.927 7 7
2762364 99.332 32.867 50.765 0.647 15 15
2763178 99.304 96.333 100.635 0.957 9 9
276348 99.828 99.316 83.113 1.195 19 18
2765818 99.402 108.977 111.548 0.977 44 44
2766623 99.402 109.625 101.419 1.081 8 8
2766737 99.559 159.714 159.143 1.004 7 7
2767741 99.829 74.067 76.761 0.965 15 15
2768194 82.907 11 80.248 0.137 6 6
2768196 73.336 17.286 57.629 0.3 7 7
2768197 77.863 22.3 77.272 0.289 10 10
2768232 91.258 13 24.076 0.54 5 5
2768237 90.356 40.026 62.8 0.637 39 39
2768599 99.723 24.009 30.199 0.795 217 233
2770721 99.141 68.091 74.74 0.911 263 270
2771362 99.102 110.333 80.076 1.378 6 6
2771651 99.771 100.5 106.494 0.944 10 10
2771685 98.573 78.386 90.305 0.868 378 389
2772114 99.873 116 123.375 0.94 3 3
2773288 99.711 110.4 102.925 1.073 10 10
2774415 100 92.889 100.212 0.927 9 9
2774555 99.376 112.023 122.944 0.911 4970 5016
2775064 96.143 150.714 139.851 1.078 7 7
2775521 97.53 70.095 67.857 1.033 21 21
2775826 95.68 153.8 174.948 0.879 5 5
2776219 99.968 121.588 113.523 1.071 17 17
2776487 99.779 104.927 97.758 1.073 218 220
2777776 93.733 56.444 69.558 0.811 54 54
2777777 75.687 73.923 134.161 0.551 13 13
2777785 97.916 51.5 85.507 0.602 8 9
2778460 99.033 84.857 87.141 0.974 7 7
2779125 99.287 84.667 81.677 1.037 15 15
2782566 99.881 170.875 154.481 1.106 8 8
2782975 98.932 149.467 144.918 1.031 15 15
278322 99.701 90.286 91.681 0.985 7 7
2783335 99.831 111.133 103.798 1.071 15 15
2784199 78.768 4.87 88.321 0.055 23 26
2784200 75.714 4.143 77.337 0.054 7 8
2784204 76.496 7.862 98.528 0.08 109 111
2784209 76.883 4.367 91.898 0.048 49 54
2784211 86.487 5.326 106.983 0.05 92 116
2784212 82.308 4 100.507 0.04 13 15
2784214 84.416 7.592 107.166 0.071 98 168
2784250 96.297 4.444 112.563 0.039 9 16
2784251 100 4.429 92.402 0.048 7 15
2784252 96.429 5.286 105.429 0.05 7 16
2784253 97.732 6.238 91.862 0.068 21 31
2784384 99.406 67.25 85.512 0.786 8 8
2786017 100 43.9 133.729 0.328 10 10
2786248 99.85 112.667 124.175 0.907 21 21
2786721 99.92 235 203.599 1.154 5 5
2788012 99.501 104.3 97.189 1.073 10 10
2788581 95.833 82 84.089 0.975 6 6
2788823 99.185 96.702 94.536 1.023 121 125
2789508 99.828 82.667 85.722 0.964 30 30
2789584 99.854 95.714 98.611 0.971 14 14
2791022 99.88 74.875 85.301 0.878 8 8
2791178 99.984 98.533 77.383 1.273 15 14
2791222 99.777 197 208.194 0.946 23 23
2791262 99.478 107.656 91.853 1.172 32 32
2791802 99.898 190.4 183.487 1.038 5 5
2793428 99.765 110.375 91.391 1.208 8 8
2793644 99.568 142.24 123.021 1.156 25 26
2794008 71.568 7.31 92.542 0.079 29 43
2794062 99.712 110.9 95.631 1.16 40 40
2794071 99.606 118.535 108.938 1.088 2608 2649
2794077 99.778 108.25 90.936 1.19 12 13
2794084 99.637 114.636 82.043 1.397 11 11
2794494 99.948 103.227 95.199 1.084 22 21
279456 97.803 16.429 141.722 0.116 7 7
279459 97.048 8.545 133.123 0.064 11 12
2794633 98.735 121.391 114.449 1.061 23 22
279466 100 4.4 178.163 0.025 5 5
279468 99.284 81.015 104.535 0.775 269 269
279501 100 6.8 72.054 0.094 15 19
279504 100 5.846 75.23 0.078 13 16
279506 100 5.077 80.117 0.063 13 19
279509 100 12.429 76.66 0.162 7 11
279514 98.242 16.758 75.947 0.221 33 40
279515 92.461 20.526 81.008 0.253 19 23
279516 96.398 6.559 114.636 0.057 59 374
279517 95.049 7.235 108.597 0.067 757 1254
279518 96.875 4.062 73.809 0.055 16 37
279520 75.815 5.182 130.05 0.04 33 56
279521 92.98 4.535 116.571 0.039 86 254
279522 95.25 4.843 109.584 0.044 70 226
279524 95.222 5.284 109.169 0.048 67 150
279721 100 74.875 98.029 0.764 8 8
2797405 99.584 109.294 111.407 0.981 17 17
279787 99.427 85.139 85.438 0.996 36 36
2798992 99.931 33.515 20.524 1.633 33 80
2800778 99.394 125.5 93.261 1.346 8 8
2800874 100 7.5 64.5 0.116 2 2
2801103 99.878 112.6 108.461 1.038 10 11
280438 98.907 163.414 153.991 1.061 29 29
2806796 99.773 104.14 89.238 1.167 57 59
2807344 99.816 91.4 75.21 1.215 25 25
2807528 96.16 111 95.608 1.161 9 49
2807801 82.813 140.211 150.785 0.93 19 22
2809633 99.517 112.959 109.018 1.036 2606 2645
2811068 99.407 135.083 118.698 1.138 12 12
2812277 60.182 15.859 70.036 0.226 78 90
2813981 100 76.4 76.993 0.992 20 21
2814708 99.293 111.3 113.78 0.978 10 10
281579 99.871 124.542 119.083 1.046 24 24
28159 98.916 92.286 96.386 0.957 7 7
2816286 98.572 106.417 99.729 1.067 12 12
2816295 99.834 104.111 99.305 1.048 36 38
2817502 99.612 122.981 109.041 1.128 2606 2643
281788 99.778 65 66.546 0.977 28 28
2819202 99.845 78.957 86.708 0.911 23 23
2819678 99.762 112.92 109.593 1.03 25 25
2819890 99.658 85 76.721 1.108 8 8
2819891 99.57 84 76.721 1.095 8 8
2819921 99.663 122.5 98.472 1.244 6 7
2820341 98.904 88.065 87.892 1.002 93 95
2820916 99.54 145.273 115.481 1.258 11 11
2821161 97.143 4 110.319 0.036 7 10
2821162 85.873 22 116.447 0.189 10 10
2821174 98.73 98.583 90.253 1.092 24 26
2822105 98.885 92.75 96.771 0.958 8 8
2822737 100 57 74.761 0.762 5 6
2824582 99.823 120.625 124.466 0.969 16 16
2825581 99.572 105.946 108.972 0.972 2603 2646
2826341 97.936 102.733 105.128 0.977 15 15
28266 99.731 99.348 100.205 0.991 23 23
2827024 99.501 72.348 94.978 0.762 23 23
2827857 99.587 80.636 95.728 0.842 44 44
2828255 99.451 83.875 77.168 1.087 8 8
2828485 93.257 39.575 81.01 0.489 174 190
2830143 100 92.875 85.798 1.082 8 8
2831430 67.357 27.429 11.375 2.411 21 21
2832077 99.016 131.688 118.264 1.114 16 17
2832278 99.766 118.286 117.142 1.01 7 7
2832475 82.471 11.5 67.924 0.169 10 12
2832479 75.296 9.4 94.165 0.1 20 29
2833763 99.303 175.419 147.584 1.189 31 31
2833855 99.818 96 79.607 1.206 9 9
2833863 97.873 114.667 102.742 1.116 6 6
2834032 99.218 112.231 95.561 1.174 13 13
2834469 99.345 111.541 92.794 1.202 109 112
28357 99.769 99.676 98.206 1.015 34 34
283610 99.519 85.787 109.027 0.787 2627 2646
283614 98.15 43.5 77.25 0.563 2 2
2838692 100 116.6 122.091 0.955 5 5
2839340 99.615 69.139 81.46 0.849 79 80
2839468 96.552 6.862 83.671 0.082 29 92
2839477 65.935 20.133 83.993 0.24 30 30
2839491 99.23 69.017 109.327 0.631 180 183
2839498 88.181 13.125 35.885 0.366 8 8
2839512 81.233 14.167 35.219 0.402 6 6
2839513 96.056 43.257 77.465 0.558 35 36
2839520 82.031 32.561 47.272 0.689 41 45
2839531 97.581 6.805 82.035 0.083 41 104
2839532 97.381 19.036 80.558 0.236 56 119
2840943 70.774 24.357 83.944 0.29 56 59
2840944 72.441 8.125 74.918 0.108 16 17
2842331 100 82.222 80.679 1.019 9 10
2842585 99.814 140.444 133.715 1.05 9 9
2843093 99.79 222.375 205.114 1.084 8 8
2843470 96.178 53.636 60.72 0.883 11 14
2845337 99.749 150.41 125.079 1.203 39 40
2845759 77.347 29.538 134.371 0.22 13 14
2847 99.164 84.385 75.37 1.12 13 14
2848587 99.42 69.069 76.449 0.903 334 339
2849497 99.398 85.615 71.636 1.195 13 13
2849671 99.614 90.206 77.487 1.164 34 34
2850440 99.545 73.225 81.571 0.898 111 111
2850570 98.88 120.63 105.589 1.142 46 46
2851080 99.909 109.882 114.836 0.957 17 17
2851081 99.53 109.517 104.641 1.047 29 29
2852501 99.525 133.344 100.343 1.329 61 61
2853121 99.762 81.118 82.346 0.985 17 17
2854056 98.162 70.231 70.922 0.99 13 14
2854106 79.213 195.333 44.488 4.391 6 7
2854896 99.174 96.25 81.541 1.18 36 36
2855199 99.617 101.885 94.902 1.074 26 27
2855211 85 4.5 85.07 0.053 8 8
2855376 99.281 137.109 115.093 1.191 585 590
2855634 99.824 117.444 128.082 0.917 9 9
2856363 99.498 130.262 121.908 1.069 42 43
2856438 98.877 93.714 89.758 1.044 7 7
2856744 99.2 87.714 88.048 0.996 7 8
2856910 99.924 400.25 62.147 6.44 16 16
285751 99.435 93.434 84.796 1.102 2116 2135
2860760 98.805 77.909 90.941 0.857 11 11
2861048 87.593 17.111 80.763 0.212 9 9
2863564 98.443 84.667 92.9 0.911 21 21
2864451 99.847 166.867 212.894 0.784 15 15
2864534 92.5 18.6 60.06 0.31 5 7
2864817 99.831 85.9 119.644 0.718 10 11
2864906 76.146 5.812 80.025 0.073 16 16
2864910 84.407 6.818 71.897 0.095 11 11
2864920 79.279 7.5 173.295 0.043 10 9
2864921 69.744 11.582 149.116 0.078 55 60
2866198 95.14 10.731 97.334 0.11 375 477
2866199 94.025 8.765 98.026 0.089 332 470
2866201 93.312 8.074 98.185 0.082 269 463
2866202 92.834 7.938 98.539 0.081 224 437
2866206 92.195 6.737 100.433 0.067 99 298
2866208 90.849 5.408 99.69 0.054 49 270
2866221 92.812 4 161.15 0.025 8 25
2866224 95.433 78.758 110.629 0.712 66 149
2866225 79.848 4.714 95.947 0.049 35 172
2866226 73.336 8.853 87.58 0.101 68 232
2866227 72.397 6.922 90.037 0.077 77 222
2866229 91.864 7.723 98.436 0.078 303 442
2866230 93.589 8.584 97.646 0.088 351 472
28668 100 139.5 128.451 1.086 8 8
2867949 99.853 191 154.376 1.237 6 8
2868347 99.693 96.5 80.87 1.193 18 18
2869777 99.173 178.364 162.956 1.095 11 11
2870339 98.782 149.059 132.074 1.129 17 19
2870358 99.691 108.375 89.254 1.214 16 16
2870386 NA NA NA NA NA NA
2870750 99.529 136.111 127.003 1.072 18 18
2871048 97.421 94.733 110.141 0.86 15 18
2871413 99.703 82.045 109.143 0.752 22 22
2873035 99.583 61.654 64.747 0.952 78 80
2873107 100 110.6 125.027 0.885 5 5
2873110 97.104 87.689 127.118 0.69 106 105
2875898 99.234 128.917 99.564 1.295 36 36
2877760 96.411 60.5 67.728 0.893 8 8
287803 99.4 110.83 108.167 1.025 47 47
2878294 99.892 98.091 93.7 1.047 11 11
2878550 86.85 89.404 94.046 0.951 57 59
2878655 99.644 128.875 124.25 1.037 8 9
2879129 99.058 97.273 94.46 1.03 22 23
2879371 99.415 135.727 123.991 1.095 11 11
2880463 98.541 98.214 87.37 1.124 14 14
288135 99.346 137.857 118.172 1.167 42 42
2881455 99.866 124.765 111.664 1.117 17 19
2881470 99.743 95.491 94.83 1.007 112 113
2881472 99.472 119.846 115.788 1.035 350 352
2881505 99.519 64.966 68.62 0.947 29 29
2881589 87.54 25.143 59.005 0.426 7 7
2881590 84.094 65.062 100.425 0.648 32 33
2881593 82.711 98.081 121.82 0.805 62 69
2881594 86.124 104.786 128.979 0.812 56 63
2881595 86.171 106.883 130.598 0.818 60 67
2881648 97.082 100.167 102.56 0.977 36 37
2881750 100 74.375 81.999 0.907 8 7
2881755 99.532 86.844 83.707 1.037 77 77
2882053 99.562 126.571 138.344 0.915 14 14
2883223 99.316 96.75 101.072 0.957 20 20
2883398 98.213 69.6 77.453 0.899 25 26
2883650 99.941 141.625 186.411 0.76 8 8
2884482 79.756 28.875 106.089 0.272 8 9
288586 98.384 119.348 107.906 1.106 46 46
2885979 99.734 92.625 102.238 0.906 8 8
2886150 99.637 98.818 103.266 0.957 44 44
2886297 98.222 88.077 82.289 1.07 13 13
2886407 99.694 82.286 74.546 1.104 7 7
2886495 99.074 101.63 92.81 1.095 81 83
2886539 98.887 83.843 85.579 0.98 51 53
2886743 100 112 108.232 1.035 6 6
2886774 99.491 113.75 103.817 1.096 56 57
2887641 99.291 128 121.33 1.055 13 12
288777 99.26 108.227 95.522 1.133 66 66
2890619 98.808 118.509 110.158 1.076 55 55
2891267 99.698 114.815 98.567 1.165 2095 2045
289244 61.597 11.585 144.972 0.08 65 136
289246 78.492 11.294 103.871 0.109 17 48
289249 65.5 8.343 121.079 0.069 35 97
2893238 99.818 82 80.369 1.02 15 15
2894090 98.303 77.586 103.534 0.749 29 31
2894667 98.598 84.907 80.724 1.052 86 86
2894895 99.666 80.733 83.858 0.963 30 30
2894934 99.44 95.25 103.039 0.924 20 20
2895008 99.53 89.208 89.971 0.992 24 24
2895231 98.08 133.812 121.08 1.105 16 15
2895251 96.924 80 87.333 0.916 7 7
2895337 97.274 131.7 130.262 1.011 10 10
2895485 97.262 115.314 113.945 1.012 35 35
2895683 99.956 129.667 112.863 1.149 9 9
2895722 97.793 58.667 133.887 0.438 6 6
2895783 99.656 171.455 146.261 1.172 11 11
2897660 99.894 135.933 151.82 0.895 15 15
2899269 99.906 110.95 112.097 0.99 20 20
2899722 99.898 127.154 123.244 1.032 13 13
2899950 99.076 116.194 97.932 1.186 31 31
290 2.703 290.822 102.151 2.847 2362 21
2900214 99.772 123.917 124.681 0.994 24 24
2900821 99.826 91.062 91.379 0.997 16 16
2901256 99.231 50.8 64.586 0.787 10 10
290163 98.499 72.685 89.272 0.814 130 133
2902289 99.942 138.833 124.809 1.112 6 7
2902567 73.686 5 100.613 0.05 20 53
2902570 87.709 10.125 114.017 0.089 8 48
2903265 86.667 4.5 44.818 0.1 6 10
2903597 98.994 101.727 88.206 1.153 33 33
2903606 97.715 134.5 126.278 1.065 8 8
290393 99.296 95.175 96.179 0.99 63 63
2904312 88.096 4.722 99.704 0.047 18 114
2904315 74.952 6.052 99.233 0.061 58 129
2906214 99.756 138.625 138.116 1.004 8 8
2907434 99.638 79.37 80.985 0.98 27 27
2908357 99.581 86.915 84.714 1.026 3901 3959
2908831 99.308 142.345 115.355 1.234 139 141
2908891 99.36 97.745 84.902 1.151 719 729
2909776 99.902 128.818 97.254 1.325 11 11
290998 99.854 131.6 133.779 0.984 10 10
2910130 98.224 9.871 99.397 0.099 62 75
2910132 74.887 8.196 96.814 0.085 51 61
2910466 99.944 104.857 92.614 1.132 7 7
2911118 99.767 87.692 97.445 0.9 13 13
2911657 99.084 59.5 66.713 0.892 10 10
2912450 98.024 64.311 71.923 0.894 45 45
2912844 71.44 18.056 151.617 0.119 18 19
2913374 96.103 102.652 85.312 1.203 23 23
2913597 99.706 151.714 144.875 1.047 7 7
2913664 98.679 70.9 57.378 1.236 10 11
2913853 99.761 103.786 105.91 0.98 14 14
2914081 97.61 171.385 135.702 1.263 13 13
2914381 98.008 104.167 108.795 0.957 6 7
2914426 99.558 88.5 93.039 0.951 12 12
2916697 99.192 64.25 87.722 0.732 4 4
291756 99.318 80.222 76.372 1.05 9 9
2917787 99.761 114.556 101.134 1.133 9 9
2917788 99.854 100.7 73.666 1.367 20 20
2917789 96.943 149.286 125.546 1.189 7 7
2917791 99.711 172.222 145.278 1.185 9 9
2917792 99.174 90.701 88.649 1.023 77 78
2917793 99.142 91.176 77.758 1.173 17 18
2918023 99.176 125.143 100.019 1.251 84 86
291823 99.866 117.185 120.297 0.974 27 27
2918765 99.211 85.636 69.02 1.241 11 11
2919208 99.578 83.6 81.691 1.023 20 20
2919218 99.865 78.348 73.33 1.068 23 23
2920819 99.289 145.375 134.509 1.081 24 24
2920844 100 64.667 76.116 0.85 6 6
2921490 99.523 114.562 102.535 1.117 80 80
2921514 98.608 75 81.34 0.922 12 12
2924189 99.854 75.45 73.357 1.029 20 20
2924386 99.909 72 79.991 0.9 12 12
2926151 84.608 41.333 129.864 0.318 12 13
2927424 99.37 225.333 223.05 1.01 6 6
2927916 99.801 81 78.023 1.038 14 14
292864 99.374 168.651 157.555 1.07 395 395
293070 81.371 32.448 77.005 0.421 29 59
2931022 86.986 18.857 19.213 0.981 7 7
2931023 85.998 12.8 10.726 1.193 5 5
2931026 94.705 124.986 117.238 1.066 72 75
293137 99.483 89.536 79.555 1.125 28 28
2931452 98.648 222.778 189.546 1.175 9 8
2932435 99.816 64.4 69.614 0.925 25 25
2933188 83.146 68.765 98.132 0.701 17 17
2934566 99.29 133.683 142.611 0.937 63 63
293614 99.028 171.1 171.883 0.995 10 9
2937677 99.207 76.5 74.431 1.028 20 20
2937755 99.624 95.615 95.423 1.002 524 531
2937789 98.093 90.778 93.646 0.969 9 9
2937790 98.148 79.154 79.285 0.998 13 13
29392 98.717 100.783 93.564 1.077 23 23
2939254 99.924 78.667 84.354 0.933 24 24
29408 98.219 175.733 151.113 1.163 15 15
2940957 99.147 61.857 67.196 0.921 7 7
2941912 99.652 108.133 108.307 0.998 15 15
2942070 99.708 119.167 119.143 1 12 12
294404 99.552 131.286 122.951 1.068 14 14
2945490 99.703 108.324 98.67 1.098 2093 2119
2945879 99.914 125.059 107.165 1.167 17 17
294609 100 117.333 100.641 1.166 6 6
2946343 99.234 130.04 101.214 1.285 25 25
2946454 100 116.333 108.101 1.076 9 9
2947487 98.37 120.25 109.249 1.101 8 8
2947925 99.677 92.04 98.319 0.936 174 176
2948059 99.841 108.1 103.36 1.046 10 10
2948224 99.511 124.6 116.743 1.067 10 11
2948345 99.952 109.2 116.01 0.941 15 16
294838 99.95 97.628 85.912 1.136 43 43
2948417 98.182 101.2 105.436 0.96 5 5
2948594 99.811 106.981 96.779 1.105 52 53
2948605 98.446 99.889 100.862 0.99 18 18
2948631 99.576 104.417 100.285 1.041 24 24
294983 99.749 103.918 91.577 1.135 49 49
294984 100 88.7 73.46 1.207 10 10
2949908 87.42 15.75 87.396 0.18 12 15
295147 99.717 111 105.085 1.056 11 11
2952401 99.085 74.938 71.385 1.05 48 49
295247 100 95.875 104.566 0.917 8 8
2953183 68.669 10.042 225.513 0.045 24 53
2953186 69.415 9.259 123.521 0.075 54 166
2953252 98.85 90.809 86.692 1.047 325 328
2953367 96.667 43.167 117.569 0.367 6 6
2953581 99.659 119.754 109.72 1.091 114 114
2953741 99.06 134.047 124.008 1.081 43 44
295380 99.562 88 87.942 1.001 28 28
295414 99.877 97.968 98.905 0.991 31 31
2954571 99.848 115.667 90.785 1.274 30 31
2954750 99.919 116.6 114.766 1.016 10 10
2955130 96.613 25.5 109.387 0.233 50 141
2955138 98.478 106.778 96.153 1.111 387 398
2955139 93.125 15.491 98.459 0.157 53 79
2955144 99.532 116.312 110.23 1.055 16 16
2955145 99.254 101.837 88.931 1.145 43 44
2955152 97.222 117.333 110.235 1.064 9 9
295557 99.642 88.625 96.684 0.917 8 8
2956329 98.865 84 100.537 0.836 17 17
295644 99.072 143.696 144.948 0.991 184 183
295645 99.325 113.35 108.123 1.048 360 360
2956510 98.394 81.083 87.785 0.924 12 12
2956982 85.436 48 42.633 1.126 16 16
295714 99.452 91 132.485 0.687 6 6
295717 99.217 131.5 140.809 0.934 26 26
295718 98.763 106.031 102.229 1.037 32 32
295719 92.654 55.623 92.608 0.601 448 1143
295723 99.474 94.345 99.667 0.947 58 58
295724 99.365 109.53 103.651 1.057 847 846
295726 95.796 147.691 128.204 1.152 541 1223
295731 98.963 86.48 88.822 0.974 6405 6665
2958925 97.436 95 88.422 1.074 8 8
2959867 99.265 121.091 97.069 1.247 33 33
2959897 98.068 94.222 98.103 0.96 9 9
296312 99.216 124.083 109.767 1.13 2881 2880
2963171 99.909 83.071 80.769 1.029 14 15
2964712 91.803 6.593 83.348 0.079 231 325
2964715 81.437 5.788 83.336 0.069 170 329
2964717 76.195 6.272 83.563 0.075 103 339
2964718 73.92 5.202 84.455 0.062 84 332
2965041 99.541 115.75 116.231 0.996 52 52
2965634 99.148 91.913 96.397 0.953 115 115
2965856 97.92 141.724 132.942 1.066 58 58
2965876 97.872 115.577 104.287 1.108 52 52
2965881 98.012 119.913 108.068 1.11 115 115
2965884 98.598 103.036 106.991 0.963 56 57
2965899 98.348 143.107 127.005 1.127 28 28
2965900 97.104 108.068 93.819 1.152 73 1999
2965901 99.108 189.5 141.716 1.337 8 10
2965927 98.005 96.051 91.555 1.049 39 39
2965992 99.526 107.41 92.585 1.16 39 39
2966105 99.89 163.5 159.528 1.025 10 10
2966254 99.845 82.182 95.108 0.864 11 11
2966406 98.995 76.789 82.63 0.929 76 76
2966531 100 136.556 123.335 1.107 9 9
2966536 100 98.4 103.115 0.954 5 5
2966545 99.754 111.619 112.436 0.993 21 21
2966556 98.697 58.895 67.139 0.877 57 58
2966826 97.283 141.111 130.547 1.081 9 9
296738 65.029 19.763 62.478 0.316 38 59
2967454 95.909 5.267 85.131 0.062 15 59
2967455 91.538 4.115 88.803 0.046 26 134
2967457 85.201 4.656 86.461 0.054 32 341
2967458 90.539 56.263 125.475 0.448 19 30
2967460 82.659 8.885 94.929 0.094 52 183
2967461 72.601 5.743 85.485 0.067 70 264
2967462 90.338 6.441 83.214 0.077 161 330
2967722 99.426 87.333 93.246 0.937 9 9
2967846 79.343 11.677 104.431 0.112 31 35
296790 98.558 104.824 95.057 1.103 17 17
2968350 71.154 5.867 78.231 0.075 98 242
2968351 67.976 7.062 78.947 0.089 80 420
2968530 98.937 97.3 85.391 1.139 30 30
2969676 99.753 115 101.898 1.129 10 10
2969811 86.789 511.778 54.19 9.444 9 8
2970017 33.932 18.75 92.798 0.202 68 1644
2970018 33.047 17.397 93 0.187 68 1641
2970019 37.339 17.015 92.995 0.183 68 1641
2970022 87.35 9.721 90.682 0.107 344 598
2970023 78.241 14.584 81.607 0.179 89 198
2970024 77.325 5.875 70.689 0.083 24 62
2970025 91.39 8.429 97.195 0.087 63 769
2970027 89.344 4.91 101.941 0.048 89 388
2970029 98.166 41.404 97.966 0.423 99 220
2970033 99.893 48.4 85.765 0.564 15 16
2970034 99.578 60.782 91.546 0.664 55 55
2970035 99.849 44.84 65.698 0.683 25 25
2972041 99.515 35.627 82.617 0.431 193 195
2973557 80.581 16.476 248.057 0.066 191 358
2973558 81.969 18.671 246.619 0.076 219 359
2973560 82.452 16.739 249.837 0.067 226 347
2973562 86.16 17.034 248.14 0.069 261 348
2973565 82.819 12.091 175.303 0.069 11 13
2973612 81.389 5.5 75.585 0.073 12 38
2973658 99.469 79.6 123.099 0.647 10 11
2976555 98.703 114.965 96.138 1.196 85 330
2976556 99.569 100.566 101.986 0.986 242 248
2976557 98.983 105.362 101.18 1.041 505 508
2976559 99.459 107.51 105.348 1.021 192 195
2976561 99.424 80.254 85.513 0.938 134 135
2976562 99.312 79.84 86.397 0.924 530 534
2976563 99.471 112.383 120.487 0.933 1093 1155
2976564 99.554 104.306 105.506 0.989 4494 4677
2976565 99.558 100.398 92.609 1.084 289 292
2976566 99.66 79.083 91.81 0.861 157 160
2976568 99.269 71.17 86.536 0.822 440 457
2976569 99.592 136.534 163.223 0.836 73 74
2976570 99.315 79 102.5 0.771 25 26
2976571 98.62 92.286 99.359 0.929 28 29
2976572 99.292 95.467 101.195 0.943 285 289
2976573 99.241 59.429 70.564 0.842 119 120
2976574 99.714 79.404 100.949 0.787 57 58
2976575 99.676 97.64 108.067 0.904 164 2838
2976577 99.776 90.625 107.703 0.841 24 23
2976579 99.605 124.657 134.852 0.924 35 37
2976580 99.477 97.929 108.49 0.903 85 86
2976581 99.442 69.183 81.787 0.846 115 117
2976582 99.421 93.562 92.799 1.008 73 1370
2976585 94.694 67.368 84.818 0.794 19 38
2979319 99.735 84.875 70.963 1.196 48 49
2980861 96.057 93.696 96.318 0.973 23 63
2980871 99.292 71.65 57.727 1.241 20 20
2980906 99.666 155 122.233 1.268 10 10
2980911 99.629 107.574 96.612 1.113 1812 1875
2980913 99.35 104.583 84.395 1.239 12 12
2980914 99.625 141.4 120.22 1.176 25 26
2980919 99.555 122.708 105.446 1.164 24 24
2980935 99.649 107.696 99.062 1.087 23 23
2980964 93.226 9.216 101.884 0.09 51 266
2980965 72.577 9.182 185.031 0.05 11 25
2980966 90.539 6.25 143.558 0.044 32 95
2980967 95.635 8.148 100.492 0.081 54 802
2980969 97.392 10.33 100.218 0.103 88 911
2981478 99.695 112.959 106.662 1.059 97 99
2982018 99.603 140.714 131.035 1.074 7 7
2982595 82.143 4 43.959 0.091 7 7
2982657 99.582 94.403 92.909 1.016 62 62
2983895 97.549 104.926 121.614 0.863 27 27
2984932 100 113.091 98.807 1.145 11 11
2984939 99.576 83.4 94.609 0.882 25 25
2986827 98.692 124.244 85.498 1.453 127 1706
2987918 99.744 153.571 141.572 1.085 7 7
2990460 99.431 67.25 60.167 1.118 8 8
2991041 99.712 83.8 101.054 0.829 15 16
2991119 99.242 87.724 81.944 1.071 98 99
2991730 99.653 47 56.361 0.834 6 7
299335 100 80.5 78.335 1.028 6 6
2993478 81.297 10.111 12.882 0.785 9 10
2996569 100 88.25 75.439 1.17 8 8
3000199 100 79.1 72.257 1.095 10 10
3000597 99.618 100 92.822 1.077 52 53
300126 100 78.632 80.377 0.978 19 19
3001954 100 84.333 78.294 1.077 6 6
3003349 99.376 66.222 60.943 1.087 9 9
3003720 98.592 95.167 83.974 1.133 6 6
3004091 99.481 94.931 91.654 1.036 5570 5658
3004791 89.453 38.286 66.745 0.574 7 7
3005014 99.395 108.708 105.261 1.033 2051 2108
300544 98.322 94.222 88.224 1.068 9 9
3007262 100 178.2 164.906 1.081 5 6
3008307 99.534 93.353 97.609 0.956 17 17
3008814 82.575 47.636 29.318 1.625 11 11
3009027 98.767 97.667 116.909 0.835 3 3
3009396 99.545 141.375 137.592 1.027 16 16
300963 93.378 212.5 150.914 1.408 8 8
3009772 100 123.429 118.342 1.043 7 7
3009953 98.421 82.6 75.976 1.087 10 10
3010077 99.459 102.2 101.705 1.005 10 10
3010475 99.331 84.214 90.028 0.935 14 14
3011440 100 119.833 103.873 1.154 6 7
3011817 99.851 89.75 84.347 1.064 8 8
3012250 98.864 73.552 73.133 1.006 58 59
3012759 98.658 18.091 97.7 0.185 33 35
3012818 96.735 41.48 80.53 0.515 25 25
3014290 99.681 107.625 90.505 1.189 8 8
301449 99.72 81.763 68.854 1.187 215 215
3015066 99.019 119.919 87.495 1.371 37 37
3015078 99.76 76.016 66.434 1.144 63 64
3015079 99.344 158.385 117.07 1.353 13 13
3015106 98.912 197.806 128.47 1.54 31 32
3015140 99.793 124.462 111.124 1.12 39 39
3015511 80.277 18.278 127.577 0.143 18 18
3015554 72.974 14.889 63.589 0.234 9 9
3015558 73.149 24.84 98.709 0.252 25 25
3015559 74.244 30.393 82.113 0.37 28 28
3015638 64.757 48.925 180.931 0.27 80 84
3015639 83.308 17.4 115.228 0.151 5 5
3016385 99.203 79.529 77.099 1.032 17 17
3016452 99.966 69.533 77.692 0.895 15 15
3016827 99.885 123.909 149.869 0.827 11 12
3017020 99.176 119.672 125.847 0.951 174 176
3017134 97.77 53.25 61.646 0.864 24 24
3017156 99.047 70.714 93.896 0.753 7 9
3017292 99.067 84.505 77.699 1.088 97 99
3017623 100 63.667 74.279 0.857 12 13
3018212 99.215 56.294 71.401 0.788 51 53
3018272 98.614 59.015 95.681 0.617 200 203
301839 99.276 102.761 88.507 1.161 218 218
301851 99.112 89.771 82.591 1.087 118 118
3018767 93.321 50.375 56.781 0.887 8 8
3018774 96.981 197.778 195.029 1.014 9 9
3019140 99.702 131.923 130.224 1.013 13 13
3019316 98.016 64.571 61.055 1.058 7 7
3019387 96.454 70.385 70.44 0.999 13 13
3019395 99.58 100.875 99.377 1.015 24 24
3019731 100 112.5 77.209 1.457 6 6
3019826 99.645 91.278 91.776 0.995 18 18
3021319 100 105.7 92.963 1.137 10 10
3021537 97.946 25 87.097 0.287 17 23
3021698 69.668 12.875 79.416 0.162 16 19
3021901 73.418 6.923 82.559 0.084 13 16
3021957 99.757 54.607 39.82 1.371 1266 1321
3023467 69.96 10.625 54.695 0.194 8 8
3023486 99.64 89.087 88.23 1.01 23 23
3023681 99.758 85.667 92.128 0.93 6 6
3023772 97.689 71.625 66.631 1.075 8 8
302391 97.142 19.4 139.986 0.139 5 6
3024343 99.289 119.329 111.954 1.066 3033 3076
3024492 95.998 99.615 91.882 1.084 13 13
3024597 99.772 119.812 97.988 1.223 48 49
3024753 99.605 90.115 80.136 1.125 349 356
3024811 99.618 87.857 83.086 1.057 14 15
3024977 100 99 96.282 1.028 12 13
3025717 99.793 93.952 98.072 0.958 21 21
3027377 100 125 127.955 0.977 3 5
302803 99.215 141.775 116.973 1.212 40 40
3028230 99.869 81.625 84.24 0.969 8 9
302852 99.382 126.05 121.128 1.041 20 20
3029492 98.483 80.46 94.108 0.855 100 119
303102 99.422 113.72 99.693 1.141 25 25
3031416 99.725 100.447 102.81 0.977 76 76
3031737 99.307 130.818 113.974 1.148 11 11
3031739 99.481 99.455 91.327 1.089 11 11
3032594 98.276 101.889 85.392 1.193 18 18
3032750 83.571 6 69.183 0.087 7 7
3034765 99.541 132.979 127.931 1.039 192 193
3034768 99.524 154.402 146.796 1.052 117 117
3035528 98.946 111.5 89.56 1.245 24 24
3036863 99.624 136.333 119.448 1.141 18 18
3037048 100 75 88.968 0.843 4 4
3038714 99.631 144.793 141.999 1.02 29 29
304056 98.112 123 118.292 1.04 10 10
3041861 99.785 90.911 95.087 0.956 101 106
3041961 96.591 103.857 99.813 1.041 14 14
3042174 99.529 125.7 117.981 1.065 10 10
3042563 99.938 147.6 130.879 1.128 10 10
3042835 98.615 123.455 128.68 0.959 11 11
3043222 84.97 18.333 132.621 0.138 6 6
3047380 99.807 105.857 109.562 0.966 7 7
3047621 99.79 92.75 96.991 0.956 4 4
3047858 99.564 142.038 121.213 1.172 288 287
3048912 99.303 104.273 114.36 0.912 3301 3354
304902 99.592 94.782 101.871 0.93 55 849
3049061 99.797 63.069 78.114 0.807 159 159
304909 99.91 66.875 77.252 0.866 8 8
305 59.626 246.773 76.207 3.238 22 7
3051321 99.813 125.231 118.433 1.057 26 27
3051532 100 89.667 69.235 1.295 15 15
3051967 99.68 72.122 80.57 0.895 49 50
3052168 76.19 6.556 66.733 0.098 9 9
3053626 76.458 5.875 69.591 0.084 8 10
3053752 99.882 157.2 132.543 1.186 25 25
3055936 98.055 87 70.559 1.233 11 11
3056501 100 82.4 126.091 0.653 5 5
3057309 98.91 91.3 92.697 0.985 10 10
3058344 99.383 72.5 73.193 0.991 102 102
3059791 97.539 17.76 73.493 0.242 25 27
3059850 97.658 45.574 89.415 0.51 68 69
3059852 68.944 9.474 76.895 0.123 19 19
3059853 82.451 8.143 66.715 0.122 7 7
3061560 96.249 26.167 173.696 0.151 12 12
3062306 99.565 127.545 125.538 1.016 22 22
3062320 99.688 127.698 99.789 1.28 43 43
3062386 99.493 58.667 58.921 0.996 6 6
3063211 99.4 86.042 87.403 0.984 24 27
3063826 99.885 86.818 89.007 0.975 22 22
3064537 99.585 94 106.835 0.88 8 8
3064594 100 70.737 79.677 0.888 19 21
3064700 99.299 85.175 91.597 0.93 40 40
3064714 99.81 82.733 83.735 0.988 15 15
3064717 99.606 141 155.155 0.909 14 15
3064788 99.764 99.9 100.228 0.997 10 10
3064799 99.657 83.739 102.367 0.818 23 24
3064810 98.101 69.25 77.562 0.893 16 16
3064876 98.667 165.917 162.298 1.022 12 12
3064952 99.08 88.667 90.835 0.976 9 9
3065002 98.017 110 99.158 1.109 18 17
3065003 99.544 112.3 100.601 1.116 10 10
3065023 99.611 67.976 64.002 1.062 127 131
3065039 98.877 109.904 105.818 1.039 52 52
3065059 99.943 112.609 109.409 1.029 23 23
3065065 99.464 105.889 101.024 1.048 27 27
3065069 99.951 104.429 94.849 1.101 7 7
3065083 99.755 85.5 73.83 1.158 6 6
3065197 99.75 117.615 113.221 1.039 13 13
3065207 98.896 126.318 103.34 1.222 22 23
3065273 99.714 106 105.952 1 17 18
306545 98.29 102.818 116.982 0.879 11 11
3065453 99.598 107.549 94.849 1.134 164 166
3065456 99.184 84.893 80.119 1.06 28 29
3065462 96.429 58.429 82.59 0.707 7 7
3065473 97.344 61.529 71.178 0.864 17 17
3065518 98.581 95.2 92.746 1.026 10 10
3065678 99.573 111.143 105.886 1.05 14 15
3065692 96.392 108.111 103.157 1.048 18 19
3065712 99.409 135.588 128.419 1.056 34 35
3065746 100 134 123.768 1.083 7 8
3065749 99.841 137.412 141.779 0.969 17 18
3065750 99.766 146.714 148.124 0.99 7 7
3065797 99.893 135.789 128.19 1.059 19 19
3065866 92.8 105.429 102.245 1.031 7 7
3065911 98.594 112.25 110.066 1.02 12 12
3065914 99.817 86.632 85.819 1.009 38 39
3065935 97.218 81.381 82.744 0.984 21 21
3065944 97.834 122.964 121.382 1.013 28 28
3065945 89.098 107.308 106.491 1.008 13 13
3065950 99.635 97.769 97.075 1.007 13 13
3065951 97.872 88.783 86.824 1.023 23 24
3065952 98.934 136.4 130.805 1.043 15 15
3066004 99.696 94.727 103.707 0.913 11 11
3066070 99.611 74.364 161.493 0.46 11 11
3066077 97.782 99 176.096 0.562 10 10
3066099 99.581 167.441 150.217 1.115 879 890
3066104 99.787 91.5 107.56 0.851 12 13
306686 99.557 90.273 83.063 1.087 11 11
3066939 100 62.429 59.426 1.051 7 8
3067945 94.623 84.312 78.177 1.078 16 16
3067947 96.509 85.741 86.384 0.993 27 27
3067948 98.657 147.571 140.933 1.047 21 21
3067949 98.928 106.236 100.502 1.057 275 277
3067954 98.895 108.377 108.286 1.001 199 199
3067961 99.043 123.473 103.661 1.191 93 971
3067963 98.567 172.609 155.601 1.109 23 22
3067988 97.58 91.361 85.942 1.063 36 36
3068308 99.41 92.375 76.601 1.206 72 73
3068591 99.444 97.64 94.868 1.029 25 25
3069406 99.322 82.429 82.734 0.996 35 36
3069823 99.58 85.429 76.937 1.11 7 7
3069895 50.465 21.84 216.704 0.101 81 236
3070311 99.399 98.359 80.04 1.229 2326 2364
3070827 99.594 262.429 248.817 1.055 28 28
3070833 99.964 138.857 65.564 2.118 7 6
3070842 99.006 133 98.274 1.353 25 25
3070846 99.47 208.5 217.408 0.959 8 8
3070854 100 132.417 87.425 1.515 12 12
3070856 97.761 114.615 86.543 1.324 13 13
3070858 99.876 283.2 240.115 1.179 5 6
3071010 99.524 86.667 80.646 1.075 99 100
3071537 99.802 114.714 95.555 1.201 14 14
3071554 97.712 73.444 69.753 1.053 18 18
3071557 99.725 122.833 112.506 1.092 66 69
3071566 99.871 134.12 122.116 1.098 25 25
3072880 99.479 68.6 83.166 0.825 10 10
3073139 99.056 71.367 85.548 0.834 30 30
3073527 99.859 140.92 137.255 1.027 25 25
3073547 99.096 81.417 79.089 1.029 12 12
3073623 99.817 289.457 272.771 1.061 46 43
3073668 98.841 266.9 234.03 1.14 10 10
3073679 99.584 98.874 91.761 1.078 771 792
3073687 96.401 85 84.137 1.01 15 25
3073696 98.447 83.964 75.781 1.108 28 29
3073746 99.818 108.417 90.267 1.201 12 12
3073868 99.752 146.667 139.326 1.053 33 33
3074018 98.594 72.75 74.422 0.978 8 8
3074039 98.126 96.857 150.822 0.642 7 7
3074073 99.503 98.875 96.232 1.027 16 16
3074177 98.957 126.611 110.861 1.142 18 18
3074182 99.636 168.778 158.817 1.063 18 18
3074191 99.681 133.714 159.765 0.837 7 7
3074224 99.637 150.333 136.891 1.098 15 15
3074230 99.487 107.323 94.418 1.137 31 33
3074361 98.885 110.867 108.593 1.021 60 61
3074408 98.868 109.062 115.955 0.941 178 176
3074422 99.289 140.444 154.055 0.912 36 36
3074489 99.242 83.333 78.805 1.057 12 12
3074495 99.094 105.305 109.8 0.959 210 217
3074513 99.534 89.143 93.589 0.952 14 14
3074520 98.933 8.097 128.727 0.063 31 39
3074522 93.25 10.905 132.694 0.082 21 29
3074529 99.56 60.605 119.079 0.509 43 48
3074544 95.833 4.167 123.5 0.034 6 6
3074547 92.152 28.833 108.923 0.265 12 12
3074548 77.349 6.333 103.441 0.061 9 12
3074549 78.118 7 107.945 0.065 10 13
3074551 99.038 14.308 112.127 0.128 13 15
3074594 99.284 117.819 121.407 0.97 72 76
3074939 100 68.4 57.741 1.185 5 5
3075082 99.571 68.037 84.14 0.809 27 27
3075340 97.188 4.375 95.459 0.046 16 39
3075341 95.554 15.562 97.429 0.16 16 39
3075417 83.17 13.714 18.834 0.728 7 7
3079052 99.553 97.775 70.126 1.394 40 41
3083202 89.569 4.158 68.619 0.061 19 20
3083211 75.402 9.107 78.862 0.115 28 29
3083212 67.551 6.944 74.967 0.093 18 18
3083518 99.733 119.667 127.01 0.942 3 5
3086070 99.296 116 99.823 1.162 18 17
3086515 99.924 112.1 110.638 1.013 10 10
3086728 99.709 92.423 77.571 1.191 26 27
3086738 99.358 112.933 99.498 1.135 15 17
3086739 99.346 107.796 88.761 1.214 318 325
3086750 99.083 106.133 90.926 1.167 113 114
3086752 99.358 92.667 93.766 0.988 18 17
3086767 99.412 100.86 82.947 1.216 171 174
3086788 100 85.5 75.197 1.137 2 3
3086821 98.85 71.833 66.632 1.078 6 6
3086982 98.952 32.81 93.169 0.352 147 176
3086984 97.979 30.791 93.378 0.33 139 175
3086987 98.717 82.076 90.52 0.907 79 602
3087228 99.864 86.231 86.678 0.995 13 14
3087700 99.477 65.714 92.26 0.712 7 10
3088096 98.826 159.286 153.67 1.037 21 21
3088488 97.892 73.222 76.79 0.954 9 9
3088617 99.316 122.143 114.289 1.069 7 7
3088878 99.201 79.512 98.081 0.811 285 286
3088965 99.529 89.368 104.937 0.852 19 19
3089047 99.88 96.2 98.938 0.972 10 10
3089783 100 95.571 102.486 0.933 7 7
3091658 89.754 18.8 18.071 1.04 5 5
3091770 99.354 59.818 59.076 1.013 11 11
3092901 99.563 96.143 86.002 1.118 7 7
3094282 99.803 77.167 87.28 0.884 42 42
3096549 97.4 122.619 108.061 1.135 21 22
3096588 98.051 153.429 165.231 0.929 14 14
3096622 72.193 10.333 57.777 0.179 15 19
3096623 90.444 6.2 63.819 0.097 5 6
3096624 87.44 77.41 91.3 0.848 122 138
3096628 61.502 8.85 129.534 0.068 20 20
3096655 89.583 4.5 62.921 0.072 6 6
3096669 74.82 68.667 117.671 0.584 21 22
3096761 75.859 31.091 73.068 0.426 11 12
3097075 72.276 7.667 60.746 0.126 15 24
3097304 98.148 26.333 94.495 0.279 9 53
3099330 99.82 109.5 96.155 1.139 12 12
31 8.892 83.972 101.466 0.828 33851 44
310116 98.991 111.346 129.953 0.857 26 26
3102278 99.821 151 126.496 1.194 8 8
3103875 99.866 80.5 78.748 1.022 14 14
3104144 99.423 113.267 85.29 1.328 15 16
3104454 99.4 160.174 164.337 0.975 23 23
3105734 98.069 119.444 143.204 0.834 9 10
3105948 100 110.429 94.746 1.166 7 7
3106326 99.811 266.75 242.138 1.102 16 16
3107390 98.252 91.4 86.311 1.059 60 63
31077 100 66.5 87.419 0.761 4 4
310870 99.522 86.19 79.44 1.085 21 21
3109457 97.5 53.7 71.481 0.751 10 10
3110140 99.347 111.272 114.337 0.973 3302 3355
3110517 99.23 56.4 64.742 0.871 5 5
3112877 NA NA NA NA NA NA
3112987 99.152 102.75 123.801 0.83 4 4
3113774 99.022 101.601 160.054 0.635 158 166
3113865 81.18 10 112.733 0.089 9 11
3114273 60.766 13.407 78.614 0.171 27 27
3114277 89.07 55.833 80.53 0.693 6 6
3114440 90.221 11.6 82.085 0.141 30 46
3114441 83.325 7.071 85.116 0.083 14 20
3114742 82.521 9.8 90.234 0.109 10 13
3114885 79.57 7.714 69.45 0.111 7 9
3115028 68.01 5.924 84.446 0.07 79 220
3115096 73.657 8 80.074 0.1 34 40
3115167 83.325 13.067 76.846 0.17 15 20
3115170 81.473 6.714 93.829 0.072 7 8
3115189 90.247 9.5 48.91 0.194 6 7
3115191 82.899 50.688 75.092 0.675 16 20
3115195 98.468 56.636 98.945 0.572 11 17
3115224 83.926 6.571 88.119 0.075 7 7
3115226 72.356 7.727 81.776 0.094 22 22
3115264 82.963 4 110.18 0.036 9 10
3115265 85.239 4.143 124.906 0.033 7 8
3115276 83.254 4.571 54.652 0.084 7 8
3115542 86.982 39.882 147.417 0.271 17 19
3115543 85.816 5 182.755 0.027 7 9
3115683 86.266 6.727 73.274 0.092 22 26
3115685 97.89 14.429 98.829 0.146 28 148
3115686 94.866 5.581 96.969 0.058 43 164
3115687 92.777 6.66 97.505 0.068 50 158
3116156 99.299 76.615 84.755 0.904 91 91
311618 100 151 139.716 1.081 8 8
3116413 99.85 66.87 84.413 0.792 23 25
3118646 98.333 66.333 103.081 0.644 12 12
3118786 100 93.714 98.927 0.947 7 7
311889 86.79 107.125 95.578 1.121 56 58
3119076 89.337 50.486 85.082 0.593 35 39
3119180 100 3.6 122.16 0.029 5 10
3119190 70.719 21.786 71.891 0.303 14 14
3119202 96.705 22.191 88.276 0.251 68 70
3119217 89.552 7 82.538 0.085 13 16
3119221 93.097 9 88.124 0.102 34 43
3119222 91.333 15 112.849 0.133 106 146
3119223 93.137 18.111 120.132 0.151 36 41
3119224 91.961 9.682 101.616 0.095 22 33
3119225 78.592 18.359 127.52 0.144 39 56
3119226 95.554 8.825 116.041 0.076 40 80
3119255 94.298 6.053 104.63 0.058 19 54
3119256 90.619 6.233 99.497 0.063 30 68
3119257 96.089 6.943 105.314 0.066 35 87
3119266 81.936 30 85.109 0.352 14 16
3119272 91.631 18.15 122.713 0.148 20 35
3119273 91.667 3.692 125.637 0.029 13 29
3119276 98.907 37.792 96.444 0.392 322 352
3119288 84.762 5.636 86.808 0.065 11 14
3119291 95.798 17.462 120.886 0.144 39 43
3119295 94.339 6.267 91.677 0.068 75 157
3119296 96.577 5.698 89.74 0.063 43 135
3119297 90.51 9.55 104.135 0.092 20 33
3119313 94.074 31.222 86.533 0.361 9 21
3119331 83.031 5.636 101.13 0.056 11 17
3119333 93.407 7.5 118.591 0.063 26 36
3119334 95.59 11.889 113.721 0.105 36 45
3119342 94.948 8.2 74.82 0.11 5 5
3119367 97.417 13.371 107.036 0.125 186 256
3119371 94.093 8.885 126.244 0.07 61 113
3119372 92.267 13.296 126.662 0.105 27 77
3119373 94.154 24.875 134.216 0.185 8 34
3119374 98.828 54.421 130.474 0.417 19 52
3119375 96.475 23.462 163.527 0.143 13 23
3119405 90.896 5.111 118.803 0.043 9 23
3119406 96.607 28.4 110.851 0.256 10 20
3119407 95.553 19.197 115.016 0.167 61 96
3119408 97.607 41.094 107.305 0.383 32 44
3119409 96.028 46.821 102.765 0.456 39 58
3119410 97.354 11.211 113.999 0.098 71 96
3119428 96.986 31.176 97.562 0.32 17 20
3119440 89.883 25.5 120.613 0.211 18 20
3119447 86.975 9.045 162.134 0.056 88 136
3119448 85.786 6.564 138.421 0.047 94 162
3119449 89.681 8.031 196.659 0.041 32 56
3119450 80.484 11.125 124.524 0.089 32 97
3119482 98.158 5.842 120.753 0.048 19 27
3119513 61.166 29.8 119.808 0.249 5 70
3119520 77.828 8 107.551 0.074 92 115
3119521 88.778 7.123 99.078 0.072 65 91
3119522 82.295 14.533 140.719 0.103 30 39
3119549 96.875 3.375 108.73 0.031 8 30
3119552 95.512 5.368 108.564 0.049 19 63
3119553 95.554 6.735 104.991 0.064 49 143
3119554 89.819 10.25 165.225 0.062 16 30
3119555 90.592 6.379 109.067 0.058 87 152
3122736 93.315 7.433 131.684 0.056 30 43
3122737 95.699 7.419 119.566 0.062 31 45
3122775 94.662 7.176 106.17 0.068 17 28
3122777 100 3.571 94.757 0.038 7 16
3122919 92.148 6.52 107.395 0.061 25 57
3122920 89.349 5.65 111.206 0.051 40 98
3122921 87.811 9.552 119.802 0.08 29 73
3122924 100 7.4 145.1 0.051 15 39
3122954 94.773 8.983 100.908 0.089 58 107
3123284 97.611 8 134.535 0.059 14 17
3123285 94.205 6.376 88.823 0.072 149 278
3123286 95.469 6.167 98.965 0.062 18 30
3123287 90.997 4.783 84.743 0.056 46 173
3123288 93.806 5.083 82.19 0.062 48 195
3123289 89.421 4.13 78.092 0.053 23 156
3123290 96.97 3.636 86.111 0.042 11 97
3123312 94.774 9.158 104 0.088 38 100
3123313 97.184 9.545 109.509 0.087 44 100
3123314 90.166 4.414 93.455 0.047 29 73
3123315 87.295 8.541 90.54 0.094 61 177
3123354 92.548 6.398 99.202 0.064 83 134
3123355 91.45 6.216 97.418 0.064 74 117
3123357 94.901 9.5 97.259 0.098 28 67
3123385 90.603 4.909 109.257 0.045 22 48
3123386 91.94 4.475 96.173 0.047 40 163
3123387 92.921 4.78 94.387 0.051 91 211
3123388 94.692 4.726 95.426 0.05 73 120
3123389 94.67 7.372 90.094 0.082 86 133
3123426 93.17 6.571 94.723 0.069 119 222
3123427 93.203 5.5 92.001 0.06 84 178
3123428 94.73 6.15 104.707 0.059 20 37
3123429 91.062 4.128 91.266 0.045 39 115
3123430 91.56 4.619 115.49 0.04 21 76
3123431 94.642 3.667 154.469 0.024 12 25
3123460 97.222 4.556 89.216 0.051 9 62
3123462 96.642 6.103 98.902 0.062 39 159
3123463 94.196 5.659 94.37 0.06 123 394
3123464 90.176 5.871 90.771 0.065 70 179
3123465 91.492 6.023 92.991 0.065 257 538
3123466 91.313 6.942 92.564 0.075 394 664
3123503 92.438 10.79 98.5 0.11 224 548
3123504 83.258 6.303 99.475 0.063 178 489
3123505 83.959 7 97.97 0.071 120 430
3123506 83.198 5.462 99.65 0.055 91 397
3123507 90.032 5.27 107.4 0.049 37 153
3123508 90.284 4.467 99.12 0.045 45 411
3123510 95.273 3.963 99.181 0.04 27 381
3123534 95.293 6.946 101.774 0.068 37 185
3123535 95.463 4.444 105.188 0.042 18 69
3123536 85.095 4.79 105.916 0.045 100 459
3123537 91.019 6.101 112.691 0.054 69 129
3123538 79.34 6.756 101.219 0.067 266 640
3123539 86.665 8.743 96.69 0.09 304 633
3123540 86.413 10.109 100.15 0.101 385 715
3124862 95.833 4.667 66.321 0.07 6 8
3124935 83.355 7.043 112.997 0.062 23 29
3125085 89.639 39.667 128.109 0.31 9 9
3125086 78.445 5.417 91.559 0.059 12 15
3125087 77.79 7.5 116.757 0.064 18 23
3125229 66.025 17.737 106.721 0.166 19 21
3126530 98.077 3.923 74.938 0.052 13 40
3126531 97.5 26 79.008 0.329 10 22
3126597 99.555 173 140.846 1.228 14 15
312664 98.878 137.011 126.299 1.085 87 87
3126825 92.845 33.667 85.949 0.392 39 62
3126827 85.124 8.667 88.391 0.098 42 53
312689 99.498 120.6 119.261 1.011 40 40
3128273 100 141 121.432 1.161 6 7
3128442 99.495 78.346 77.172 1.015 736 757
3129345 83.333 43.333 52.44 0.826 3 3
312936 99.912 104.462 94.984 1.1 13 13
3129761 99.094 84.545 90.238 0.937 22 22
31305 97.222 53.625 82.498 0.65 8 9
3130926 98.452 12.455 64.875 0.192 11 11
3131543 99.856 47.602 77.072 0.618 103 106
3132583 99.549 147.447 147.996 0.996 38 38
3132587 99.362 112.358 102.911 1.092 173 175
3132588 99.145 88.254 82.294 1.072 134 137
3132589 99.912 73.522 66.015 1.114 23 23
3132590 98.479 79.556 89.626 0.888 27 28
3132593 99.568 136.199 121.679 1.119 376 379
3134041 99.576 109.167 106.455 1.025 18 18
3134911 99.596 91 85.512 1.064 10 10
3135503 99.572 103.057 87.943 1.172 35 35
3135518 99.653 112.309 73.179 1.535 55 55
3135525 99.413 85.386 65.209 1.309 44 43
3135544 99.705 122.8 103.538 1.186 25 25
3135556 99.683 89.143 63.795 1.397 7 7
3135581 99.902 86 73.537 1.169 10 10
3135597 93.994 65.455 82.721 0.791 11 12
3135599 99.542 68.559 59.284 1.156 59 60
3135608 99.512 216 168.242 1.284 5 12
3135622 99.896 112.546 91.351 1.232 108 111
3136 96.934 77.125 73.038 1.056 8 8
3136479 79.198 6.111 70.767 0.086 9 9
3136481 78.82 7.25 55.3 0.131 8 8
3136484 65.202 21.958 93.833 0.234 24 27
3137260 99.755 106.545 91.155 1.169 11 11
3137663 96.804 49.5 66.591 0.743 8 8
31377 99.703 98.737 84.833 1.164 19 19
3137959 98.482 73.278 79.303 0.924 18 18
314038 94.978 82.143 74.762 1.099 14 14
3140437 98.408 113.267 135.394 0.837 15 15
3141347 99.753 100.588 96.601 1.041 17 17
3141440 99.649 95.143 97.426 0.977 7 7
3141620 99.819 98.471 91.754 1.073 17 17
314180 99.433 87.99 89.056 0.988 207 207
314204 99.464 98.542 97.826 1.007 24 24
3142106 98.925 112.3 92.914 1.209 10 10
3145231 99.395 96.16 87.958 1.093 50 51
3145240 99.385 101.467 92.12 1.101 30 30
3146019 71.428 4.667 92.562 0.05 6 8
3146172 87.161 69.574 79.255 0.878 47 48
314884 99.508 154.167 128.577 1.199 6 6
314959 98.46 95.5 87.289 1.094 14 14
3149709 98.766 81.75 77.339 1.057 12 12
315051 99.654 109.444 109.511 0.999 18 18
3151772 94.832 118.167 120.605 0.98 12 12
3153226 97.302 136.667 117.358 1.165 6 6
3154627 99.813 140.607 120.469 1.167 61 61
3154762 99.494 68.533 74.855 0.916 15 15
3154820 99.611 137.333 118.219 1.162 18 19
315502 99.547 80.752 82.351 0.981 880 879
3156235 99.656 76.19 69.709 1.093 21 21
3156715 99.151 86.077 86.523 0.995 466 476
3157 99.739 82.333 71.825 1.146 9 9
3157660 99.634 102.773 89.308 1.151 22 22
3159487 98.875 67.943 77.532 0.876 35 36
31595 70.991 13.758 88.721 0.155 33 101
3159509 97.963 115.889 143.659 0.807 9 8
3160150 99.258 114.3 84.165 1.358 30 30
3160177 99.833 73.905 70.286 1.051 21 21
3160323 99.334 149 115.845 1.286 5 6
316262 99.679 114.524 79.881 1.434 63 63
3164403 99.498 105.333 86.996 1.211 33 33
3164790 98.814 88.667 69.831 1.27 9 9
3165636 99.356 123.718 114.37 1.082 3303 3353
3165803 98.887 64.577 57.148 1.13 26 26
3166017 99.145 133.6 123.433 1.082 55 55
3166063 99.772 76 72.197 1.053 11 11
3166297 98.73 75.778 78.773 0.962 27 27
3166440 99.833 122.6 90.856 1.349 10 10
3167589 99.795 86.542 78.727 1.099 24 24
3170933 99.656 80.875 79.873 1.013 24 25
3171646 100 124.667 129.445 0.963 3 3
3172408 99.515 102.816 89.401 1.15 38 38
3172503 96.629 78.286 78.77 0.994 7 7
3172747 100 127 123.99 1.024 10 10
3173103 100 57.167 73.232 0.781 12 12
3173107 99.187 84.209 97.507 0.864 177 2407
3173124 80.786 38.727 44.281 0.875 121 121
3173126 81.35 36.635 41.485 0.883 126 127
3173127 82.019 37.188 44.967 0.827 112 112
3173129 81.999 38.114 43.023 0.886 123 124
3173146 95.433 66.789 110.243 0.606 19 19
3173150 98.279 74.733 103.729 0.72 15 15
3173427 99.776 115.875 101.863 1.138 16 16
3174409 95.983 35.19 47.258 0.745 21 21
3174748 99.56 98.838 91.261 1.083 703 708
3175295 99.797 110.407 101.784 1.085 27 27
317531 99.884 84.9 102.641 0.827 10 10
3175460 99.81 108.895 103.357 1.054 19 19
3176759 99.443 79 73.012 1.082 39 40
31770 99.426 83.556 89.852 0.93 9 9
3177266 99.631 88.375 104.391 0.847 8 8
3177276 99.705 96.571 87.337 1.106 35 35
3177520 98.825 103 79.301 1.299 72 75
3177521 99.394 137.021 104.897 1.306 47 47
3178437 99.48 43.857 50.535 0.868 7 7
3178883 99.654 116.182 126.529 0.918 11 11
3178971 66.024 36.938 169.619 0.218 32 34
317927 99.875 157.5 171.277 0.92 6 6
3179347 99.727 102.96 96.436 1.068 50 50
318142 99.166 61.8 68.424 0.903 10 10
3183097 92.274 115.05 74.011 1.554 20 20
3183116 96.585 106.697 93.297 1.144 33 42
3183136 98.037 152.4 130.211 1.17 10 10
3183271 72.39 51.547 164.476 0.313 128 135
3183272 63.524 44.053 179.322 0.246 19 20
3183493 97.696 103.654 91.935 1.127 26 26
3183561 85.981 52.836 44.214 1.195 55 57
3183567 77.172 81.211 61.607 1.318 19 20
3184273 99.473 90.083 85.27 1.056 12 12
3184525 99.47 102.179 82.191 1.243 39 40
3184647 98.837 96 81.623 1.176 6 6
318507 99.456 79.569 90.163 0.883 58 58
318508 77.033 11.294 64.947 0.174 17 17
31862 99.489 104.824 110.208 0.951 17 17
3186685 99.816 72.525 70.163 1.034 122 124
3186830 69.161 31.936 91.2 0.35 78 78
3186833 99.266 58.571 120.775 0.485 28 29
3186835 73.112 13.182 72.882 0.181 11 11
3187572 99.657 96.789 95.675 1.012 19 19
3188203 99.408 85.406 73.365 1.164 32 33
31894 99.543 149.319 148.727 1.004 905 907
3189851 99.517 105 93.928 1.118 3 3
3189923 99.755 109.75 90.53 1.212 4 4
3189925 97.958 146.75 137.031 1.071 4 4
3189926 99.412 83.721 78.457 1.067 136 136
3189944 99.886 204.4 171 1.195 5 5
3189958 100 120.5 125.025 0.964 6 6
3189973 99.694 167.5 142.761 1.173 8 8
3189979 99.83 95.789 90.624 1.057 19 19
3189989 99.11 111.49 109.396 1.019 51 51
3190152 95.97 86.286 103.581 0.833 7 7
3190671 98.171 104.364 112.193 0.93 11 11
3191115 100 78.444 75.225 1.043 9 9
3191997 99.784 114.3 109.508 1.044 20 22
3192067 99.348 74 62.915 1.176 16 17
3193115 98.475 67.545 90.838 0.744 11 12
3193228 93.219 144.158 149.688 0.963 19 23
3193285 72.361 11 107.82 0.102 8 8
3193322 81.613 33.923 80.331 0.422 13 17
3193365 100 67.429 59.85 1.127 7 7
319345 99.912 87.364 75.735 1.154 33 33
3194131 99.333 107.417 98.997 1.085 48 48
3196434 99.424 85.12 79.365 1.073 1154 1176
31970 98.833 79.552 84.451 0.942 29 28
3197190 99.644 106.48 95.212 1.118 25 25
3199103 99.96 69.385 68.681 1.01 13 14
3199122 94.998 143.7 137.642 1.044 10 10
3199647 100 181.2 211.067 0.858 5 5
3199756 99.05 64.4 64.483 0.999 5 5
3200155 99.649 69 96.919 0.712 13 13
3200413 100 50.833 79.579 0.639 6 8
3200499 96.44 77.375 116.158 0.666 8 8
3200705 99.968 89.154 104.821 0.851 13 13
320105 98.696 158.4 171.484 0.924 5 5
3202041 99.313 75.584 89.335 0.846 274 276
3202515 99.65 133.5 117.224 1.139 4 4
3204411 98.17 60.167 57.647 1.044 6 6
3204833 86.276 6.182 108.849 0.057 11 17
3208597 98.926 115.9 113.856 1.018 10 10
3209156 99.568 114.113 109.01 1.047 2606 2645
3211765 99.296 205.6 193.142 1.065 10 10
3212308 99.46 125.375 114.088 1.099 8 9
3213206 100 105.889 94.602 1.119 27 27
3213615 99.659 132.738 122.013 1.088 164 170
3213747 70.863 5.75 75.821 0.076 16 23
3214586 99.709 105.545 101.231 1.043 22 22
3214869 99.247 105.986 114.37 0.927 3290 3353
3215270 99.454 88.857 99.542 0.893 7 7
3215609 82.204 25 26.294 0.951 7 7
3215613 70.183 13.824 40.178 0.344 17 24
3215644 99.964 91.412 118.096 0.774 17 17
3215803 99.923 58.062 63.223 0.918 16 17
3217069 99.541 124.35 129.209 0.962 20 20
3217587 99.799 74.15 72.528 1.022 20 20
3217905 97.64 97.378 91.619 1.063 196 213
3219857 99.52 123.2 128.719 0.957 10 10
3221221 99.671 118.6 113.701 1.043 10 10
3221831 99.742 90.897 99.248 0.916 29 29
3222296 99.388 117.5 102.834 1.143 30 31
3222364 99.875 71 81.052 0.876 18 18
3222951 98.899 59.762 74.634 0.801 21 21
3223646 99.569 108.531 103.909 1.044 175 175
3223832 98.999 83.429 95.777 0.871 7 7
3223877 99.696 129.821 124.378 1.044 117 117
3223901 98.998 96.462 88.826 1.086 13 13
3226683 99.022 78.188 82.675 0.946 16 16
322680 85.299 66.6 90.611 0.735 40 57
322684 82.407 5 79.183 0.063 9 11
32284 99.222 125 108.265 1.155 13 13
322883 99.622 180.525 218.277 0.827 40 48
3229282 99.676 92.12 80.991 1.137 25 26
3230183 99.528 137.514 139.474 0.986 74 75
323030 99.736 97.207 85.157 1.141 87 87
323034 99.812 87.286 76.79 1.137 28 28
3230365 99.945 97 81.538 1.19 18 20
3230638 99.907 99.474 86.613 1.148 19 17
3230657 99.605 102.767 93.552 1.099 30 31
3231368 98.669 191.286 168.721 1.134 14 14
3231369 98.839 190.714 168.721 1.13 14 14
3231567 78.202 17.125 10.138 1.689 16 16
323292 99.778 105.5 82.294 1.282 6 6
323303 99.859 96.154 100.94 0.953 13 13
323309 99.505 82.875 72.469 1.144 32 32
3233711 99.59 147.536 151.033 0.977 28 28
3233848 99.465 109.75 118.431 0.927 12 12
3234429 99.869 133 117.88 1.128 7 7
32350 96.969 7.139 116.152 0.061 36 70
32351 81.214 18.162 113.869 0.16 37 78
3235399 82.844 11 66.328 0.166 11 11
32356 94.836 47.32 112.263 0.422 25 56
3236015 99.829 130.143 105.509 1.233 7 7
3236157 98.369 93.375 102.632 0.91 24 24
3237253 100 73.714 86.825 0.849 7 7
3237724 99.462 91.073 96.5 0.944 110 118
32379 98.333 6.48 115.026 0.056 25 66
32380 97.348 47.114 122.19 0.386 44 88
3238090 91.813 54.667 75.107 0.728 3 3
32381 88.421 6.606 120.938 0.055 33 74
3238251 99.559 98.684 85.039 1.16 19 19
32385 90.065 7.538 114.61 0.066 65 100
3238515 100 51 52.081 0.979 6 6
3238666 99.664 102.909 98.957 1.04 11 11
3238733 100 86.778 87.056 0.997 9 9
3239795 75.387 5.162 99.825 0.052 37 154
3239797 79.048 6.124 88.929 0.069 105 283
3239798 95.883 7.352 88.973 0.083 841 1379
3239801 97.36 8.805 89.26 0.099 1066 1388
3240395 98.513 89.667 91.952 0.975 18 18
3241999 99.574 98.05 79.545 1.233 1557 1586
3242604 100 112.222 98.638 1.138 9 9
3243165 99.282 77 84.308 0.913 35 35
3243355 99.516 105.857 101.086 1.047 7 7
3243630 100 82.167 62.867 1.307 6 6
3243921 99.713 97.806 75.199 1.301 67 70
3245205 98.486 114.088 94.984 1.201 296 303
324719 99.488 103.854 95.598 1.086 192 192
3247471 95.307 51.909 93.296 0.556 11 14
3247496 98.056 137.071 148.518 0.923 14 15
3247499 99.35 53.125 66.381 0.8 8 9
3247517 99.089 56.562 75.877 0.745 80 94
3247523 96.717 4.727 75.463 0.063 11 24
3247802 99.808 21.35 77.045 0.277 20 27
3248746 99.495 150.947 145.836 1.035 19 20
3249856 97.999 74.5 70.354 1.059 8 8
3251483 99.667 73.074 76.677 0.953 27 27
3252578 98.602 64.312 74.661 0.861 160 163
3252718 93.458 5 98.746 0.051 19 63
3252720 95.239 4.357 111.677 0.039 14 40
3252723 97.96 115.151 129.266 0.891 53 66
3252724 95.303 29 102.662 0.282 11 23
3252725 95.536 5.714 103.067 0.055 7 24
3252726 94.791 6.125 70.898 0.086 8 14
3253587 99.205 38.765 73.404 0.528 17 17
3254880 NA NA NA NA NA NA
325503 98.313 106.143 106.339 0.998 7 7
3257108 83.797 5.167 80.833 0.064 6 6
3257127 99.663 76.302 88.402 0.863 43 43
3257832 99.239 97.714 99.182 0.985 7 7
3257904 99.807 124.714 130.338 0.957 7 7
3263556 78.216 25.444 104.222 0.244 9 9
3265842 99.242 75.3 77.491 0.972 90 89
3265989 99.39 67.409 81.181 0.83 996 1011
3267719 99.854 104.062 99.222 1.049 48 49
326831 62.272 10.127 163.796 0.062 55 97
326833 55.904 9.568 176.219 0.054 44 113
3268515 77.804 31.419 186.668 0.168 31 31
3271280 99.394 68.258 67.22 1.015 573 584
3271684 98.672 88.435 77.193 1.146 23 23
3272560 78.643 11.432 89.327 0.128 95 96
3272567 78.737 8.167 84.098 0.097 12 12
3272572 77.574 4.438 76.118 0.058 16 17
3272574 83.321 9.736 104.292 0.093 144 297
3273031 97.852 79 69.804 1.132 10 11
327322 65.742 5.49 101.287 0.054 51 214
327324 90.198 3.75 102.443 0.037 12 26
3274272 98.989 78.88 68.508 1.151 25 25
3275002 99.113 111 93.259 1.19 23 24
3275447 99.1 90.923 86.662 1.049 26 28
3276484 98.372 80.5 85.45 0.942 6 6
327649 95.444 17.2 104.497 0.165 5 19
327650 88.75 3.875 105.501 0.037 8 18
327652 73.745 11.4 102.197 0.112 50 159
3276619 99.758 75.316 73.747 1.021 19 19
3276683 99.954 102.857 107.448 0.957 7 7
3279385 98.68 125.567 110.662 1.135 30 30
3279650 100 87.143 79.606 1.095 7 7
327969 99.764 147 127.878 1.15 9 9
3279690 82.778 4.25 85.933 0.049 12 12
3281241 81.775 19.819 94.823 0.209 83 200
3281243 98.631 87.63 118.248 0.741 27 27
3282875 99.714 95.25 85.704 1.111 16 17
3282961 99.832 77.5 71.755 1.08 8 8
3283795 98.712 94.154 84.131 1.119 26 25
3284640 99.244 117.559 114.37 1.028 3303 3353
3286917 99.833 126.444 126.715 0.998 18 21
3287755 100 89.357 96.283 0.928 14 14
3288360 99.898 36 81.327 0.443 8 10
3288364 99.91 55.188 75.408 0.732 16 16
3288365 99.886 76.8 82.761 0.928 25 25
3288368 88.523 23.8 69.821 0.341 10 31
3288374 99.474 8.684 119.649 0.073 19 36
3288426 94.942 26.4 62.342 0.423 10 10
3288427 95.38 29.545 66.22 0.446 11 11
3288428 96.347 29.364 66.22 0.443 11 11
3288429 97.637 42.947 66.144 0.649 19 19
3288430 98.166 33.167 65.201 0.509 12 12
3290585 82.902 25.385 98.453 0.258 13 19
3290587 92.033 7.615 100.099 0.076 26 30
3290606 92.687 26.8 129.688 0.207 25 35
329109 99.441 101.444 98.079 1.034 18 18
3292162 99.766 142.025 140.504 1.011 40 40
3292270 99.515 140.455 137.24 1.023 11 11
3292299 99.531 150 144.507 1.038 9 9
3292901 99.238 140.875 119.598 1.178 8 8
3293993 85.341 27.941 24.599 1.136 17 17
3294722 99.898 95.25 101.136 0.942 8 9
329607 94.486 105.733 89.862 1.177 15 15
3296143 99.07 70.2 74.643 0.94 5 5
3296202 69.913 7.647 93.614 0.082 34 37
3296203 89.361 31.467 78.976 0.398 15 15
3296437 99.692 40.333 87.535 0.461 12 12
3296721 70.892 58.545 69.731 0.84 11 23
3296724 99.67 170.223 187.22 0.909 94 92
3296763 99.845 97.125 101.948 0.953 8 8
3296919 99.856 146 169.756 0.86 5 5
3297110 98.866 83.848 101.54 0.826 33 32
3297287 99.232 85 88.172 0.964 16 16
3297340 99.358 105 89.901 1.168 60 620
3297452 99.878 94.8 110.768 0.856 5 5
3298607 98.152 66.5 70.967 0.937 6 6
3299217 99.859 139.909 100.209 1.396 11 11
329944 99.66 104.095 85.037 1.224 21 21
3299485 98.611 136.467 105.436 1.294 15 17
3299503 98.943 124.067 93.023 1.334 15 15
3299892 99.52 82.071 80.564 1.019 241 244
3300196 99.603 113.205 114.232 0.991 1200 1210
3300778 72.667 4 69.574 0.057 10 29
330167 100 137.75 146.413 0.941 8 8
3301824 99.823 125.875 97.324 1.293 8 8
3301825 99.75 101.462 67.546 1.502 26 25
3302171 99.779 114.2 87.867 1.3 15 16
3302821 98.886 107.143 87.361 1.226 7 6
3302927 79.148 8.727 103.75 0.084 11 12
3302964 61.159 12.25 87.043 0.141 12 12
3302966 67.56 18.952 86.654 0.219 21 21
3302980 99.195 109.783 90.619 1.211 1715 1761
3303042 99.862 95.5 94.017 1.016 6 6
3303056 100 69.714 78.385 0.889 7 7
3303515 99.415 148.375 137.66 1.078 8 8
330358 84.881 6.286 100.843 0.062 7 7
330359 82.344 16.536 99.652 0.166 28 34
330362 99.639 71.923 75.28 0.955 168 168
330363 99.407 96.387 93.12 1.035 186 186
330634 99.829 144.235 132.236 1.091 17 16
3307848 99.862 144 148.85 0.967 4 5
3309115 99.636 99 86.184 1.149 9 9
3309187 99.757 170.3 131.551 1.295 10 10
3310174 88.185 121.579 99.495 1.222 57 59
3310199 97.853 93 87.006 1.069 9 9
3310427 99.276 124.993 125.35 0.997 4328 4411
3310441 64.237 9.814 67.564 0.145 118 167
3310452 73.005 8.273 76.793 0.108 11 11
3311457 99.164 87.824 85.834 1.023 544 551
3311761 99.679 109.308 103.474 1.056 13 13
3312701 99.688 118.103 87.908 1.343 78 79
3313015 99.679 131.167 96.543 1.359 18 18
3313073 99.182 111.769 100.719 1.11 13 13
3314241 98.884 87.053 86.21 1.01 38 37
3314243 100 112.333 92.239 1.218 3 23
3314874 99.596 105.475 96.466 1.093 61 63
3315098 99.87 77.429 68.956 1.123 7 7
3315181 99.254 168.929 170.554 0.99 14 14
3315209 98.999 120.933 106.836 1.132 15 14
3315210 99.143 99.6 108.124 0.921 15 16
331587 75.718 12.581 101.971 0.123 31 31
331602 100 64.111 113.636 0.564 9 9
331609 79.696 6.125 91.888 0.067 48 51
331610 82.534 9.487 100.689 0.094 76 209
331611 82.825 14.434 112.217 0.129 106 229
331613 82.633 24.657 119.067 0.207 105 295
3317979 68.899 14 14.469 0.968 11 11
33180 97.97 129.233 120.954 1.068 30 30
3318069 99.686 80.174 78.59 1.02 23 24
3320581 99.839 58.021 74.938 0.774 48 49
332156 100 120.8 88.721 1.362 5 5
3322042 99.438 96.833 101.817 0.951 12 12
3322240 99.315 54.833 49.958 1.098 6 6
3322906 98.943 124.889 114.451 1.091 9 9
3323118 99.777 108.905 94.989 1.147 21 21
3324642 99.876 73.444 76.289 0.963 9 9
3325326 99.348 65.833 77.32 0.851 6 6
3325415 98.866 68.277 97.894 0.697 47 47
3325417 98.629 68.848 100.491 0.685 46 46
3325427 69.581 22.355 12.022 1.859 31 31
3325428 63.66 26.025 12.939 2.011 40 48
3325438 99.58 51.643 56.985 0.906 14 15
3325673 99.275 76.541 72.603 1.054 61 62
3325950 98.53 83.41 79.684 1.047 61 63
3326722 99.639 96.312 77.77 1.238 16 16
3328013 99.673 83.474 84.129 0.992 19 20
3328999 80.214 50.981 17.783 2.867 107 111
3329000 78.571 47.341 17.751 2.667 85 89
3329001 78.911 69.324 20.719 3.346 37 41
3329002 76.759 49.433 17.392 2.842 30 32
3329486 99.11 73.725 69.371 1.063 40 41
3330403 98.953 91.653 95.561 0.959 49 51
3330881 100 99.8 100.979 0.988 5 5
3331259 99.77 68.824 85.783 0.802 17 17
333223 98.789 58.444 92.333 0.633 99 104
3332276 99.407 93.467 94.877 0.985 334 342
333232 97.568 31.269 90.262 0.346 52 64
333236 98.841 15.071 71.189 0.212 28 43
333254 99.658 52.517 77.863 0.674 60 67
333259 97.409 33.8 90.559 0.373 10 10
333265 98.611 29.889 56.39 0.53 9 9
333274 99.865 83.647 115.175 0.726 17 17
333277 97.151 85.316 82.766 1.031 19 38
333290 99.292 55.455 90.986 0.609 220 234
333291 99.355 58.612 90.833 0.645 227 245
33330 98.39 46.375 46.073 1.007 8 8
333406 98.49 17.809 97.777 0.182 766 860
333423 97.489 7.783 98.48 0.079 608 842
333426 96.794 6.811 98.839 0.069 471 840
333428 96.834 6.885 98.827 0.07 489 829
333431 97.507 7.143 98.802 0.072 511 832
3336133 99.915 110 91.095 1.208 11 11
3336376 97.892 84.125 92.895 0.906 16 16
3336388 98.938 114.222 113.381 1.007 9 9
3336493 99.343 43.505 89.232 0.488 182 195
3336496 99.376 47.963 92.584 0.518 190 204
3336497 99.175 44.331 92.151 0.481 178 195
3336499 99 45.517 92.151 0.494 178 195
3337903 98.905 12.568 87.619 0.143 44 58
3338850 99.302 107.5 86.718 1.24 20 20
3339618 95.498 132 165.605 0.797 6 6
3339734 81.371 27.643 94.877 0.291 84 182
3339736 81.931 17.24 102.41 0.168 75 211
3339737 74.47 14.459 115.051 0.126 37 37
3339738 81.56 9.556 124.372 0.077 9 9
3339746 77.99 5.059 92.738 0.055 17 21
3339916 99.186 91.231 104.95 0.869 13 13
3341215 100 95.867 91.919 1.043 15 15
3343449 95.752 58.222 159.764 0.364 9 9
33436 99.618 102.478 93.208 1.099 2653 2650
3344464 99.759 93.384 89.968 1.038 86 86
3345005 98.262 92.2 92.278 0.999 10 10
33457 99.936 85 84.722 1.003 10 11
3346443 96.922 86.357 83.18 1.038 14 14
3347790 99.585 135.75 115.762 1.173 8 8
3348116 99.553 107.727 102.677 1.049 22 22
3349696 99.582 100.5 89.955 1.117 22 22
3351406 98.986 66.366 81.259 0.817 142 145
3352264 98.569 66.625 63.265 1.053 16 16
3352586 98.915 65.7 83.707 0.785 10 10
3352589 99.55 57.5 65.93 0.872 6 6
3353082 99.719 151.588 162.212 0.935 17 17
33551 99.976 94.167 98.533 0.956 12 13
3355869 92.684 80 64.235 1.245 5 5
3357335 98.465 88.833 87.023 1.021 12 12
3360584 99.636 121.75 96.859 1.257 48 48
3362780 99.572 78.464 80.071 0.98 28 28
3363175 98.995 85.294 76.209 1.119 109 112
3363222 99.286 85.637 79.441 1.078 2342 2378
3363226 98.485 91.808 78.367 1.172 26 25
3363255 99.688 133 126.274 1.053 26 26
3363733 98.649 116.281 138.717 0.838 32 32
336480 99.342 46.182 107.831 0.428 33 33
336504 98.846 31.25 94.844 0.329 44 62
3365131 99.126 75.5 76.251 0.99 16 16
336535 97.234 13.839 107.133 0.129 31 32
336537 97.479 14.286 106.888 0.134 28 30
336540 100 17.316 97.49 0.178 19 20
336546 100 19.286 92.213 0.209 21 22
3365908 99.42 69 57.364 1.203 6 6
3366639 64.788 10.1 85 0.119 10 12
3366668 99.553 125.304 102.563 1.222 56 56
3366724 98.629 88.357 75.272 1.174 14 15
3368272 99.718 60.87 63.498 0.959 23 24
3368845 96.046 57.812 79.756 0.725 16 17
3369932 82.701 77.556 101.229 0.766 18 18
3369979 80.161 31.618 98.652 0.32 34 34
3369982 77.54 9.714 87.814 0.111 7 7
3370844 100 100.429 98.96 1.015 7 7
3370901 99.846 62.286 88.979 0.7 21 21
3371760 76.53 5.571 50.586 0.11 7 7
3372540 99.7 46.364 54.842 0.845 11 11
3372542 97.422 56.764 71.9 0.789 127 127
3372983 95.833 50.5 113.77 0.444 6 6
3374228 99.808 112.318 97.326 1.154 85 85
3375161 99.361 101.65 101.808 0.998 391 398
3376033 99.907 70.143 60.398 1.161 7 7
3376381 99.776 50 56.328 0.888 5 5
3376442 79.428 10.592 81.605 0.13 71 211
3376543 78.883 8.429 82.8 0.102 7 7
3376695 98.824 80.262 98.145 0.818 65 65
3376699 78.238 48.083 99.992 0.481 12 13
3376704 82.72 7.462 93.346 0.08 106 160
3376705 77.762 6.7 94.844 0.071 90 155
3376706 74.692 6.31 94.076 0.067 58 146
3376919 83.517 6.862 75.3 0.091 29 40
3378469 88.726 5.647 87.818 0.064 17 68
3378470 97.917 5.583 87.558 0.064 12 66
3378472 100 4.625 128.326 0.036 8 14
3381068 99.912 77 71.377 1.079 11 11
3381071 98.469 118.15 92.492 1.277 20 22
3381078 98.983 130.833 116.707 1.121 12 12
3381080 97.657 129.312 128.571 1.006 16 17
3381083 99.754 102.091 79.261 1.288 44 45
3381096 99.6 99.064 86.085 1.151 94 95
3381100 99.399 128.503 108.89 1.18 179 177
3381101 98.43 86.435 82.477 1.048 23 23
3381104 99.098 87.5 78.128 1.12 16 17
3381130 99.912 116.655 95.89 1.217 29 29
3381156 99.001 141.583 154.159 0.918 36 36
3384563 99.882 115.8 100.41 1.153 10 10
3384565 99.395 97.541 84.339 1.157 74 75
3384572 99.485 75.406 66.312 1.137 32 32
3385187 99.815 97.933 148.245 0.661 15 18
3386332 99.388 74.368 63.872 1.164 19 21
3386449 99.708 113.2 118.348 0.956 15 15
3386782 99.327 102.455 82.795 1.237 308 318
3386895 99.518 99.087 81.188 1.22 23 25
3387764 99.697 111.286 92.509 1.203 7 7
3389412 99.285 72.75 66.835 1.088 4 6
3389559 98.548 95.048 99.596 0.954 21 21
3390722 99.637 89.387 90.818 0.984 793 806
3392460 99.005 118.5 109.023 1.087 6 6
3392591 80.131 20.188 14.833 1.361 16 17
339318 99.53 98.729 102.814 0.96 96 96
339329 99.706 86.143 87.054 0.99 7 7
339336 99.428 97.7 101.169 0.966 10 10
339337 98.613 106.491 105.867 1.006 112 112
3393371 98.682 88.59 82.215 1.078 100 100
339338 99.751 54 69.097 0.782 19 19
33936 99.956 105.529 82.439 1.28 17 17
339362 98.751 111.375 100.663 1.106 8 8
3393800 99.914 152.4 147.972 1.03 5 5
3394842 99.238 72.618 148.049 0.49 34 34
3394844 98.833 74.176 141.69 0.524 34 34
3394845 99.618 73.75 130.116 0.567 36 37
3396440 98.528 103.424 95.688 1.081 33 33
3396567 97.14 84.25 70.369 1.197 8 8
3397951 99.958 122.6 139.462 0.879 20 20
3398424 100 85.143 77.582 1.097 7 7
3399229 100 177.8 157.721 1.127 10 10
3400082 99.935 82.133 98.549 0.833 15 15
3401028 99.711 90.8 112.203 0.809 10 10
3401871 NA NA NA NA NA NA
3401939 99.105 150.42 152.099 0.989 1550 1543
3404124 99.314 91.357 106.737 0.856 14 14
3405281 100 136.2 142.674 0.955 5 5
3405740 99.411 76.125 81.299 0.936 8 8
3405855 100 113 115.205 0.981 9 9
3406134 99.674 101.116 91.176 1.109 43 43
3406308 99.531 83.727 82.332 1.017 11 11
3406493 77.489 56.857 17.176 3.31 21 22
3406494 78.81 58.222 18.233 3.193 18 19
3406495 76.536 66.538 19.509 3.411 13 14
3406496 71.926 45.865 19.483 2.354 37 38
3407244 99.202 92.667 90.009 1.03 6 6
3407620 98.759 211.231 206.43 1.023 13 13
3407859 59.215 8.364 92.361 0.091 11 12
3407860 61.165 12.86 93.934 0.137 43 62
3408207 96.438 115.111 113.754 1.012 27 27
3409617 99.886 107.143 116.279 0.921 28 28
3410142 99.777 137.4 110.311 1.246 10 10
3410371 99.548 168.154 165.596 1.015 13 13
3410952 99.554 93.6 79.82 1.173 5 5
3411154 99.465 104.943 99.331 1.056 1239 1260
3411161 99.816 105.163 92.477 1.137 49 49
3412611 99.563 121.873 109.003 1.118 2602 2644
3413900 98.894 138.8 115.599 1.201 20 20
3413903 99.68 169.25 136.436 1.241 20 20
3414230 99.387 112.598 81.293 1.385 1000 1014
3415612 99.505 110.527 105.574 1.047 55 56
341670 99.44 87.15 82.841 1.052 20 20
3417018 99.832 71.45 70.77 1.01 20 20
3417040 97.778 94.2 86.473 1.089 5 5
3417710 99.811 64.909 66.648 0.974 11 11
3417737 98.16 118.75 115.572 1.027 8 8
3418330 100 109 107.229 1.017 7 7
3418386 99.417 116.013 105.354 1.101 2051 2101
3418698 99.674 67.2 78.919 0.852 10 10
3420436 99.641 127.863 131.1 0.975 73 77
342089 99.277 118.25 95.007 1.245 284 284
3421208 99.955 87.5 79.331 1.103 12 12
3423150 95.37 5.889 111.637 0.053 9 22
3423152 98.99 7.364 111.637 0.066 11 22
3423153 98.951 68.516 107.625 0.637 31 40
3423226 99.757 47.647 87.358 0.545 17 18
3423276 100 3 183.458 0.016 4 6
3423278 100 5 183.458 0.027 5 6
3423279 100 4.222 150.547 0.028 9 10
3423280 95.952 5.143 137.974 0.037 14 16
3424295 99.854 105.72 94.808 1.115 25 26
3425025 82.398 7.364 79.031 0.093 11 13
3425059 99.454 83.4 88.233 0.945 5 5
342513 98.089 193.625 183.406 1.056 8 8
3425443 99.413 100 92.949 1.076 12 12
3425494 99.146 134.55 124.936 1.077 20 20
3426077 72.293 18.167 143.142 0.127 24 26
342632 99.886 166.1 134.376 1.236 10 9
3426658 99.629 122.875 118.707 1.035 8 8
3427050 99.584 101.588 104.224 0.975 17 17
3428476 98.56 101 103.412 0.977 8 8
3428763 100 69.875 75.111 0.93 8 8
3429100 98.263 139.2 140.372 0.992 10 10
3429202 99.807 127.632 115.863 1.102 19 22
3429533 99.778 141.605 132.606 1.068 38 40
3430080 98.456 135.353 133.249 1.016 17 18
3430453 99.478 136.044 102.942 1.322 90 91
3430606 99.772 140.833 157.339 0.895 6 6
34318 99.983 105.76 93.441 1.132 25 25
3431968 99.539 157 131.913 1.19 15 15
343221 99.786 103.815 90.35 1.149 65 65
3432571 95.787 132.364 128.191 1.033 11 11
3432612 98.325 248.2 123.092 2.016 25 25
3432866 98.739 117.714 112.547 1.046 7 7
3433653 99.748 126.188 124.84 1.011 16 16
3434070 99.648 123.4 103.244 1.195 10 10
3434519 88.58 6.793 83.171 0.082 116 288
3434520 86.853 7.817 83.443 0.094 104 286
3434521 87.008 15.67 82.192 0.191 91 292
3434524 85.974 15.833 89.538 0.177 24 110
3434525 80.059 4.417 94.356 0.047 12 45
3435562 84.359 4.615 75.715 0.061 13 59
3435563 88.366 4.333 83.933 0.052 24 80
3435565 85.006 4.895 82.333 0.059 57 225
3435566 80.953 12.714 67.962 0.187 7 13
3435568 85.934 5.438 86.293 0.063 121 340
3435569 86.179 5.708 82.882 0.069 137 276
3436146 99.468 216.444 207.196 1.045 18 18
3436399 99.86 126 119.094 1.058 12 12
3436509 100 93.1 81.876 1.137 10 10
3436763 99.716 66.647 82.382 0.809 17 19
3436770 99.924 96.2 80.414 1.196 25 25
3436778 99.316 92.727 89.698 1.034 33 35
3436780 99.688 135.875 135.708 1.001 8 8
3436781 99.663 97.914 105.22 0.931 105 107
3436800 99.577 174.429 201.491 0.866 7 6
3437286 97.111 66.5 67.366 0.987 8 8
3438256 98.786 79.688 76.979 1.035 48 49
3439139 99.354 59.8 49.567 1.206 5 5
3439638 60.821 7.939 104.02 0.076 33 38
3439885 98.877 74.097 81.481 0.909 134 135
3440137 100 98.059 116.046 0.845 17 17
3440344 99.35 118.231 127.397 0.928 13 13
3441166 99.316 74.13 68.232 1.086 23 23
3441175 100 77.333 75.985 1.018 9 9
3441427 99.573 88.189 78.151 1.128 37 37
3443628 99.584 82.35 86.869 0.948 60 65
3443788 99.616 83 120.816 0.687 5 5
3445426 99.692 92.8 89.594 1.036 5 5
3446140 99.652 69.692 74.802 0.932 13 13
3446141 99.359 91.071 86.3 1.055 98 101
3446689 62.039 30.758 106.406 0.289 33 33
3446699 99.408 75 90.909 0.825 93 820
3449006 97.81 100.5 111.001 0.905 20 20
3449145 99.285 69.333 77.778 0.891 63 64
3449442 74.406 20.8 106.861 0.195 25 34
3449623 99.771 76.692 75.944 1.01 13 13
3449722 99.81 114.5 102.992 1.112 20 19
34502 99.565 68.3 72.364 0.944 10 10
3450237 95.683 48.222 59.309 0.813 9 9
3450246 80.329 10.971 114.45 0.096 35 47
3450247 79.904 10.605 121.855 0.087 38 49
3450253 94.37 12.717 119.35 0.107 46 55
3450263 99.768 97.765 75.314 1.298 17 17
3450656 99.753 69.864 63.913 1.093 22 22
3450725 83.332 117 54.989 2.128 4 14
3451177 99.116 104.606 95.956 1.09 33 33
345134 99.766 103 104.486 0.986 17 17
3451445 95.892 99.25 117.492 0.845 12 13
3451773 99.447 102.389 110.729 0.925 18 18
3452912 99.001 79.75 76.623 1.041 8 8
34532 80.361 9.273 61.659 0.15 22 22
34534 87.874 16.071 65.222 0.246 14 14
3454109 99.368 99.133 90.824 1.091 15 14
345458 99.867 170.429 188.406 0.905 7 7
3454903 60.022 13.921 84.259 0.165 38 64
3455492 98.65 140.974 138.232 1.02 39 39
34558 99.74 71.851 85.076 0.845 375 376
3456252 100 88 81.691 1.077 9 10
3457488 55.629 28.542 88.692 0.322 72 195
3458019 99.883 100.938 109.328 0.923 16 18
3458427 99.711 169.042 152.213 1.111 24 25
345952 99.963 104.522 108.145 0.966 23 23
3459621 91.667 4.429 48.251 0.092 7 23
3459624 72.547 6.258 50.777 0.123 31 243
3459820 99.122 113.75 117.01 0.972 12 12
3460446 100 66 64.211 1.028 8 8
346143 99.338 86 75.958 1.132 11 11
3461714 100 75.714 78.263 0.967 7 7
3461955 100 75.667 68.315 1.108 6 7
3462170 93.056 18.667 190.85 0.098 9 9
3462471 99.924 128.9 117.486 1.097 10 10
3462760 99.226 120.905 111.438 1.085 21 21
346380 99.414 45.625 34.396 1.326 48 70
3463933 99.121 78.246 87.933 0.89 65 68
3463936 99.362 109.847 117.948 0.931 98 99
3463957 99.885 86.263 91.158 0.946 19 19
3464512 99.89 82.565 73.915 1.117 23 23
3465051 99.799 72.667 74.633 0.974 9 9
3465434 97.619 66.714 63.849 1.045 7 7
3465612 99.31 97.033 91.98 1.055 30 31
3465680 99.658 76.167 90.307 0.843 12 12
3467957 98.698 130.167 127.791 1.019 12 12
3468578 99.502 77.39 86.643 0.893 41 41
3469280 99.233 90.067 72.254 1.247 120 123
3469577 99.891 81.273 67.864 1.198 11 12
3470032 99.432 106.368 108.656 0.979 19 20
3471653 97.193 88.625 83.673 1.059 24 26
3473599 97.509 21.444 121.49 0.177 9 10
34739 99.494 93 75.217 1.236 17 16
3474981 99.515 129.333 127.439 1.015 6 6
3477282 99.875 92.286 122.355 0.754 14 14
3477286 99.857 95 126.028 0.754 12 13
3477288 99.805 94.25 126.028 0.748 12 13
3477615 98.85 98.171 80.53 1.219 35 37
3477637 99.156 107.722 101.825 1.058 18 18
3477758 99.807 147.333 118.896 1.239 6 6
3478253 99.29 94 63.876 1.472 4 4
3478353 97.964 119 136.679 0.871 7 7
3478354 98.892 92.694 105.986 0.875 36 37
3478417 98.221 76.462 66.498 1.15 13 14
3478999 99.91 191.5 137.133 1.396 6 6
3479053 96.728 168.8 136.184 1.24 5 5
3480019 99.724 138.571 97.739 1.418 7 7
348223 95.309 145.333 136.814 1.062 9 9
3483486 91.717 7.369 84.664 0.087 404 796
3483487 92.525 7.897 84.978 0.093 447 784
3483501 99.439 107.353 91.298 1.176 51 54
3483811 99.697 84.833 80.686 1.051 6 6
3485228 99.492 54.854 31.852 1.722 226 240
3486449 88.305 12.404 94.041 0.132 47 62
3486450 89.632 29.077 103.023 0.282 39 58
3486451 92.3 5.414 93.394 0.058 29 51
3486452 89.554 5.167 107.941 0.048 18 31
3486453 90 4.364 118.208 0.037 11 21
3486501 97.222 36.571 125.943 0.29 21 27
3486930 99.794 95.85 90.801 1.056 20 20
3487652 99.948 119.667 103.518 1.156 9 8
3487731 99.665 87.409 91.106 0.959 756 769
34879 99.526 95.741 72.621 1.318 166 165
348790 99.754 135.417 116.466 1.163 12 12
3487974 82.858 13.375 83.882 0.159 8 8
3488122 99.89 96.083 107.774 0.892 12 12
3488317 99.609 75.361 90.819 0.83 684 696
3488330 98.971 77.263 76.762 1.007 19 19
3488413 99.912 61.353 72.989 0.841 17 17
3489131 99.448 112.667 93.377 1.207 84 84
3489133 99.677 129.269 115.381 1.12 26 26
3489134 99.567 111.763 91.532 1.221 397 410
3489135 99.836 102.37 86.064 1.189 27 29
3489156 99.377 128.279 105.178 1.22 61 61
349064 99.932 73.111 63.852 1.145 18 18
349102 97.344 95.857 90.944 1.054 7 7
3491674 89.375 28 48.005 0.583 15 16
3491675 73.138 14.16 93.858 0.151 50 172
3491676 88.325 17.615 95.515 0.184 52 142
3491677 83.017 19.809 90.176 0.22 47 137
3491678 82.611 6.386 88.485 0.072 57 135
3491679 94.437 6.722 89.43 0.075 72 131
3491712 90.092 10.615 92.062 0.115 13 16
3492058 97.32 26.25 99.463 0.264 16 20
3492066 98.824 135.205 114.951 1.176 39 39
3492143 99.891 131.636 117.627 1.119 22 22
3492662 99.869 131.118 95.198 1.377 34 36
349282 99.237 134.167 107.891 1.244 6 6
3493119 99.578 67.755 65.844 1.029 49 50
3493517 93.182 13.8 97.272 0.142 5 8
3493530 83.148 5 48.852 0.102 6 6
3493531 79.444 4.778 44.701 0.107 9 10
3493532 82.5 4 43.243 0.092 8 9
3493722 99.738 107.4 94.96 1.131 40 42
3493755 72.019 9.429 82.939 0.114 7 8
3493756 99.149 106.769 105.466 1.012 78 79
3493837 61.778 9.111 85.7 0.106 9 10
3493839 67.05 11.524 91.205 0.126 21 23
3493907 78.5 6.1 76.864 0.079 10 13
3494093 97.5 6.2 92.664 0.067 10 12
3494094 99.412 16.9 94.785 0.178 10 11
3494100 59.794 10.754 107.66 0.1 57 69
3494126 72.19 6.2 102.278 0.061 15 17
3494127 85.625 6.25 133.526 0.047 8 9
3494134 68.059 7.69 58.461 0.132 29 32
3494173 79.489 28.778 73.165 0.393 9 11
3494177 80.93 27.273 83.372 0.327 11 11
3494178 83.765 25.231 69.15 0.365 13 14
3494179 83.548 12.364 69.829 0.177 11 12
3494389 90.578 41.842 118.279 0.354 19 33
3494390 87.807 8.211 117.472 0.07 19 29
3494464 76.835 44.923 75.653 0.594 26 29
3495116 99.274 89.649 87.408 1.026 37 37
34958 94.741 87.083 84.707 1.028 24 24
3496366 97.548 73.2 89.742 0.816 5 5
3496854 99.9 229.4 198.733 1.154 10 10
3497210 98.926 103.65 106.581 0.973 20 21
3498198 99.61 109.353 109.041 1.003 2604 2643
3500149 98.676 105 86.845 1.209 9 9
3500976 98.545 97.316 82.131 1.185 19 19
3501193 68.755 7 192.996 0.036 21 41
3501788 98.832 54.125 78.151 0.693 8 8
3501790 99.532 104.692 98.971 1.058 13 13
3503071 99.829 73 87.16 0.838 7 7
3503362 97.909 65.065 57.6 1.13 31 32
3503882 99.671 121.231 113.038 1.072 13 13
3504815 94.676 97.769 85.98 1.137 39 39
3505027 82.481 36.867 19.363 1.904 15 16
3505121 70.806 6.28 70.825 0.089 25 31
3505123 79.798 5.231 61.649 0.085 13 14
3505292 99.709 98.32 90.605 1.085 25 27
3505300 98.607 96.621 89.922 1.074 145 149
3505309 81.833 4.4 16.118 0.273 10 14
3505313 97.813 80.7 75.981 1.062 20 20
3505316 82.5 4 16.989 0.235 8 8
3505318 78.277 5.9 18.981 0.311 10 11
3505319 83.975 5.6 19.088 0.293 10 12
3505843 99.704 117.571 119.429 0.984 7 7
3508048 99.347 57.41 81.976 0.7 39 39
3508085 99.754 113 119.991 0.942 9 9
3508970 99.534 114.219 109.015 1.048 2600 2645
3509043 99.19 111.094 87.886 1.264 32 34
3509221 97.059 64.588 72.827 0.887 17 19
3509292 100 224.733 207.826 1.081 15 16
3509608 99.475 113.75 82.037 1.387 8 8
3509615 95.094 11.199 88.554 0.126 1044 1463
35097 97.273 118.1 106.03 1.114 40 40
3511528 98.161 76.929 75.902 1.014 14 15
3512885 100 112.5 117.382 0.958 8 8
35173 99.656 99.583 90.914 1.095 12 12
3518014 100 116.714 109.239 1.068 7 7
3518039 99.969 98.438 106.033 0.928 16 16
351809 99.853 92.276 75.907 1.216 29 29
3518167 99.622 85.089 96.897 0.878 2308 2262
3518610 74.919 17.676 16.375 1.079 37 39
351868 99.293 105.395 84.227 1.251 43 42
351872 99.321 100.634 82.366 1.222 366 365
351873 99.323 116.932 102.596 1.14 59 59
351875 99.616 116.495 99.709 1.168 1847 1844
351876 99.527 101.175 83.355 1.214 423 424
35188 99.893 109.296 85.755 1.275 27 27
3519680 99.275 283.73 92.323 3.073 37 36
3519869 99.696 128.778 119.18 1.081 9 10
3520857 99.134 97.905 88.923 1.101 74 75
3521309 97.984 100.25 77.424 1.295 8 8
3521429 99.21 106.952 103.269 1.036 21 22
3522731 100 111.4 106.671 1.044 5 5
3522989 98.257 138.571 93.008 1.49 7 6
3524094 99.541 96.451 99.855 0.966 51 54
3524734 99.958 84.115 77.03 1.092 26 26
35259 98.333 198.286 155.57 1.275 7 7
3527251 99.386 83.182 80.762 1.03 11 11
352898 98.242 73.8 73.38 1.006 10 10
3529182 96.716 63.452 93.312 0.68 157 190
3529183 90.249 9.16 93.307 0.098 50 85
3529197 90.142 45.8 86.753 0.528 5 5
3529228 97.569 43.895 93.108 0.471 19 72
3529231 97.596 6.472 85.928 0.075 36 73
3530781 99.836 86.815 80.24 1.082 27 27
3531140 98.223 87.8 81.042 1.083 15 15
3531154 98.999 91.688 94.315 0.972 16 16
3531238 98.021 78.636 78.578 1.001 11 11
3534359 99.326 84.305 74.721 1.128 82 83
3535347 99.751 82.967 78.801 1.053 61 62
3536213 99.908 72.333 68.155 1.061 6 6
353636 99.578 103.364 110.899 0.932 11 11
3536824 80.998 8.4 31.754 0.265 5 5
353719 99.221 125.077 123.256 1.015 13 13
353865 81.113 30.143 144.123 0.209 7 7
3539440 99.237 96.824 93.179 1.039 546 553
3539847 99.672 101.5 106.241 0.955 4 4
3539849 100 102 95.551 1.067 10 10
354057 98.591 177.632 181.745 0.977 19 19
3540635 99.63 105 85.8 1.224 9 9
3542015 99.82 120.5 91.347 1.319 14 15
3542090 98.955 104.559 89.078 1.174 34 35
3542110 99.066 108.87 91.506 1.19 23 24
3542126 98.523 114.562 86.888 1.319 16 16
3543402 83.325 14.257 192.483 0.074 35 37
3543413 99.227 91.75 98.404 0.932 32 34
3543588 99.722 109.3 105.464 1.036 20 20
3544017 100 58.1 56.133 1.035 10 10
3544115 64.973 10.733 76.438 0.14 15 16
3544181 69.663 19.1 174.259 0.11 10 10
3544188 64.21 12.326 107.467 0.115 46 58
3544190 68.2 6.875 128.25 0.054 8 8
3544792 98.493 84 87.479 0.96 10 10
3544923 97.33 106.909 102.074 1.047 11 11
3545383 99.3 222.667 190.418 1.169 9 9
3545401 99.723 130.426 111.691 1.168 176 179
3545402 99.513 102.882 86.87 1.184 85 87
3545432 98.876 98.831 93.839 1.053 65 66
3545557 65.996 21.656 83.903 0.258 32 34
3545693 99.46 153.125 118.778 1.289 8 8
3545885 100 98.647 96.3 1.024 17 18
3545964 93.75 72.125 80.849 0.892 8 11
3545968 67.857 7.2 55.19 0.13 30 34
3545969 67.956 7.31 62.233 0.117 29 32
3545971 58.865 9.236 68.665 0.135 144 271
3546599 99.719 77.125 71.366 1.081 16 16
354679 99.392 65.741 73.157 0.899 85 85
3547346 58.847 15.44 91.191 0.169 150 193
3547347 60.001 12.337 81.799 0.151 104 126
3547473 81.408 24.083 92.375 0.261 12 13
3547478 78.096 4.444 72.462 0.061 9 9
3547586 97.584 133.393 108.457 1.23 28 29
3547606 99.183 129.75 147.836 0.878 12 13
3547686 99.729 151.545 127.245 1.191 22 22
3548641 99.928 125.529 125.956 0.997 17 18
3548982 99.023 104.583 96.639 1.082 405 411
3549098 64.278 8.603 74.563 0.115 63 86
3549100 79.684 6.167 83.668 0.074 12 17
3549101 86.828 5.5 93.301 0.059 8 10
3549135 88.783 58.867 135.648 0.434 15 16
3549138 76.29 19 110.967 0.171 29 37
3549142 87.072 10 101.075 0.099 11 11
3549187 81.234 8.429 78.979 0.107 28 33
3549188 65.621 10.378 85.691 0.121 74 85
3549189 86.666 18.538 85.403 0.217 13 21
3549190 81.573 6.458 88.326 0.073 24 33
3549192 85.159 16.091 83.161 0.193 11 20
3549193 88.658 56.455 144.111 0.392 11 22
35494 99.753 73.667 70.243 1.049 9 9
354947 99.394 56 57.927 0.967 9 9
3550330 99.69 121.167 108.393 1.118 6 6
3550347 96.775 123.708 101.012 1.225 24 34
3550829 61.44 6.643 59.176 0.112 14 19
3550830 67.876 7.12 73.866 0.096 25 33
3550831 62.773 12.867 90.402 0.142 45 71
3550833 56.365 11.663 82.117 0.142 169 307
3550862 82.829 15.444 82.594 0.187 9 10
3550863 82.787 17.846 75.799 0.235 13 17
3550864 85.813 7.714 91.056 0.085 14 17
3550865 78.851 7.444 79.788 0.093 18 23
3550871 96.061 18.2 106.723 0.171 15 21
3550872 95.065 6.357 98.701 0.064 14 24
3550873 93.658 27.917 103.919 0.269 12 21
3550874 96.18 32.333 99.775 0.324 12 25
3550914 93.088 5.571 118.204 0.047 35 38
3550915 85.78 6.6 115.682 0.057 35 37
3550920 83.142 9.444 86.592 0.109 9 10
3550921 80.038 8.4 70.837 0.119 10 13
3550923 74.426 7.727 78.498 0.098 11 13
3550928 84.627 9.483 76.495 0.124 29 39
3550930 91.893 4.925 85.033 0.058 40 99
3550931 90.908 5.625 99.879 0.056 32 61
3550932 88.278 18.324 88.735 0.207 37 77
3550964 88.989 36.889 103.663 0.356 18 22
3550966 86.755 31.842 96.766 0.329 19 25
3550978 62.398 5.68 76.108 0.075 25 34
3550990 84.738 13.357 97.279 0.137 14 16
3550997 91.042 21.154 67.196 0.315 13 14
3551024 87.47 7.167 100.225 0.072 18 28
3551026 70.287 9.207 87.882 0.105 82 104
3551031 72.469 12.409 100.531 0.123 44 58
3551032 92.702 14.222 54.934 0.259 9 9
3551033 83.506 5.273 104.061 0.051 11 22
3551076 81.242 17.478 108.433 0.161 69 78
3551079 84.035 21.277 103.258 0.206 47 51
3551107 84.282 6.324 101.538 0.062 37 76
3551108 89.735 31.303 117.237 0.267 33 46
3551109 88.847 5 97.148 0.051 18 22
3551118 94.484 5.444 104.725 0.052 18 31
3551119 91.595 5.688 86.696 0.066 16 25
3551129 90.216 6.111 201.754 0.03 18 20
3551130 91.541 15.294 201.243 0.076 17 19
3551133 93.467 5.091 99.815 0.051 77 179
3551135 93.531 8.176 108.683 0.075 74 207
3551136 89.211 5.312 116.493 0.046 16 54
3551137 93.127 7.14 125.867 0.057 43 110
3551138 82.221 5.909 124.101 0.048 33 106
3551141 87.703 8.364 125.32 0.067 11 63
3551146 85.959 11.938 142.919 0.084 16 20
3551147 83.489 6.429 145.686 0.044 14 18
3551174 85.452 7.943 93.47 0.085 53 97
3551176 87.551 5.351 88.163 0.061 37 90
3551177 80.438 4.923 98.35 0.05 26 70
3551180 78.516 11 101.43 0.108 13 66
3551187 88.604 6.25 82.319 0.076 12 29
3551188 96.795 6.231 85.402 0.073 13 33
3551197 98.892 8.842 114.104 0.077 19 23
3554109 91.366 8.429 347.017 0.024 14 14
3554110 90.198 8.571 231.001 0.037 14 23
3554111 98.149 17.125 296.724 0.058 16 18
3554113 92.437 6.176 72.859 0.085 17 31
3554114 93.859 6.474 72.859 0.089 19 31
3554116 98.214 4.571 170.772 0.027 14 39
3554117 91.377 4.478 85.008 0.053 23 63
3554119 81.473 6.244 104.703 0.06 41 92
3554120 85.018 7.854 109.849 0.071 48 94
3554121 86.762 14.412 113.345 0.127 51 104
3554147 93.75 25.25 79.172 0.319 8 8
3554155 95.714 5.643 63.624 0.089 14 23
3554156 92.857 8.952 69.497 0.129 21 29
3554157 92.261 7.286 83.845 0.087 7 7
3554165 93.99 14.188 91.103 0.156 16 19
3554166 90.159 8.389 129.327 0.065 36 55
3554167 90.513 8.191 122.832 0.067 47 61
3554169 74.15 10.139 102.557 0.099 115 133
3554285 99.881 78 73.627 1.059 12 12
3554511 95.044 81.722 104.386 0.783 18 18
3554602 98.834 155.75 124.963 1.246 8 8
3555200 81.821 8.222 63.524 0.129 9 11
3555201 82.36 8.778 58.424 0.15 9 11
3555242 92.857 20.429 50.756 0.402 7 8
3555244 78.079 9.105 92.455 0.098 19 24
3555246 64.564 10 79.119 0.126 48 81
3555251 65.656 10.141 82.16 0.123 64 85
3555327 78.821 8.786 83.862 0.105 14 15
3555336 84.784 5 54.631 0.092 7 9
3555337 78.518 5.333 50.292 0.106 9 11
3555389 81.218 6.682 67.762 0.099 22 30
3555445 99.656 57.852 73.424 0.788 27 31
3555447 91.339 47.111 136.607 0.345 9 12
3555449 97.478 65.667 75.876 0.865 12 12
355564 51.593 66.28 177.448 0.374 25 26
3555640 97.143 4.429 112.34 0.039 7 10
3555641 93.333 4.583 114.656 0.04 12 16
3555642 94.759 5.529 131.319 0.042 17 19
3555643 91.111 5.296 123.285 0.043 27 30
3555649 86.219 19.5 82.641 0.236 8 9
355577 99.928 84.556 92.341 0.916 9 9
3556329 99.974 82.056 87.187 0.941 18 18
3556330 99.978 79.095 83.355 0.949 21 21
3556774 99.42 61.26 62.979 0.973 77 79
3558409 96.046 60.889 115.067 0.529 9 10
3558435 98.382 65.421 89.905 0.728 19 19
3558616 99.192 135.667 153.974 0.881 45 45
3558794 95.999 6.857 81.176 0.084 35 54
3558798 99.729 30.684 92.382 0.332 19 26
3558832 93.75 6.375 93.102 0.068 16 29
3558908 98.616 55.222 76.233 0.724 9 10
3559363 99.676 113.973 118.281 0.964 37 37
3559990 99.223 55 94.165 0.584 18 18
3560135 93.229 33.468 74.5 0.449 62 69
3560156 96.507 41.987 84.707 0.496 160 167
3560169 84.146 7.8 60.06 0.13 5 5
35608 99.541 121.355 108.983 1.114 2647 2648
3560941 99.496 119.25 96.924 1.23 48 48
3561589 99.725 109.267 90.746 1.204 15 15
3561778 98.106 125.143 109.242 1.146 7 8
3562118 99.907 111.533 100.501 1.11 15 15
3562187 99.634 105.111 86.642 1.213 9 10
3562423 100 94.429 85.452 1.105 14 14
3562775 99.505 116.108 103.223 1.125 1554 1581
3564934 99.244 101.704 98.012 1.038 125 127
3566933 98.162 15.885 70.94 0.224 26 34
3566943 15.285 49 92.834 0.528 4 101
3567680 94.423 73.167 75.281 0.972 6 6
3568428 86.97 5.491 79.968 0.069 55 105
3568429 86.521 9.839 81.081 0.121 56 111
3568430 89.217 5.207 79.994 0.065 58 107
3568438 96.643 59.347 103.619 0.573 75 76
3568734 99.92 113.909 108.638 1.049 33 33
3568736 99.542 79.178 79.438 0.997 152 153
3568759 99.63 76.316 74.474 1.025 155 164
3568795 99.367 96.144 90.35 1.064 395 400
3568833 93.726 86.714 83.723 1.036 7 7
3568840 98.948 124.2 124.58 0.997 10 11
3569525 100 67.727 63.187 1.072 11 11
3569765 99.636 134.5 132.993 1.011 8 8
3570579 99.203 99.058 99.06 1 121 123
3571828 97.242 121.155 108.64 1.115 2620 2660
3571834 55.45 823.5 98.654 8.347 16 25
35722 99.632 113.889 105.694 1.078 18 18
3572215 88.369 7.286 17.982 0.405 7 7
3572217 83.29 7.833 10.762 0.728 6 6
3572218 64.526 19.333 17.482 1.106 27 27
3572220 85.807 7.2 11.234 0.641 10 10
3572222 92.972 65.636 82.233 0.798 99 105
3572223 87.462 99.5 89.965 1.106 54 60
3572495 98.642 104.154 114.383 0.911 13 13
3572676 99.631 78.138 76.545 1.021 29 29
357269 99.236 110.129 96.461 1.142 272 272
357278 99.119 110.036 95.142 1.157 449 448
3572901 99.397 80.068 77.445 1.034 59 59
3572940 99.149 144.125 129.26 1.115 16 16
3573068 99.915 78.719 81.766 0.963 32 32
3573167 99.798 129.4 123.031 1.052 5 5
3573204 99.156 85.35 84.213 1.013 20 20
3573273 100 106.5 97.395 1.093 6 6
3573282 95.833 62.167 81.516 0.763 6 6
3573316 99.916 83 73.692 1.126 15 17
3573326 99.143 109.857 111.945 0.981 7 7
357451 98.984 133.857 88.659 1.51 7 7
3574562 100 64.444 69.131 0.932 9 9
357522 99.931 185.429 156.378 1.186 7 7
3576231 99.568 113.719 109.005 1.043 2603 2645
3576984 100 302.2 179.333 1.685 5 5
357860 99.405 66.923 75.587 0.885 13 13
3579627 90 3.4 38.085 0.089 5 5
3579780 99.489 193.333 190.39 1.015 9 9
358182 98.963 108.306 106.388 1.018 36 37
358191 97.909 55.7 51.777 1.076 10 10
3582289 95.645 85.909 81.043 1.06 11 11
358251 99.803 102.582 89.645 1.144 385 384
3582529 98.422 131.947 104.253 1.266 19 19
3582591 99.649 92.067 80.078 1.15 15 15
3582764 100 90.444 76.135 1.188 9 9
3583047 99.884 105.333 94.978 1.109 9 9
3583539 99.942 80.308 75.328 1.066 26 26
3583542 99.168 88.475 88.443 1 181 190
3583546 99.511 72.394 77.37 0.936 754 772
3583725 97.555 79.1 70.577 1.121 10 10
3584107 97.39 65 67.277 0.966 8 10
3584342 99.702 112.875 94.425 1.195 8 8
3584375 99.819 133.647 132.462 1.009 17 17
3584924 98.81 150.5 154.798 0.972 8 8
3584990 99.786 117.795 115.083 1.024 44 46
3585168 98.2 96.37 94.467 1.02 46 47
3585635 97.997 122.833 115.826 1.061 6 6
3585927 99.894 162.571 159.224 1.021 7 7
35865 99.663 81.167 75.877 1.07 18 18
3587642 97.532 165.167 159.25 1.037 6 6
3587876 99.815 114.929 102.309 1.123 14 14
3588091 99.776 95.909 99.998 0.959 11 11
3589131 99.455 68.236 74.749 0.913 127 129
3589641 67.618 39.6 180.363 0.22 10 10
3590171 99.654 70.887 71.217 0.995 248 256
3590511 99.535 85.669 85.839 0.998 496 498
3591722 98.711 73.667 73.7 1 9 10
3593836 92.958 6.083 83.666 0.073 373 708
3593838 93.722 7.278 83.785 0.087 475 714
3594663 99.238 88.357 79.285 1.114 28 27
3594762 99.755 106.625 84.958 1.255 8 8
3594939 96.174 69.6 71.653 0.971 5 5
359528 99.934 157.125 130.224 1.207 8 8
3595506 100 92.9 76.482 1.215 10 10
3595604 99.448 107.3 71.991 1.49 10 10
3596008 77.579 33.154 87.476 0.379 13 13
3596011 81.834 49.069 155.087 0.316 29 30
3596013 98.851 110.278 111.091 0.993 252 255
360004 72.98 40 13.873 2.883 6 6
3600330 99.564 113.222 106.214 1.066 9 9
3600681 98.279 71.471 61.748 1.157 17 17
3601034 99.871 83.667 86.206 0.971 9 9
3601340 97.763 79.923 92.524 0.864 13 13
3601401 59.744 19.467 13.956 1.395 60 60
3601402 60.943 19.567 13.811 1.417 60 60
360237 98.131 110.818 99.818 1.11 11 11
3602925 98.86 157.818 142.721 1.106 11 11
3603523 99.216 138.3 116.749 1.185 10 10
3604390 98.815 37.2 51.173 0.727 10 12
360495 98.89 93.167 84.278 1.105 18 18
360587 99.527 109.938 105.643 1.041 16 16
3606111 99.733 130.895 118.956 1.1 19 19
3606453 97.948 66.333 59.798 1.109 6 6
3606463 50.366 13.014 101.279 0.128 73 139
3606562 92.59 5.68 123.188 0.046 125 326
3606663 99.659 123.533 82.069 1.505 15 16
3607062 99.703 120.105 111.458 1.078 19 19
3607077 98.668 96.688 89.704 1.078 48 48
3607080 99.79 96.364 89.445 1.077 33 33
3607084 99.634 93.991 88.812 1.058 1056 1061
3607089 98.592 124.438 109.631 1.135 16 17
3607091 99.744 111.25 102.619 1.084 8 8
3607093 99.549 140.519 126.369 1.112 27 28
3607095 99.729 89.333 78.631 1.136 12 12
3607098 99.737 135.889 131.433 1.034 9 9
3607099 99.917 46.267 61.278 0.755 30 52
3607136 97.882 71.625 117.989 0.607 8 9
3607710 99.37 101.083 106.319 0.951 12 12
360817 99.562 122.586 91.659 1.337 70 70
3608293 99.72 105.857 93.824 1.128 7 7
3608751 99.921 106.3 93.854 1.133 10 10
3608873 99.634 216.875 180.941 1.199 8 8
3608993 99.298 78.088 76.423 1.022 34 35
3609327 99.874 142.429 89.139 1.598 7 7
3609431 99.795 175.167 122.75 1.427 6 6
3609877 98.325 141.818 105.559 1.343 33 34
3609892 99.704 138 108.386 1.273 7 7
3610419 99.166 121.273 95.611 1.268 11 11
3610441 99.566 155.105 116.86 1.327 19 20
3610788 99.865 119.235 112.564 1.059 17 17
3610916 99.776 97.667 88.23 1.107 9 9
3610941 98.826 102.8 97.122 1.058 20 20
3612665 99.545 81.949 91.013 0.9 2245 2294
3613708 99.495 61.833 65.542 0.943 6 6
3613949 99.153 99.727 98.555 1.012 11 12
3614347 99.629 99.219 81.096 1.223 32 32
3614505 95.465 49.392 109.723 0.45 125 233
3614506 85.339 7.625 123.587 0.062 40 164
3614509 80.745 6.333 87.882 0.072 18 37
3614894 99.214 94.752 84.589 1.12 234 235
3614982 99.696 130.29 97.088 1.342 2291 2242
3616249 99.775 127.314 109.568 1.162 35 35
3616282 99.5 101.2 56.967 1.776 5 5
3616380 99.888 138 136.374 1.012 33 34
3616921 99.875 85.364 100.531 0.849 11 11
3617392 98.747 84.4 83.212 1.014 25 25
3617773 87.288 7.048 81.91 0.086 21 47
3617775 92.188 11.438 78.605 0.146 16 36
3618165 98.866 142.333 135.629 1.049 9 9
3619824 97.923 139.273 130.46 1.068 11 11
3620022 99.696 99.143 101.91 0.973 7 7
3622892 99.699 161.375 161.21 1.001 8 8
3623866 77.805 21.312 73.392 0.29 16 20
3623939 98.139 90.375 86.811 1.041 8 9
3624810 98.356 75.067 84.841 0.885 15 15
3625941 99.418 126.4 117.357 1.077 60 62
3626025 99.731 108.278 93.789 1.154 36 36
3626562 99.566 114.736 109.041 1.052 2603 2643
3629331 99.31 59.339 61.309 0.968 59 59
3629706 99.875 72.19 75.182 0.96 21 22
3630337 99.456 100.925 88.133 1.145 53 54
3631443 99.71 77.4 81.895 0.945 5 5
3632044 99.905 83.692 78.054 1.072 13 13
3632053 99.016 126.522 107.331 1.179 23 24
3632081 99.774 148.875 139.921 1.064 8 8
3632082 99.892 186.5 179.744 1.038 18 18
3632089 99.852 140 128.428 1.09 9 9
363256 98.273 108.2 116.682 0.927 10 10
3633300 96.027 68.615 87.28 0.786 13 13
3633329 99.022 72.714 91.711 0.793 63 64
3633342 99.66 47.955 52.212 0.918 22 22
3633738 99.471 154 114.185 1.349 9 9
3633961 98.812 138.938 135.199 1.028 16 16
363409 99.363 113.75 84.318 1.349 24 24
363446 98.917 131.969 93.412 1.413 32 32
36350 99.801 82.375 97.518 0.845 8 8
3637067 72.856 27 166.223 0.162 18 18
363781 99.772 125.745 103.974 1.209 94 93
3638894 97.223 84.526 88.961 0.95 19 19
3639626 98.683 64 65.407 0.978 21 21
3639895 99.608 63.091 74.531 0.847 11 11
3640047 97.506 98.6 89.776 1.098 15 15
3640048 95.591 77.778 68.348 1.138 9 9
3640050 99.918 127.111 108.367 1.173 18 18
3640207 98.683 80.348 73.948 1.087 23 26
3640210 99.54 122.545 89.703 1.366 11 11
3640214 100 132.353 96.07 1.378 17 18
3640217 99.794 112.458 102.874 1.093 24 24
3640230 99.423 129.556 108.945 1.189 45 46
3640237 96.834 84.062 65.66 1.28 32 32
3640243 98.373 133.889 114.188 1.173 54 53
3640253 98.173 114.48 95.555 1.198 25 25
3640256 96.964 330.973 119.373 2.773 37 40
3640279 99.793 101.682 88.314 1.151 22 22
3640292 99.864 73.757 79.103 0.932 111 111
3640297 99.831 132.222 113.963 1.16 9 9
3640298 100 83.9 74.66 1.124 10 10
3640304 100 142.778 115.014 1.241 9 9
3640316 98.689 96.438 80.305 1.201 32 32
3640318 99.003 136.037 118.806 1.145 27 27
3640320 99.308 88.806 78.758 1.128 31 31
3640321 96.65 133.868 124.144 1.078 53 54
3640325 98.72 115.31 103.901 1.11 29 29
3640329 99.058 126.731 111.518 1.136 26 28
3640330 97.469 131.426 90.126 1.458 94 94
3640331 99.858 162.333 151.776 1.07 6 6
3640332 97.315 130.615 105.059 1.243 13 13
3640333 99.464 116.235 90.765 1.281 17 17
3640334 99.534 78.1 61.138 1.277 20 20
3640335 99.066 112.053 95.832 1.169 19 19
3640339 99.579 127.692 120.145 1.063 39 39
3640340 95.871 162.143 134.118 1.209 7 7
3640346 99.11 101.603 78.117 1.301 63 64
3640349 99.645 112.875 96.848 1.165 40 41
3640361 99.896 96.375 94.26 1.022 8 8
3640366 96.703 109.104 94.764 1.151 48 49
3640367 98.414 100.25 97.395 1.029 20 21
3640371 98.893 105.695 97.862 1.08 59 59
3640372 98.847 151.905 103.38 1.469 105 109
3640373 99.24 80.35 74.84 1.074 20 20
3640374 99.198 109.652 98.306 1.115 23 24
3640375 97.029 136.571 126.368 1.081 35 36
3640377 98.225 88.137 65.174 1.352 51 51
3640379 99.004 105.88 92.888 1.14 25 25
3640380 100 75.846 63.279 1.199 13 13
3640381 97.874 120.5 114.741 1.05 20 20
3640382 99.866 128.882 121.82 1.058 17 17
3640387 97.626 70 66.723 1.049 20 21
3640389 94.593 113.571 88.533 1.283 14 15
3640390 98.279 116.833 101.358 1.153 24 24
3640407 97.07 91.983 83.689 1.099 59 59
3640408 95.39 111.286 127.659 0.872 7 7
3640412 90.889 106.125 93.233 1.138 8 8
3640439 99.738 97 90.792 1.068 11 11
3643630 99.577 98.466 91.465 1.077 5272 5360
364559 99.44 51.3 71.157 0.721 10 10
364642 99.336 91.382 86.396 1.058 34 34
3646498 99.83 81.25 98.873 0.822 12 12
3647411 99.539 88.636 81.364 1.089 11 11
3647615 99.833 149.8 113.907 1.315 10 10
3647682 99.692 269.167 263.643 1.021 6 6
3648509 99.564 180.429 171.298 1.053 7 8
364854 99.292 122.062 114.355 1.067 3358 3354
3648629 99.643 108 109.747 0.984 9 9
3649254 99.598 64.909 83.261 0.78 11 12
3649945 99.705 98.125 127.828 0.768 8 10
3650129 99.892 151.071 107.929 1.4 28 28
3650143 99.56 129.714 113.705 1.141 7 7
3650189 99.57 125.893 99.345 1.267 1244 1265
3650967 73.042 6.5 69.966 0.093 18 26
3653181 99.813 53.556 53.758 0.996 18 19
3653357 99.837 58.667 63.759 0.92 12 12
365399 75.909 4.091 126.639 0.032 11 12
365403 79.081 64.714 162.867 0.397 7 7
3654374 99.085 85.911 83.841 1.025 90 92
3656232 99.912 93 106.903 0.87 10 10
3656307 97.703 62.167 66.121 0.94 6 6
365691 98.983 108.587 114.246 0.95 46 46
365698 99.656 72.429 82.31 0.88 14 14
3657028 97.643 100 79.238 1.262 19 18
3657401 99.641 164.25 158.297 1.038 12 12
3659944 99.126 70.103 66.698 1.051 29 29
3660693 99.821 97.667 90.667 1.077 15 15
3660741 99.445 65.2 61.908 1.053 15 16
366099 99.473 126.333 129.831 0.973 6 6
3663261 99.461 110 86.048 1.278 21 20
3663360 97.838 156.053 139.068 1.122 57 57
3663702 98.213 60 85.567 0.701 19 19
3664132 86.824 10.714 19.918 0.538 7 7
3664135 99.61 71.849 93.288 0.77 2581 2643
3664168 96.769 120.889 135.126 0.895 9 9
3664457 99.504 140.493 118.743 1.183 5952 6011
3665479 98.887 102.947 85.075 1.21 19 19
3665509 98.76 88.588 85.583 1.035 17 17
3665753 99.18 116.584 110.045 1.059 2851 2893
3665857 99.069 64.2 57.408 1.118 10 10
3665949 99.714 100.429 99.816 1.006 7 7
3668683 97.16 76.143 114.781 0.663 7 7
3668904 100 79.25 87.996 0.901 12 13
3669625 99.982 65.125 74.745 0.871 16 16
3670318 88.332 4.4 108.2 0.041 5 6
3670319 87.638 5 115.157 0.043 6 7
3670794 99.318 109.667 99.923 1.098 9 9
3671137 97.397 136.5 145.855 0.936 10 10
3671273 99.398 116.684 97 1.203 19 19
3671798 99.74 183.4 179.263 1.023 5 5
3671803 99.974 119.632 106.906 1.119 19 19
3671810 99.391 119.929 108.981 1.1 14 16
3671860 99.691 74 66.128 1.119 9 9
3672653 99.91 82.769 84.754 0.977 13 13
3673359 99.374 80.222 72.627 1.105 9 9
3674123 96.927 77.429 101.939 0.76 7 7
3674802 99.602 106.34 101.151 1.051 50 50
3675008 99.878 87.154 94.853 0.919 13 13
3675504 99.326 113.569 113.67 0.999 3208 3255
3675819 99.925 94.6 96.419 0.981 10 10
3675901 99.899 129 138.185 0.934 11 11
3676093 99.608 117.878 108.885 1.083 41 41
3678298 98.451 90.893 100.586 0.904 56 60
3679136 78.558 12.68 202.687 0.063 25 25
3679284 70.107 44.585 155.421 0.287 41 41
3679445 99.386 84.741 90.424 0.937 85 87
3679792 98.077 90.286 95.627 0.944 7 7
3680023 97.507 98.1 100.28 0.978 10 12
36807 99.89 120 107.651 1.115 6 6
3680932 99.546 74.278 96.317 0.771 180 181
3680968 99.936 60.6 74.471 0.814 10 10
3681049 99.962 95.023 113.881 0.834 44 49
3681954 99.128 109.118 115.064 0.948 17 17
3682272 98.375 74.605 91.77 0.813 43 43
3682563 99.751 69.222 84.368 0.82 27 27
3683798 99.478 99.435 95.768 1.038 23 23
3684655 99.936 105.36 87.349 1.206 25 26
3685103 100 142 133.241 1.066 6 6
3685213 98.042 58.636 56.329 1.041 11 11
3686163 98.755 129.462 109.496 1.182 13 13
3686950 99.927 154.167 141.518 1.089 6 6
3687258 99.882 140.167 140.219 1 6 6
3688276 97.297 101.833 88.023 1.157 6 6
3688390 98.439 66.353 61.08 1.086 17 17
3688753 99.603 79.444 75.608 1.051 9 9
3689174 80.858 227.222 52.201 4.353 9 9
3689175 81.368 261 62.051 4.206 6 6
3689529 87.741 170.381 160.465 1.062 21 20
3689578 87.236 123 121.072 1.016 5 5
3689763 89.033 149.902 167.688 0.894 41 41
3690847 98.46 69.943 91.049 0.768 35 35
3692919 100 88.3 72.595 1.216 10 10
3693131 99.856 74.667 76.32 0.978 9 9
3693172 97.413 102.083 91.576 1.115 12 12
3693667 99.237 74.846 89.885 0.833 280 287
3693668 99.266 77.796 89.885 0.866 280 287
3693735 99.975 93.379 80.367 1.162 29 29
3694596 99.892 103.783 104.441 0.994 23 23
3694981 100 64.571 73.134 0.883 7 7
3695051 99.861 68.429 93.013 0.736 21 21
3695463 99.85 62.053 72.136 0.86 19 19
3695561 99.916 55 53.9 1.02 16 17
3695991 99.775 77.692 69.737 1.114 39 40
3697239 98.502 161.647 99.541 1.624 17 31
3697758 99.872 107.917 106.979 1.009 12 12
3697857 99.259 109.105 106.347 1.026 19 19
3699212 99.626 120.556 116.561 1.034 9 9
3700221 99.433 101.768 97.283 1.046 639 649
3700637 99.862 115.636 108.857 1.062 11 11
3700783 99.436 96.937 97.824 0.991 1038 1062
3701072 99.484 105.5 88.448 1.193 38 40
3701876 99.698 168.353 153.183 1.099 17 17
3702062 99.129 134.714 129.397 1.041 35 35
3705094 98.884 58.25 79.606 0.732 36 37
3705437 99.26 202.529 197.922 1.023 51 50
3706043 99.863 68.333 56.392 1.212 18 19
3706258 99.521 104.25 99.813 1.044 28 28
3706656 100 102.231 85.736 1.192 13 14
3706870 70.623 6.795 63.112 0.108 44 55
3706871 79.164 19.913 66.788 0.298 46 53
3706872 73.312 11.577 90.314 0.128 78 89
3706874 58.965 12.345 89.225 0.138 330 551
3706875 80.611 16.125 74.248 0.217 8 8
3707636 91.343 15.636 104.983 0.149 11 12
3707639 99.451 155.738 177.406 0.878 489 500
3707687 95.032 18.721 92.112 0.203 61 110
3708317 100 115 94.209 1.221 4 4
3708521 99.911 112.222 101.934 1.101 9 9
3709319 79.313 90.056 101.266 0.889 18 18
3709533 65.211 12.542 64.816 0.193 24 31
3709539 83.5 27.656 97.202 0.285 32 37
3709541 86.188 43.367 75.361 0.575 30 36
3709542 99.494 72.056 87.361 0.825 18 27
3709586 90.646 7.728 85.47 0.09 496 834
3709588 90.824 6.459 85.002 0.076 362 806
3709729 90.033 25.929 105.944 0.245 14 25
3709731 94.375 50.125 124.948 0.401 8 15
3709735 78.501 5.706 96.885 0.059 17 68
3710359 100 10.2 118.418 0.086 5 5
3710371 91.496 5.714 79.768 0.072 14 17
3710372 92.262 5.5 86.955 0.063 14 21
3710373 88.882 5 103.999 0.048 17 23
3713702 99.7 95.63 95.661 1 46 46
3714132 100 38.444 102.174 0.376 9 47
3714135 92.754 9.965 82.266 0.121 85 364
3715450 99.676 80.836 86.509 0.934 61 61
3715535 100 142.5 141.923 1.004 6 6
3715770 99.571 73.906 92.873 0.796 32 32
3715963 99.995 254.8 123.139 2.069 15 14
3715972 99.692 83.71 97.543 0.858 62 65
3716427 99.211 75.533 87.728 0.861 15 15
3716634 99.861 71.188 72.49 0.982 16 16
3717038 99.523 101.304 84.306 1.202 23 24
3717841 99.835 73.167 84.16 0.869 6 6
3718304 98.637 103.4 97.185 1.064 30 30
3718360 99.954 105.545 90.06 1.172 22 23
3719374 99.78 70.333 76.637 0.918 6 6
3719987 97.456 56.333 78.101 0.721 9 9
3720015 78.154 15.292 88.317 0.173 24 25
3720018 85.675 9.13 70.108 0.13 23 23
3720021 77.302 6.302 78.956 0.08 43 43
3720030 66.334 28.478 197.915 0.144 46 62
3720036 80.289 23.333 83.584 0.279 9 9
3720045 75.19 4.7 89.329 0.053 10 11
3720046 74.327 6 79.546 0.075 12 15
3720182 98.594 31.951 62.346 0.512 123 140
3720512 99.926 152.938 116.064 1.318 16 16
3721221 99.291 99.034 84.496 1.172 59 61
3721244 99.34 99.308 94.673 1.049 39 40
3722466 99.767 118 98.084 1.203 12 14
3722620 99.1 112.613 97.74 1.152 310 312
3723779 100 106.286 113.695 0.935 7 7
3723994 99.358 67.5 69.762 0.968 4 5
3725193 99.901 80.091 77.485 1.034 11 11
3725284 99.719 126.375 142.203 0.889 8 7
3725523 99.254 113.439 103.974 1.091 114 115
3725744 99.733 178 168.715 1.055 10 11
3725815 71.314 5.8 63.844 0.091 10 13
3725858 87.959 6.286 75.698 0.083 7 7
3725859 85.045 7.364 62.717 0.117 11 12
3725864 73.498 5.615 46.157 0.122 13 14
3725865 68.789 9.077 47.15 0.193 13 14
3725888 47.959 25.045 157.773 0.159 88 153
3725890 92.82 22.5 75.187 0.299 6 7
3743656 100 15.5 104.408 0.148 2 2
37488 98.842 109 107.974 1.01 12 12
375714 98.742 153.567 130.555 1.176 30 30
376579 99.333 77.833 76.7 1.015 6 6
3767136 80.04 23.778 72.042 0.33 9 10
3767264 99.141 84.2 71.764 1.173 15 14
376774 98.278 72.182 86.376 0.836 11 11
3769404 99.638 97.444 91.87 1.061 18 18
3769440 98.926 158.25 163.292 0.969 24 25
3770722 98.324 110.5 79.972 1.382 10 10
3770733 99.397 113.673 97.974 1.16 49 52
3770762 99.845 76.267 68.862 1.108 15 15
377175 99.9 154.156 114.276 1.349 32 32
3772098 92.889 4.078 89.702 0.045 90 426
3772099 92.406 4.603 90.694 0.051 63 421
3772100 96.472 32 117.046 0.273 6 44
3772154 100 4.125 91.464 0.045 8 125
3772155 87.635 4.516 90.369 0.05 31 509
3772784 99.408 116.877 105.709 1.106 81 84
377302 99.52 134.741 109.029 1.236 316 312
3774241 96.561 95.08 93.976 1.012 25 27
3774261 99.059 112.33 109.446 1.026 109 109
3774291 94.566 90.148 91.392 0.986 54 54
3774334 96.927 90.286 85.363 1.058 7 7
3774487 98.28 58 44.261 1.31 1 2
3774499 100 62.8 61.205 1.026 5 5
3775117 99.875 219.615 214.246 1.025 13 13
3775177 99.167 68.3 79.245 0.862 10 10
3775444 99.866 145.429 149.522 0.973 14 15
377714 97.75 141 140.865 1.001 5 5
3777462 81.35 15.4 62.52 0.246 5 5
3777580 98.249 83.9 79.685 1.053 10 10
3777883 99.789 162.062 140.098 1.157 16 17
3780964 99.477 95.476 82.392 1.159 21 21
3781136 99.687 95.667 77.117 1.241 15 15
3781406 99.926 100.714 90.992 1.107 7 7
378151 100 91.75 83.169 1.103 12 12
3782408 92.772 8.513 115.434 0.074 189 297
3783508 99.284 179.983 162.224 1.109 58 58
3783664 99.599 64.762 77.276 0.838 21 22
3783703 79.571 32.5 85.401 0.381 8 8
378404 99.947 73.167 63.281 1.156 18 18
3784167 99.732 102.143 101.704 1.004 28 28
3784320 74.86 14.333 202.106 0.071 6 6
3784600 99.653 104.143 80.288 1.297 7 7
3784768 99.589 120.439 86.547 1.392 98 100
3784787 99.821 115.703 86.058 1.344 74 75
3784789 99.097 135.404 104.137 1.3 47 48
3784808 99.572 141.722 110.623 1.281 237 241
3784825 99.609 115.286 123.326 0.935 21 23
3784853 98.787 129.25 99.338 1.301 12 14
3785191 99.932 110.667 98.2 1.127 6 6
3786073 99.006 114.163 99.041 1.153 288 289
3786190 98.169 109.75 114.246 0.961 8 8
3786992 99.612 86.5 93.659 0.924 12 12
378795 99.917 100.978 90.781 1.112 46 46
3788076 99.796 71.429 76.627 0.932 14 14
3788731 99.82 71 87.294 0.813 10 10
378874 99.502 135.077 127.949 1.056 39 39
3788834 80.146 8.5 38.3 0.222 8 8
3788837 69.413 15.1 93.69 0.161 10 10
3789697 100 90 82.867 1.086 8 9
3790118 99.661 167.111 141.928 1.177 18 19
3790246 99.759 109.125 90.1 1.211 8 9
3790666 58.23 24.071 91.1 0.264 28 29
3790902 73.792 6.794 86.292 0.079 34 92
3791391 99.896 115.5 112.853 1.023 18 18
3792049 99.707 70 55.445 1.263 15 15
3792571 99.867 236.765 91.498 2.588 17 17
3792858 100 132.667 99.983 1.327 6 6
3793102 99.717 131.867 82.935 1.59 15 15
3793227 99.473 150.857 103.127 1.463 21 21
3793573 99.765 108 72.251 1.495 17 17
37938 84.26 6.708 86.32 0.078 65 230
3793903 64.243 5.857 39.269 0.149 14 15
3793910 82.576 4.091 41.438 0.099 11 16
3793911 88.521 78.473 79.252 0.99 55 61
3794130 99.718 79.321 66.443 1.194 28 28
3794836 98.397 138.467 143.953 0.962 15 18
3796565 99.923 115.714 133.207 0.869 7 7
3796692 80.207 13.333 101.031 0.132 15 16
3796753 72.878 5.273 90.402 0.058 11 11
3797282 100 73.5 64.374 1.142 6 6
3797284 99.924 104.824 82.721 1.267 17 17
3797425 99.893 105 85.045 1.235 7 8
3797651 54.084 10.818 107.771 0.1 44 55
3797653 80.585 31 93.625 0.331 12 12
3798062 99.351 122.239 99.672 1.226 314 319
3798212 98.712 155.815 137.722 1.131 135 140
3798416 86.946 4.917 87.367 0.056 24 85
3798544 99.565 117.778 83.047 1.418 18 19
3799116 99.416 116.751 89.15 1.31 1498 1524
3800007 96.876 73.286 112.936 0.649 14 14
380081 99.964 200.778 176.661 1.137 9 9
3801618 99.49 86.163 94.622 0.911 479 491
380190 99.947 168.4 134.201 1.255 15 14
380234 99.393 59.083 52.024 1.136 12 12
3804562 99.564 60.219 66.38 0.907 32 32
3805675 99.566 118.75 109.652 1.083 8 8
3805867 99.187 136.5 117.99 1.157 6 6
3806314 99.709 83.035 90.901 0.913 115 118
3806364 99.865 80.182 105.251 0.762 22 22
3807432 99.794 163.444 126.427 1.293 9 9
3807848 99.674 134.8 103.469 1.303 10 11
3810485 99.742 63.538 88.65 0.717 13 14
3811327 99.677 84.776 99.121 0.855 1874 1905
3811627 99.915 90.632 87.318 1.038 19 20
3811657 99.603 115.611 96.668 1.196 18 18
3811661 99.764 81.571 87.741 0.93 28 29
3811666 99.398 103.456 96.608 1.071 68 68
3811667 99.436 85.029 80.062 1.062 34 36
3811678 99.831 74.808 85.369 0.876 52 53
3811998 99.494 85.647 72.161 1.187 17 17
381212 99.221 98.583 81.434 1.211 12 12
3813044 99.442 98.417 98.605 0.998 12 12
3815249 99.952 82.657 84.297 0.981 35 36
3817568 96.765 143.833 127.677 1.127 6 7
3817858 99.602 96.769 105.228 0.92 13 13
3817998 99.588 77.846 95.958 0.811 13 13
3818172 99.857 102.333 95.159 1.075 15 16
3819109 99.055 161.545 140.056 1.153 11 11
3819613 99.687 95.196 79.529 1.197 230 231
3819634 99.762 86 80.343 1.07 11 12
3819799 99.303 174.8 141.88 1.232 15 15
3819843 99.511 78.877 70.917 1.112 106 107
3820066 75.252 7.253 94.27 0.077 198 335
3820369 82.2 20.308 79.07 0.257 13 13
3820985 99.955 119.8 94.329 1.27 15 15
3822047 96.023 65.632 72.359 0.907 19 27
3823820 99.619 75.505 74.325 1.016 208 211
3823846 98.732 91.5 84.637 1.081 16 16
3823862 99.38 91.55 91.365 1.002 331 337
3823882 98.812 120.302 102.985 1.168 139 141
3824746 99.323 159.733 136.763 1.168 15 15
3825003 99.395 99.625 82.865 1.202 80 83
3825004 99.418 100.468 82.881 1.212 79 82
3825265 99.666 123.286 117.347 1.051 14 14
3825296 98.29 110.6 99.086 1.116 5 5
3826251 99.803 131.1 119.439 1.098 20 20
3826501 99.051 129.396 114.327 1.132 3311 3355
3828828 99.247 137.688 128.695 1.07 32 32
3829152 99.41 84.666 99.137 0.854 3139 3300
3829770 99.682 101.097 97.679 1.035 2320 2275
3830056 99.704 54.41 57.028 0.954 39 40
3830254 99.133 89.85 89.907 0.999 20 22
3830775 99.561 75.867 84.634 0.896 15 16
3831621 99.761 60.247 53.828 1.119 1500 1561
3833132 99.531 169.317 154.586 1.095 63 63
3833672 99.588 77.6 73.689 1.053 15 15
383383 99.558 81.994 83.252 0.985 160 160
3833963 98.649 73.724 94.344 0.781 294 314
3834580 100 139.4 150.725 0.925 10 11
3834630 99.357 112.833 94.068 1.199 144 144
3834633 99.729 103.958 92.962 1.118 24 24
3834641 99.794 130.353 105.037 1.241 17 17
3834658 99.433 102.299 86.435 1.184 435 442
3834666 99.573 134.455 117.666 1.143 11 11
3834667 94.494 19.061 88.422 0.216 33 34
3836868 99.604 72 59.746 1.205 8 8
383716 99.537 91.227 109.027 0.837 2606 2646
3837380 99.503 101.582 83.257 1.22 55 58
383739 97.983 6.467 78.839 0.082 15 25
3837490 98.459 78.071 74.147 1.053 14 14
383831 66.311 60.721 174.452 0.348 68 68
3838413 99.701 66.333 82.322 0.806 33 33
3838589 99.902 249.75 213.743 1.168 4 4
3838643 99.79 101 93.869 1.076 63 67
3838729 99.802 84.333 83.417 1.011 12 12
3838805 100 87.214 78.208 1.115 14 14
3838871 99.866 120.976 104.083 1.162 1434 1374
3839645 99.552 104.009 99.765 1.043 233 234
3840225 100 132.7 106.245 1.249 10 10
3840231 98.873 103.75 110.936 0.935 16 17
3840258 97.469 106.364 99.054 1.074 11 11
3840259 93.428 99.895 89.574 1.115 95 97
3840391 99.059 100.536 90.607 1.11 56 60
3840393 97.871 144.302 125.386 1.151 96 96
3840952 98.634 98.042 90.571 1.082 71 75
3841083 99.47 95.325 95.645 0.997 883 907
3841356 96.483 105.291 84.041 1.253 117 122
3841362 94.298 124.246 102.307 1.214 57 58
3841403 98.865 127.875 97.232 1.315 16 17
3841405 95.363 86.667 76.359 1.135 12 12
3841409 97.471 139.909 116.177 1.204 44 45
3841546 97.595 27.155 94.449 0.288 187 194
3841568 90.701 7.811 90.206 0.087 90 170
3841574 87.757 6.889 103.173 0.067 54 167
3841578 90.994 13.735 98.506 0.139 34 182
384285 99.936 84.133 75.42 1.116 15 15
3849290 72.894 64.792 90.759 0.714 24 26
3850759 89.848 4.545 91.683 0.05 11 102
3850761 84.459 5.183 81.575 0.064 60 321
3850762 84.342 16.012 83.706 0.191 86 277
3851872 75.682 16 100.247 0.16 44 44
3851874 97.5 4.5 98.232 0.046 8 13
3851875 81.923 8.364 106.827 0.078 11 11
3851876 85.625 4.375 117.512 0.037 8 8
3851998 71.411 21.429 109.342 0.196 7 7
3851999 80.031 12.067 95.802 0.126 15 15
3852036 100 4.167 102.412 0.041 6 10
3852037 97.5 5.3 116.794 0.045 10 13
3852422 99.733 85.297 87.336 0.977 37 38
385275 69.943 5.102 94.675 0.054 49 233
3853496 99.729 118.444 112.526 1.053 9 10
3854508 99.485 163.217 140.993 1.158 23 23
3854517 99.568 204.625 189.103 1.082 16 16
3856681 98.452 93.855 95.838 0.979 76 78
3856809 99.286 80.341 78.011 1.03 44 46
3857092 100 73.429 68.489 1.072 7 7
3857281 99.494 92.091 88.15 1.045 11 11
3857492 98.764 121.429 115.22 1.054 7 7
3857501 99.717 107 92.259 1.16 26 27
3858104 96.688 101.889 82.998 1.228 9 10
3858180 96.605 66 146.725 0.45 10 10
3858208 99.363 102.533 125.669 0.816 15 17
3858418 90.68 16.143 113.017 0.143 7 8
3858732 78.646 13.737 71.298 0.193 19 21
3859784 98.094 86.259 88.977 0.969 27 27
3861373 99.439 82 65.829 1.246 8 8
3862165 99.487 94.816 103.99 0.912 49 49
3862553 99.4 63.342 97.083 0.652 468 474
3863061 99.774 91.267 104.653 0.872 15 15
3863227 99.541 116.725 107.165 1.089 541 548
386335 77.569 7.146 122.428 0.058 103 269
3863529 99.518 67.333 80.528 0.836 12 12
3863681 99.328 111.915 114.339 0.979 3304 3354
386400 69.637 8.324 126.297 0.066 34 274
386401 90.218 5.302 122.305 0.043 43 305
386402 73.583 11.593 148.29 0.078 59 108
3864755 99.375 97.228 86.92 1.119 57 57
3865254 99.712 109.426 114.15 0.959 47 48
3865601 98.621 89.056 89.258 0.998 107 108
3865620 97.923 108.4 100.515 1.078 10 11
3866927 56.577 6.686 80.574 0.083 121 526
3866929 76.883 7.053 81.184 0.087 114 346
3866933 86.951 5.019 81.196 0.062 104 343
3866935 84.942 6.408 81.156 0.079 76 327
3868372 99.612 78.282 76.823 1.019 124 127
386871 99.355 93.062 95.999 0.969 369 369
3868748 99.533 89.299 97.152 0.919 461 468
3869385 99.142 83 76.971 1.078 11 11
3869549 99.673 126.857 111.086 1.142 7 7
3870464 98.49 114.909 106.828 1.076 11 11
3870505 99.889 104.536 103.914 1.006 28 28
3871092 100 68.778 77.269 0.89 9 9
3871102 100 94.333 72.9 1.294 3 3
3871199 100 103.143 97.766 1.055 7 7
3871912 99.26 73.134 74.705 0.979 67 69
3872117 99.879 123.667 125.043 0.989 9 9
3872866 99.731 110.75 112.798 0.982 12 12
3873066 99.688 80.325 75.281 1.067 83 83
3873525 78.144 15.619 86.722 0.18 42 44
3873541 76.397 12.074 96.415 0.125 95 98
3873542 82.536 14.12 92.977 0.152 100 168
3873547 99.504 59.703 74.217 0.804 37 39
3873835 99.776 65.625 73.387 0.894 8 8
3874206 99.444 119.465 116.591 1.025 2815 2858
3874652 99.808 116.737 108.034 1.081 19 20
3874697 99.403 101.938 89.954 1.133 16 15
3874866 100 91.5 85.033 1.076 8 8
3876419 97.942 72.556 67.077 1.082 9 9
3876676 99.31 79.478 86.313 0.921 92 92
3876886 98.253 144 127.091 1.133 7 8
3876916 100 9.833 100.522 0.098 6 6
3876921 92.803 11.167 100.522 0.111 6 6
3877588 99.893 91.125 77.956 1.169 16 17
3877750 98.416 100.097 96.873 1.033 31 31
3877759 99.189 140.143 120.601 1.162 7 7
3877939 97.283 99.521 92.661 1.074 48 48
3877949 99.01 103.747 94.473 1.098 328 342
3877956 99.728 94.755 86.057 1.101 208 209
3877960 98.943 105.601 96.909 1.09 213 216
3877963 99.015 92.327 81.492 1.133 52 55
3877964 99.291 86.161 82.684 1.042 31 31
3877967 99.646 119.939 121.056 0.991 114 114
3877969 99.228 75.169 71.161 1.056 59 59
3878051 99.251 102.477 91.398 1.121 88 88
3878417 98.864 88.859 102.401 0.868 85 85
3878653 93.151 34.176 41.39 0.826 17 17
3879392 99.169 98.714 92.226 1.07 7 7
3879425 99.154 162.647 162.945 0.998 17 17
3879590 99.19 166.833 164.614 1.013 6 6
3880239 79.375 4.125 25.144 0.164 8 8
3880243 78.67 6.667 19.667 0.339 9 10
3880340 99.761 102.75 112.137 0.916 16 17
3880778 99.454 94.905 83.711 1.134 42 45
3880780 99.872 51.455 52.187 0.986 11 11
3880784 99.576 100.462 96.955 1.036 13 13
3880790 99.484 71.615 63.288 1.132 13 13
3880871 99.803 104.917 88.344 1.188 12 13
3881176 97.252 117.538 107.88 1.09 13 12
3882106 99.673 74.765 61.958 1.207 17 18
3883178 99.57 127.21 108.149 1.176 2757 2800
3883179 99.53 140.609 129.862 1.083 23 24
3883504 73.265 18.229 108.616 0.168 105 250
3887002 99.638 96.783 95.453 1.014 23 24
3889560 98.753 98.333 99.067 0.993 9 9
3890216 99.934 104.789 96.095 1.09 19 20
3892737 99.015 132.183 100.553 1.315 93 94
3892758 99.025 170.492 136.218 1.252 126 128
3893613 99.408 88.138 71.805 1.227 29 29
3893918 99.133 81.516 76.895 1.06 31 31
3896078 98.57 117.429 113.689 1.033 21 21
3896648 99.867 101.316 89.892 1.127 19 19
38975 95.677 35.625 54.59 0.653 8 8
38978 98.834 60.229 91.188 0.66 48 48
38979 97.978 51.045 87.51 0.583 44 44
38981 95.436 48.543 83.606 0.581 46 46
3898406 87.195 40.25 98.783 0.407 8 7
3898619 97.44 88.077 77.381 1.138 26 29
3898727 99.923 78.867 82.527 0.956 15 16
3898869 77.749 147.714 100.997 1.463 7 13
38992 90.914 50.111 61.028 0.821 18 18
3899953 99.728 428.929 234.715 1.827 14 13
3900189 100 79.917 70.501 1.134 12 12
3900349 99.828 139.875 124.526 1.123 24 24
39010 97.101 7.888 94.229 0.084 179 324
39014 94.326 6.938 97.898 0.071 81 258
39015 92.239 43.8 95.242 0.46 110 235
3901548 99.042 103.421 111.056 0.931 19 19
39018 81.718 8.867 113.646 0.078 15 50
39019 91.881 37.583 131.725 0.285 12 27
39020 94.276 4.087 89.977 0.045 23 221
3902062 99.549 91.326 97.979 0.932 141 147
39022 91.611 6.929 110.329 0.063 14 114
3902446 100 181.625 173.286 1.048 8 8
39026 97.345 8.038 87.938 0.091 26 204
3902654 99.473 103.343 101.909 1.014 35 35
3902770 99.473 65.818 63.338 1.039 11 11
39033 96.453 6.262 95.535 0.066 107 298
39034 97.292 6.574 95.389 0.069 108 295
39035 96.887 110.291 110.993 0.994 110 145
39036 79.284 7.351 86.809 0.085 97 270
39037 79.148 10.205 87.119 0.117 39 208
39038 95.332 8.309 88.558 0.094 97 242
3904953 99.368 98.754 97.453 1.013 65 66
3905360 72.035 63.68 169.356 0.376 50 51
3905732 99.539 80.143 82.527 0.971 7 7
3905811 99.827 81.333 79.41 1.024 18 20
3906242 99.762 127.167 119.445 1.065 6 6
3906361 99.636 122.4 127.5 0.96 5 5
39070 96.667 59.167 120.425 0.491 6 6
39071 93.906 62.714 76.598 0.819 7 7
3907225 73.447 9.675 149.127 0.065 40 94
3907226 76.994 6.854 117.762 0.058 48 123
3907416 93.651 18.429 72.127 0.256 7 10
3907535 99.035 107.821 94.024 1.147 396 399
3907563 98.698 193.621 106.897 1.811 29 28
3907632 90.844 94.864 105.729 0.897 22 22
3908071 99.088 182.333 157.42 1.158 6 6
390828 98.224 121.929 108.841 1.12 14 14
3908465 99.305 120.422 113.67 1.059 3206 3255
3908715 99.629 65.526 59.485 1.102 19 19
390894 99.678 123.222 105.979 1.163 9 9
3909555 99.947 126.214 107.975 1.169 14 14
3909589 99.687 73.2 65.257 1.122 10 10
390984 99.129 96.025 82.055 1.17 241 241
3909851 99.805 66.438 61.606 1.078 16 16
391033 99.95 101.333 97.445 1.04 9 9
3910435 95.256 112.304 83.904 1.338 23 24
3910903 100 134 104.485 1.282 11 11
3911460 100 107.667 97.94 1.099 12 12
3911491 99.484 88.667 75.679 1.172 9 9
3911748 98.973 106.564 101.803 1.047 117 119
3911749 99.037 106.778 101.803 1.049 117 119
3911804 99.292 75.75 82.012 0.924 40 42
3913187 99.657 74.941 73.94 1.014 17 19
3913247 99.447 82.5 77.356 1.066 6 7
3913518 100 76.8 62.167 1.235 10 10
3914094 99.761 77 95.638 0.805 17 18
3914383 99.172 102.9 108.734 0.946 10 10
3915539 99.372 93.346 83.579 1.117 26 26
3915548 99.842 161.7 146.035 1.107 10 11
3915836 99.756 116.104 102.535 1.132 328 335
3915986 99.738 118 111.122 1.062 96 98
3916386 99.322 127.209 113.67 1.119 3206 3255
3916780 99.894 106.522 105.217 1.012 23 23
3917327 99.579 122.609 138.954 0.882 23 23
3918349 99.166 95.581 91.226 1.048 43 45
3919028 96.876 87 83.888 1.037 5 5
3919373 99.867 124.154 106.525 1.165 13 13
3919553 99.89 233.125 202.293 1.152 8 8
3921311 98.321 105.2 102.45 1.027 15 15
3921495 98.485 78.3 107.825 0.726 10 10
3921814 99.694 59.294 67.808 0.874 17 17
3921858 100 100.375 112.624 0.891 8 8
3922347 98.948 75.8 65.56 1.156 5 5
3922671 99.621 113.312 116.188 0.975 32 32
392415 99.86 75.143 63.614 1.181 7 7
3924164 99.025 76.304 100.189 0.762 79 80
392424 98.598 98.375 84.822 1.16 8 8
3924721 99.198 97.4 94.948 1.026 35 35
3925102 99.672 76.056 74.858 1.016 18 18
3925229 99.773 97.182 95.375 1.019 66 67
392702 100 117.25 87.996 1.332 16 16
392860 97.834 89.87 108.055 0.832 54 56
3937147 99.108 72.027 73.714 0.977 224 224
3937582 100 114.667 136.695 0.839 9 9
3937703 98.99 122.435 112.413 1.089 23 23
3938248 99.019 115.087 114.778 1.003 23 24
393872 99.865 132.091 108.46 1.218 11 11
394055 97.368 125.8 87.411 1.439 5 7
394060 99.023 139.64 133.736 1.044 25 25
394066 99.752 95.667 89.693 1.067 21 21
394084 100 103.357 87.323 1.184 14 14
394093 99.657 96.857 85.278 1.136 7 7
394098 99.798 100.818 84.507 1.193 22 22
394494 99.557 99.837 93.307 1.07 166 166
3945615 99.826 108.75 103.031 1.056 8 7
3951586 99.669 80.898 82.308 0.983 59 61
3952308 99.535 117.878 108.738 1.084 2627 2665
3954274 82.143 56.935 39.519 1.441 31 32
3954276 76.03 56 33.439 1.675 25 26
3954305 99.172 62.944 99.786 0.631 36 36
3955244 99.859 97.889 101.852 0.961 9 10
3955245 99.857 93.667 101.852 0.92 9 10
395575 99.758 96.37 70.252 1.372 27 27
3956025 99.838 89.018 92.712 0.96 114 114
3956069 100 81.2 80.407 1.01 10 10
3956919 99.79 89.739 77.834 1.153 23 23
3957514 99.635 96.08 89.518 1.073 25 25
3957582 99.608 143.833 133.241 1.079 12 12
3958085 99.635 83.719 86.657 0.966 32 38
3958088 99.333 98.133 94.725 1.036 30 31
3958089 99.5 108.5 100.936 1.075 10 10
3958512 99.93 118.6 107.44 1.104 5 5
3958729 98.635 108.95 88.01 1.238 20 20
3959506 99.552 101.451 94.696 1.071 406 410
3959730 99.321 120.474 114.397 1.053 3305 3354
3960780 99.749 97.875 93.011 1.052 32 33
3961419 94.906 71.938 61.354 1.173 16 17
396147 99.755 161.636 137.731 1.174 11 11
396150 99.585 98.268 93.388 1.052 82 99
396155 99.801 123.857 86.219 1.437 7 6
396156 100 124.182 100.731 1.233 11 11
396159 99.04 132.6 128.451 1.032 10 10
396162 99.412 102.045 96.549 1.057 22 22
396180 99.495 126.725 109.636 1.156 568 566
396197 99.675 132.846 94.465 1.406 13 13
396229 98.899 79.8 65.702 1.215 30 29
396233 76.545 55.364 105.671 0.524 11 12
3962401 100 339.333 275.463 1.232 6 6
3964047 97.681 108.86 91.115 1.195 50 50
39643 99.888 106.8 110.536 0.966 10 10
3964603 100 96 87.843 1.093 12 12
396470 99.7 129.41 99.734 1.298 39 39
3964818 98.926 113.625 73.323 1.55 8 8
3964907 98.954 94.429 68.589 1.377 7 8
396494 97.624 112.867 97.193 1.161 15 15
3964978 100 136.6 131.891 1.036 5 8
3965098 99.052 96.109 80.837 1.189 55 55
3965171 99.948 128.385 65.145 1.971 26 26
3965503 98.468 93.5 93.823 0.997 6 6
3966607 99.566 100.5 91.516 1.098 16 16
3967087 93.534 9.462 87.973 0.108 52 64
3967454 99.476 83 61.878 1.341 18 18
3968618 98.445 135.84 136.204 0.997 25 25
3969086 99.726 119.312 76.587 1.558 16 16
3969128 100 120.667 91.439 1.32 6 6
3970636 99.678 108.97 100.312 1.086 134 136
397178 97.705 103.857 107.828 0.963 14 14
3972732 99.26 87.5 93.026 0.941 6 6
3972735 98.987 98.52 99.021 0.995 98 97
397275 85 9 121.888 0.074 3 3
3972889 99.689 80.692 83.167 0.97 13 14
3973911 74.882 7.722 47.387 0.163 18 18
3973919 78.678 5.158 32.984 0.156 19 21
397395 96.095 96.455 94.19 1.024 11 11
3975066 99.619 80.407 85.504 0.94 27 27
3975332 99.29 115.5 121.575 0.95 10 10
397589 100 95.333 92.536 1.03 9 9
3976595 99.618 124.297 109.057 1.14 2610 2647
3976656 99.711 112.887 106.024 1.065 97 99
397714 98.587 170.429 166.295 1.025 7 7
3977936 99.665 113.579 94.715 1.199 19 20
3979886 99.204 112.775 111.57 1.011 80 82
3980108 99.603 73.857 70.72 1.044 7 7
3980420 99.632 126.5 110.526 1.145 6 6
3980756 99.674 79.065 77.02 1.027 92 93
3981109 99.01 142.319 135.569 1.05 47 47
398189 99.217 93.286 85.992 1.085 21 21
3984168 99.437 90.322 79.852 1.131 152 154
3984464 99.864 130.375 125.529 1.039 8 8
398456 91.569 10.267 130.674 0.079 15 19
398457 97.504 14.118 119.703 0.118 17 23
398542 91.042 7.7 117.038 0.066 10 21
3985516 99.927 111.875 96.828 1.155 8 9
3985530 99.345 56.185 60.771 0.925 54 54
3987104 100 89.077 100.252 0.889 13 13
3987361 99.931 72.875 70.881 1.028 16 16
3988372 98.949 121.852 126.362 0.964 27 26
3989107 99.635 110.633 90.862 1.218 248 257
3990099 99.81 109.769 102.872 1.067 13 13
3990429 99.327 72.111 66.423 1.086 9 10
3990681 98.739 103.5 75.671 1.368 16 15
3990732 100 131.9 116.194 1.135 20 20
3993551 99.648 101.045 97.171 1.04 22 23
3995344 99.191 122.286 107.81 1.134 7 8
3995616 69.155 52.727 156.488 0.337 55 56
3995746 99.711 98.429 95.072 1.035 14 15
3996520 97.856 42.929 40.731 1.054 14 14
3997000 99.259 81.222 77.451 1.049 9 9
3999774 79.284 37.143 85.716 0.433 7 7
3999923 99.797 118.176 125.842 0.939 17 17
400145 94.085 35.316 83.092 0.425 19 24
400146 95.888 71.014 104.44 0.68 72 80
4001622 99.405 118.774 99.82 1.19 288 292
4001725 99.894 94.111 93.244 1.009 27 28
4003297 99.609 77.714 73.097 1.063 7 7
4004501 99.821 56 61.848 0.905 13 13
4006238 99.413 122.818 102.154 1.202 11 11
4006808 99.801 114.457 99.682 1.148 46 47
4006907 99.581 77.933 75.44 1.033 45 47
4007219 99.607 206.286 202.992 1.016 35 36
4007595 99.408 81.804 86.093 0.95 1355 1388
4007654 99.232 105.716 110.228 0.959 306 314
4007993 99.622 93.524 86.138 1.086 21 21
4008274 99.571 86.278 79.826 1.081 18 18
4008656 73.695 15.568 80.631 0.193 74 75
4008658 80.312 6.31 62.475 0.101 29 29
4008660 86 3.8 60.32 0.063 5 5
4008709 82.487 17.667 63.422 0.279 9 9
4008711 81.064 9.364 62.539 0.15 11 11
4008713 87.551 52.667 83.611 0.63 9 9
4008809 99.258 113.115 117.407 0.963 26 27
4008864 99.366 134.25 116.773 1.15 8 8
4012301 99.047 84.345 71.134 1.186 29 30
4012358 98.706 103.25 95.429 1.082 16 16
4012363 99.92 129.434 115.175 1.124 76 76
4012370 100 130.714 118.141 1.106 7 7
4012382 99.694 121.455 105.786 1.148 11 11
4013496 98.986 100 96.134 1.04 14 15
4013504 98.504 27.857 32.398 0.86 7 7
4015101 99.588 77.037 96.057 0.802 438 479
4015409 96.312 89 104.183 0.854 10 11
4015631 100 107.647 116.886 0.921 17 17
4015896 99.727 220.059 228.399 0.963 17 17
4016216 99.504 82.492 70.401 1.172 612 616
4016239 99.072 114.538 108.796 1.053 26 26
4016617 99.882 82.412 104.534 0.788 17 18
4018010 99.397 95.41 82.212 1.161 227 228
4018651 99.915 102.647 89.251 1.15 17 17
4018660 99.417 96.25 74.528 1.291 16 16
4018783 98.016 136.357 107.08 1.273 14 15
4020036 99.069 82.429 72.087 1.143 28 32
4020633 100 168 156.681 1.072 8 8
4021093 76.894 55.714 112.625 0.495 49 68
4021094 67.344 12.31 76.77 0.16 29 50
4021097 64.735 8.793 75.362 0.117 29 42
4021149 100 39.571 60.69 0.652 7 7
4021460 98.188 20.6 97.43 0.211 10 12
4021462 89.87 10.818 164.511 0.066 11 19
4021464 96.021 15.788 122.794 0.129 33 46
4021465 94.66 8.682 132.2 0.066 22 36
4021467 98.056 11.188 162.252 0.069 16 22
4021471 98.114 16.474 158.618 0.104 19 23
4023381 99.563 97.223 86.387 1.125 197 199
4024467 98.533 73.3 62.627 1.17 10 10
4025613 100 90.286 78.622 1.148 7 7
4027610 98.565 80.558 90.981 0.885 43 43
4027746 99.948 113.737 103.565 1.098 19 19
4027948 98.92 119.75 105.868 1.131 8 8
402884 99.697 100.571 90.047 1.117 21 21
402893 99.638 116.562 103.608 1.125 16 16
4029093 98.869 108.091 125.824 0.859 11 11
4030694 98.015 76.714 116.093 0.661 28 28
4030700 76.673 9.5 71.808 0.132 12 12
4030706 76.499 7.2 79.236 0.091 10 11
4030718 73.974 17.741 90.316 0.196 81 83
4030721 75.415 24 83.684 0.287 44 44
4030726 98.817 89.3 92.365 0.967 20 19
4031200 99.662 92.053 83.269 1.105 38 39
4033666 99.736 168.45 166.751 1.01 20 20
4033803 99.837 117.235 121.136 0.968 51 53
4034012 99.847 150.312 122.202 1.23 16 16
403406 97.742 9.768 113.409 0.086 125 156
403409 97.775 7.761 113.686 0.068 117 155
403412 96.961 7.584 121.761 0.062 89 130
403415 98.077 13.436 116.86 0.115 78 123
403421 96.468 5.359 130.495 0.041 39 73
403427 100 4.3 157.271 0.027 10 12
403430 100 4.2 142.84 0.029 5 5
4034477 99.109 88.537 83.13 1.065 160 163
403466 100 3.818 143.981 0.027 11 16
403469 98.81 3.952 134.075 0.029 21 45
403472 96.723 4.943 126.636 0.039 53 91
403475 96.839 7.447 114.845 0.065 94 130
403478 97.51 11.574 108.994 0.106 136 160
4038138 99.592 81.857 79.488 1.03 14 15
4038408 99.472 109.033 101.069 1.079 90 95
4039595 99.079 59.286 59.191 1.002 7 8
404006 99.461 150 100.547 1.492 7 7
4040945 79.698 51.906 108.627 0.478 85 85
4040947 76.125 11.864 91.735 0.129 22 25
4040948 76.932 13.727 70.903 0.194 11 12
4040954 68.133 22.037 26.882 0.82 27 27
4040955 65.29 17.5 19.775 0.885 24 24
4040956 69.379 15.88 20.662 0.769 25 25
4040957 76.745 51.525 67.424 0.764 40 40
4040961 83.22 8.306 88.285 0.094 62 63
4040966 84.975 14.219 88.823 0.16 96 182
4040970 88.31 9.2 52.93 0.174 5 5
4041113 99.287 63.895 81.769 0.781 57 57
4043441 99.64 103 97.207 1.06 8 8
4043882 99.073 113.154 102.446 1.105 52 53
4045086 93 129.833 109.712 1.183 6 6
4045285 97.455 63.077 66.07 0.955 13 15
4045860 99.686 10.273 126.285 0.081 11 11
4045943 99.363 103.889 107.268 0.969 27 27
4045965 99.208 137.933 124.933 1.104 15 17
4046494 99.907 103.857 127.395 0.815 7 7
4046738 64.433 27.333 173.054 0.158 36 47
4046893 99.619 74.75 97.949 0.763 8 8
404773 76.881 7.686 94.453 0.081 70 121
404776 67.226 7.306 90.637 0.081 36 139
4048038 97.344 93.429 98.795 0.946 14 15
4048555 99.664 118.111 129.628 0.911 9 9
4049031 99.607 128.061 104.058 1.231 33 34
4049769 99.366 94.179 94.09 1.001 39 38
4051574 99.59 119.518 106.469 1.123 85 86
405404 99.762 94.789 89.925 1.054 289 289
4054053 99.469 118.364 104.141 1.137 22 23
4054054 100 60.222 51.694 1.165 9 10
4054331 99.674 120.988 94.533 1.28 323 329
4054966 99.477 121.35 116.278 1.044 20 20
4054984 100 109.167 92.361 1.182 6 6
4055197 98.106 81 79.014 1.025 8 9
4055302 99.872 109 115.802 0.941 6 6
4055303 99.834 98.7 91.662 1.077 20 20
4055304 99.391 112.176 109.317 1.026 17 17
4055333 94.582 91 93.989 0.968 5 5
4055784 98.728 77.095 64.032 1.204 21 21
4055862 99.185 119.341 102.863 1.16 41 42
4055962 99.511 111.772 105.35 1.061 1012 2036
4056280 91.152 87.556 80.163 1.092 9 9
4056282 89.563 90.333 83.296 1.084 9 9
4056284 91.484 91.958 101.105 0.91 24 24
4056285 88.072 92.077 108.131 0.852 26 26
4056286 90.836 109.613 113.712 0.964 31 32
4056287 88.948 55.182 85.103 0.648 11 11
4056342 97.15 93.294 85.906 1.086 34 36
4056343 98.117 113.733 95.089 1.196 30 31
4056379 99.445 125.091 90.108 1.388 11 11
4056383 99.965 95.257 88.742 1.073 35 37
4056393 100 106 83.182 1.274 9 9
4056410 99.958 152.333 100.8 1.511 6 6
4056438 99.862 88.9 69.897 1.272 10 10
4056441 98.843 82.938 75.448 1.099 32 33
4056453 99.702 74.538 78.953 0.944 13 13
4056799 70.492 7.778 55.624 0.14 18 26
4056804 87.54 76.444 95.794 0.798 18 18
4057181 99.369 98.15 83.85 1.171 20 20
4057190 99.272 122.913 95.897 1.282 173 173
4057194 99.929 151.714 138.663 1.094 14 16
4057196 99.428 172.704 155.177 1.113 81 90
4057222 97.907 102.25 94.981 1.077 12 12
4057271 99.807 260.806 220.128 1.185 31 30
4057343 99.207 115.778 92.15 1.256 18 18
4057367 99.553 163.558 146.515 1.116 52 53
4057391 99.597 36.956 27.06 1.366 114 120
4057402 99.802 29.176 34.735 0.84 68 68
4059143 99.635 108.208 108.993 0.993 2606 2645
4059210 99.927 80 78.951 1.013 12 12
4059213 99.606 93.022 80.853 1.151 46 46
406162 79.105 25.5 68.242 0.374 58 58
406197 98.863 122.333 107.148 1.142 9 9
4062221 99.445 94.745 79.978 1.185 267 274
4062261 98.826 136.286 100.346 1.358 14 14
4062342 99.406 140.583 101.58 1.384 36 38
4062343 98.48 140.366 135.726 1.034 41 42
4062391 99.179 131 106.342 1.232 30 30
4062437 99.503 112.219 99.662 1.126 32 32
4062447 99.585 124.068 96.825 1.281 88 90
4062530 85.354 33 71.344 0.463 16 32
4062835 99.646 91.538 76.301 1.2 13 14
4063311 99.95 100.387 82.191 1.221 31 31
4064855 99.521 77.094 87.625 0.88 170 174
4066773 99.577 81.902 81.787 1.001 338 341
4066925 99.287 173.111 165.752 1.044 18 17
4068928 99.492 94.817 97.77 0.97 1052 1078
4069073 99.633 89.421 92.329 0.968 19 19
4069485 99.943 131.667 119.962 1.098 6 6
407 83.105 220.154 109.716 2.007 13 11
4071932 99.613 56.818 57.211 0.993 11 11
4072002 74.469 15.7 82.055 0.191 20 20
4073679 99.678 83.25 80.463 1.035 12 12
4073871 99.047 86 81.422 1.056 149 150
4074302 97.992 87.303 90.092 0.969 33 35
4074422 99.968 112.133 111.42 1.006 15 15
4074539 99.789 148.412 135.925 1.092 17 18
4075298 99.019 107.553 97.364 1.105 38 38
4075307 97.59 98 93.43 1.049 11 11
4075422 99.165 117.293 108.934 1.077 2670 2712
4076262 99.87 126.576 143.552 0.882 33 33
4076475 71.652 6.895 61.976 0.111 38 66
40768 98.534 284.176 269.857 1.053 17 17
4079936 76.185 54.407 11.88 4.58 27 27
4079937 78.45 63.449 27.097 2.342 49 50
4081707 97.849 118.182 123.61 0.956 11 12
4082360 99.46 117.28 108.6 1.08 25 25
4082445 99.895 56.5 68.322 0.827 10 10
4083032 99.03 128.279 122.906 1.044 43 44
4083347 83 5.4 53.758 0.1 10 10
4083360 96.414 119.25 141.461 0.843 8 8
4083452 97.953 101 90.22 1.119 16 16
4083491 99.652 144 133.13 1.082 8 8
4083584 99.056 82 75.641 1.084 9 9
4083711 99.724 85.259 79.597 1.071 27 28
408382 99.272 85.893 98.358 0.873 56 56
4084001 99.881 157.875 156.339 1.01 8 8
4084010 98.968 66.6 59.032 1.128 5 5
4084259 98.432 141.714 122.613 1.156 14 14
4084380 97.378 160.5 148.435 1.081 6 6
4085107 99.022 91.192 101.12 0.902 286 287
4085515 99.552 85.789 83.227 1.031 19 19
4085704 99.763 152.831 147.967 1.033 59 59
4086019 98.062 145.111 110.53 1.313 9 9
408723 98.454 68.909 96.108 0.717 22 22
4088270 87.454 40.211 143.127 0.281 109 110
4088287 74.247 34.917 41.336 0.845 12 12
4088288 78.022 34.75 41.336 0.841 12 12
4088307 94.929 37.556 66.286 0.567 18 19
4088320 99.637 75.667 91.105 0.831 18 18
4088339 99.558 84.537 91.252 0.926 162 167
4088346 99.93 101.444 94.274 1.076 27 27
4088394 99.134 101.04 95.681 1.056 25 25
4088411 99.264 73.143 78.071 0.937 28 29
4088497 98.993 65.364 63.697 1.026 242 252
4088526 98.022 92.794 84.903 1.093 136 139
4088528 98.248 80.952 75.831 1.068 21 23
4088542 99.821 56 66.398 0.843 10 10
4088543 98.378 97.569 94.799 1.029 58 61
4088550 99.724 108.632 100.872 1.077 19 20
4088551 99.366 125.628 107.765 1.166 43 43
4088569 98.754 78.867 76.703 1.028 83 84
4088576 99.57 76.75 82.612 0.929 12 12
4088578 98.334 106.953 112.502 0.951 64 64
4088583 98.351 73.824 76.468 0.965 17 18
4088584 99.362 116.962 122.515 0.955 26 26
4088599 99.178 120.28 122.771 0.98 143 149
4088607 99.38 80.083 82.714 0.968 12 12
4088617 98.266 102 100.915 1.011 17 17
4088620 97.725 73.25 67.357 1.087 8 8
4088621 99.353 110.536 103.135 1.072 28 28
4088649 99.67 103.211 104.416 0.988 19 19
4088654 98.857 99.818 107.994 0.924 11 11
4088677 98.995 85.455 67.757 1.261 11 11
4088681 99.483 93.045 98.102 0.948 22 22
4088682 98.452 83.68 93.796 0.892 25 25
4088686 99.754 94.64 89.796 1.054 394 399
4088691 99.672 98.588 105.398 0.935 17 17
4088695 98.954 67.613 82.896 0.816 31 31
4088706 99.929 123.786 112.391 1.101 14 14
4088707 100 102.667 94.512 1.086 6 6
4088717 99.189 136.533 127.579 1.07 15 16
4088719 99.482 103.905 100.858 1.03 21 22
4088833 98.895 77.068 91.199 0.845 74 74
4088987 99.93 98.033 105.522 0.929 30 32
4089547 99.458 139 134.658 1.032 15 16
4090117 97.847 81 76.167 1.063 18 19
4090148 99.821 105.783 108.05 0.979 23 23
4091889 99.894 78 80.093 0.974 9 9
4091898 99.303 114.878 84.825 1.354 98 102
4092616 99.605 148.648 134.274 1.107 91 94
4094541 79.098 9.5 96.497 0.098 8 11
4094626 75.399 6.714 66.764 0.101 7 10
4094627 71.782 13.824 104.467 0.132 17 21
4094694 99.724 83.391 94.302 0.884 46 46
4094713 99.471 66.484 94.627 0.703 190 194
4094798 99.8 120.143 141.353 0.85 21 22
4094989 74.912 30 183.94 0.163 10 10
4095003 78.558 5.75 43.599 0.132 8 8
4095014 78.967 55.48 154.771 0.358 25 25
4095205 99.385 113.933 96.446 1.181 15 16
4096926 99.302 135.167 123.255 1.097 12 12
4096937 99.01 68 64.397 1.056 4 4
4099000 98.148 6.778 86.16 0.079 9 13
4099403 99.488 110.545 90.604 1.22 11 11
4100746 99.785 83.875 85.872 0.977 8 8
410079 92.188 18.25 19.51 0.935 8 8
4100807 99.86 62.667 60.779 1.031 12 12
4101588 98.675 120.846 156.345 0.773 13 13
4102095 99.567 69.13 81.448 0.849 23 23
4102113 65.716 12.608 94.478 0.133 51 59
410212 100 120.625 138.834 0.869 8 8
4102233 99.642 103.055 101.869 1.012 110 112
410280 93.09 60.476 91.18 0.663 42 42
4102929 99.634 92.541 91.13 1.015 784 798
4103541 99.8 89.4 88.117 1.015 5 6
4104301 99.265 142.971 122.237 1.17 102 107
4107821 99.676 92 95.147 0.967 18 19
4107964 98.449 137.25 137.745 0.996 8 8
4109188 99.561 90.372 83.857 1.078 94 95
4109342 99.432 122.839 110.259 1.114 2434 2473
411006 99.277 96.9 92.378 1.049 10 10
411009 99.501 81.929 71.421 1.147 14 14
4110341 99.191 152.571 130.919 1.165 7 8
4110494 98.343 212.833 207.911 1.024 12 11
4110709 88.701 9.82 100.772 0.097 194 321
4110710 86.936 7.983 99.935 0.08 175 310
4110711 87.997 5.818 93.876 0.062 132 267
4110714 93.06 4.789 95.067 0.05 38 222
4110717 100 11.167 88.705 0.126 6 67
4110723 100 4.2 81.304 0.052 10 101
4110726 90.013 6.2 104.768 0.059 65 253
4110727 92.323 5.62 103.425 0.054 108 274
4112517 98.577 102.392 101.716 1.007 130 130
411287 91.859 41.524 100.542 0.413 21 23
4113487 99.9 116.346 114.261 1.018 26 26
411367 98.085 55.818 52.204 1.069 11 11
4114216 99.617 42.091 57.61 0.731 11 11
4114749 99.411 116.207 113.405 1.025 890 913
4114964 98.123 196.405 130.664 1.503 79 81
4115058 97.453 43.206 117.293 0.368 34 46
4116610 99.487 126.603 118.283 1.07 5847 5908
4116615 99.918 64 60.334 1.061 13 13
411667 99.596 90.182 78.382 1.151 11 11
4116769 99.475 88.261 86.797 1.017 23 24
411821 99.427 74.042 77.813 0.952 72 83
4118416 99.905 94.545 79.642 1.187 11 11
4118929 99.72 115.827 130.581 0.887 75 75
4119090 99.763 104.022 101.664 1.023 92 92
4119243 97.344 94.5 99.086 0.954 8 8
4119300 99.716 94.071 86.82 1.084 14 14
4119518 99.874 88.375 85.382 1.035 40 40
4121413 99.3 111.2 84.162 1.321 25 24
4121494 98.879 120.077 96.56 1.244 13 13
4121708 94.067 59.5 63.632 0.935 10 11
4122051 100 63.8 71.678 0.89 10 10
4122750 99.318 80.3 76.377 1.051 20 20
4122821 100 93.727 89.02 1.053 11 11
4122914 99.39 101.407 82.571 1.228 91 91
4123325 99.718 95.9 98.426 0.974 2239 2268
4123770 99.517 91.155 109.002 0.836 2594 2644
4125394 99.718 117.667 119.122 0.988 18 18
4125795 99.881 78.059 74.457 1.048 17 18
4125800 99.788 218.917 195.336 1.121 12 12
4125813 98.077 55.231 48.874 1.13 13 14
4126299 99.879 78.818 91.841 0.858 11 11
4126752 98.581 111.867 113.178 0.988 15 15
4126779 98.332 107.966 104.709 1.031 29 28
4127023 99.837 129.238 113.718 1.136 21 21
4127062 99.58 89.444 82.022 1.09 9 9
4128547 100 40 127.512 0.314 5 6
4128664 99.139 140.217 139.764 1.003 69 70
4129072 99.872 111.8 110.646 1.01 10 11
4129112 99.964 69.619 75.314 0.924 21 21
4129119 100 107.222 120.091 0.893 9 9
4129255 99.223 136.5 124.059 1.1 10 10
4130524 99.402 70.7 80.934 0.874 30 30
4130664 90.489 15.31 145.099 0.106 29 34
4130665 88.518 16.167 146.557 0.11 24 28
4130676 90.747 52.375 114.002 0.459 24 24
4130682 97.549 62.083 87.833 0.707 72 77
4130683 97.796 60.468 85.54 0.707 79 84
4130694 78.601 20.656 107.686 0.192 128 148
4131477 99.569 72.538 75.814 0.957 13 13
4131484 99.379 87.385 95.315 0.917 26 26
4131580 99.654 101.198 94.563 1.07 101 102
4131622 99.107 100.636 101.333 0.993 11 11
4131858 99.968 119.615 104.197 1.148 13 13
4132105 86.705 21.933 76.831 0.285 15 14
4133475 99.141 102.889 100.91 1.02 9 9
4133829 81.192 181.833 48.975 3.713 6 6
4134322 99.391 72.021 72.678 0.991 96 98
4134907 98.876 114.154 105.148 1.086 13 13
4135112 99.907 71.667 58.214 1.231 6 7
4135319 72.76 14.429 78.733 0.183 21 21
4135322 87.714 26.889 69.826 0.385 9 9
4135356 71.478 11 71.579 0.154 80 82
4137210 99.101 61.571 47.36 1.3 7 7
4137732 99.666 103.22 110.097 0.938 50 50
4137829 99.462 126.555 118.754 1.066 5943 6011
413807 99.479 127.842 122.631 1.042 19 19
4138812 97.753 77.278 75.405 1.025 18 18
4138929 94.736 61.091 63.512 0.962 11 11
4139191 87.43 10.091 53.936 0.187 11 15
4139669 97.492 186.333 185.577 1.004 9 11
413972 98.915 164.125 153.903 1.066 8 8
4139781 82.35 45.333 39.249 1.155 9 9
4140771 98.878 103.908 83.701 1.241 76 79
4142063 99.62 183.556 153.903 1.193 828 844
4142761 100 98.333 96.757 1.016 6 7
4144376 99.351 91 84.243 1.08 24 24
4144746 97.853 115.133 116.074 0.992 15 15
4144779 98.333 117.214 105.037 1.116 42 43
4146220 99.5 150.588 151.501 0.994 17 17
4146555 99.484 88.037 91.67 0.96 27 27
4146795 98.784 75.578 76.619 0.986 45 45
4148082 100 72.6 88.231 0.823 10 11
4148711 99.029 73.118 78.077 0.936 17 19
4148923 99.898 83.179 83.895 0.991 56 58
4149044 99.195 72.672 86.361 0.841 238 242
4149045 99.32 73.409 92.31 0.795 22 22
4149059 99.359 101.692 104.606 0.972 13 14
4149071 99.478 73.438 105.051 0.699 96 96
4149148 62.302 17.79 139.785 0.127 81 118
4149376 99.859 69.8 89.087 0.784 10 10
4149474 99.691 67.023 86.281 0.777 43 43
4149534 99.425 71.333 88.932 0.802 12 12
41501 98.454 103.511 86.298 1.199 47 47
4150567 99.333 88.981 84.22 1.057 216 220
4150819 99.407 84.142 89.994 0.935 197 201
4151128 97.78 78.909 83.889 0.941 11 11
4151550 99.575 72.632 78.588 0.924 19 19
4151657 97.83 64.667 64.639 1 9 9
4151855 96.667 94.5 77.371 1.221 6 6
4152439 99.77 135.609 128.62 1.054 23 23
4153355 99.877 71 78.165 0.908 6 7
4153655 99.419 142.7 108.345 1.317 10 11
4153940 99.561 96.263 92.589 1.04 19 19
4154414 99.925 91.443 91.542 0.999 395 400
4154849 99.287 171.977 159.382 1.079 43 43
4154895 98.854 95.426 87.375 1.092 54 57
4154910 99.022 110.246 97.334 1.133 65 647
4155012 99.721 182.688 181.327 1.008 16 16
4155050 99.502 125.856 112.45 1.119 1309 1320
4155134 99.857 106.917 112.044 0.954 12 12
4155589 98.932 144.54 147.836 0.978 100 100
4155930 99.593 148.581 141.447 1.05 425 426
4156428 99.247 113.714 103.824 1.095 7 7
4156986 98.845 58.037 92.074 0.63 54 56
4157327 99.788 93.083 87.394 1.065 24 24
4157422 99.803 99.889 84.497 1.182 9 9
4158493 99.623 117.442 109.041 1.077 2603 2643
415909 99.745 123.1 127.394 0.966 241 239
4159099 98.599 89.857 86.203 1.042 7 7
4159398 99.764 92.688 86.877 1.067 16 19
4159589 99.346 106.449 87.889 1.211 1507 1543
4160189 99.541 85.619 69.712 1.228 21 22
4160371 99.579 125.929 108.936 1.156 2608 2647
4160536 98.864 14.727 113.753 0.129 11 12
4160543 85.667 32.368 99.819 0.324 19 21
4160544 93.919 81.279 100.53 0.809 61 66
4160558 99.582 95.526 79.897 1.196 19 19
4160566 75.441 38.5 56.536 0.681 16 18
4162148 97.878 78.2 70.691 1.106 5 5
4162533 99.626 118.414 107.736 1.099 29 29
4163114 99.638 79.778 74.657 1.069 9 10
4163225 99.536 86.429 85.244 1.014 14 14
4163448 99.649 62.69 66.641 0.941 29 32
4164508 99.265 90.1 88.502 1.018 10 10
4164712 98.936 71.412 81.136 0.88 221 224
4166245 94.429 82.714 69.743 1.186 14 15
4166379 100 135.692 124.587 1.089 13 14
4167643 99.627 90.529 73.271 1.236 17 17
4168328 99.53 123.846 126.816 0.977 13 13
4168455 82.073 54.5 85.801 0.635 8 8
4168457 72.826 8.048 59.944 0.134 21 21
4168459 87.638 39.333 143.326 0.274 6 6
4168467 93.8 9.778 117.951 0.083 9 9
4168469 96.884 11.889 120.674 0.099 9 10
4168710 99.948 85.67 86.261 0.993 97 98
416918 98.879 114.784 117.671 0.975 51 51
4169286 100 46.286 53.778 0.861 7 7
4169674 99.592 54.2 68.88 0.787 5 5
4169702 99.092 128.5 124.975 1.028 4 4
4169891 99.619 110.537 101.363 1.091 968 985
4171088 99.641 117.444 87.146 1.348 9 10
4171091 99.377 120.429 102.6 1.174 35 35
4171097 99.81 148.714 96.818 1.536 7 8
4171873 78.377 33.6 21.725 1.547 10 11
4171876 68.674 17.667 10.586 1.669 9 10
4171890 78.298 35.667 26.01 1.371 9 10
4172498 99.588 129.241 109.782 1.177 29 30
4172568 98.713 86.29 87.049 0.991 31 31
4173140 99 110.714 77.302 1.432 21 21
4173416 99.576 173.543 145.032 1.197 70 71
4174532 100 40.3 51.843 0.777 10 11
4175107 97.87 124.7 78.306 1.592 10 10
4175847 99.559 71.247 84.737 0.841 3897 3960
4176129 95.108 62.6 75.739 0.827 5 5
4176393 77.645 8.364 58.645 0.143 11 11
4177980 99.435 100.897 88.073 1.146 68 68
4178365 99.686 101.533 90.531 1.122 15 15
4180612 99.05 114.325 109.764 1.042 114 116
4180905 98.732 72.188 79.706 0.906 16 17
4181331 99.247 140.22 131.259 1.068 50 51
4182444 99.357 126.067 115.069 1.096 15 15
4182835 97.205 205.5 168.205 1.222 8 8
4183427 61.39 15.333 86.972 0.176 21 25
4184622 97.151 139.833 132.895 1.052 12 12
4185339 99.506 125.714 133.202 0.944 7 7
4185639 99.446 110.615 103.689 1.067 13 13
4185985 99.381 110.143 105.058 1.048 7 7
4186006 98.753 84.6 81.035 1.044 10 10
4186044 83.221 43.222 89.877 0.481 9 9
41861 66.546 30 166.931 0.18 60 60
4186109 99.383 140.778 120.791 1.165 54 55
4186887 83.087 24.857 55.907 0.445 7 7
4186890 79.861 4.5 68.875 0.065 8 8
4186892 84.133 5.75 68.767 0.084 12 12
4186895 83.732 77.346 129.796 0.596 26 26
4186898 70.772 24.842 95.599 0.26 158 158
4187064 81.108 16 63.745 0.251 8 14
4187066 67.152 8 100.322 0.08 8 9
4187070 72.618 4.5 76.945 0.058 6 6
4187164 99.952 74.7 69.654 1.072 50 50
4187514 99.696 126.28 100.229 1.26 25 25
4187539 99.887 183.182 148.206 1.236 11 12
418790 99.005 93.094 65.768 1.415 85 85
4187929 99.402 103.653 91.838 1.129 95 96
4188629 100 117.2 112.9 1.038 10 11
4189137 90.065 17.455 90.252 0.193 11 11
4189139 76.38 5.818 83.786 0.069 11 19
4189141 63.324 8.729 115.339 0.076 48 96
4189143 69.378 6.722 100.712 0.067 72 185
4189243 81.943 11.614 120.973 0.096 153 333
4189260 99.931 92.286 90.096 1.024 14 15
4190259 99.807 74.444 100.255 0.743 27 27
4191195 88.796 6.28 87.362 0.072 364 910
4191196 86.129 5.871 88.542 0.066 264 993
4191197 84.905 5.927 88.225 0.067 233 1036
4191199 83.5 6.024 88.411 0.068 210 1042
4191220 88.055 5.42 91.99 0.059 257 1385
4191532 98.465 70.062 85.582 0.819 32 61
4192006 99.689 134.762 134.765 1 21 22
4192519 99.1 64.308 77.283 0.832 13 15
4192683 99.559 141.643 137.912 1.027 14 14
4193246 98.468 99.55 100.369 0.992 20 21
4193339 97.526 92 80.632 1.141 7 7
419335 99.353 136.167 128.412 1.06 6 5
419344 99.711 98 71.14 1.378 49 49
4193665 99.02 121.833 113.043 1.078 6 6
4194012 99.362 85.795 88.689 0.967 556 575
4194098 99.802 105.118 122.005 0.862 17 18
4194243 99.906 65.692 72.712 0.903 13 13
4194325 99.763 144.091 148.743 0.969 11 11
4194501 99.503 120.582 118.728 1.016 5947 6013
4194866 99.576 158.491 165.009 0.961 55 56
4195051 96.429 8.938 113.112 0.079 161 216
4195054 93.18 6.776 113.655 0.06 107 212
4195056 85.421 8.971 117.611 0.076 68 189
4195059 78.182 5.73 122.378 0.047 37 172
4195060 73.073 5.4 120.914 0.045 25 165
4195094 90.239 10.286 111.261 0.092 14 126
4195097 89.26 5.111 122.833 0.042 36 190
4195098 88.812 5.196 122.457 0.042 51 192
4195101 95.335 7.369 115.102 0.064 141 202
4195104 96.298 8.8 112.754 0.078 175 217
4195366 99.465 82.473 81.276 1.015 1006 1021
4195377 99.45 148.167 118.935 1.246 6 6
4195382 99.938 134.947 135.893 0.993 19 19
4195389 99.684 179.88 155.099 1.16 25 25
4195400 99.195 83.72 77.547 1.08 25 25
4195403 99.151 126.55 103.781 1.219 20 20
4195417 97.396 83 111.247 0.746 109 111
4195432 99.641 119.727 113.396 1.056 11 11
4196581 99.287 137.633 110.26 1.248 30 30
4196610 95.305 88.28 74.942 1.178 50 51
4197054 98.725 98.923 130.143 0.76 13 13
4197138 83.33 6 5.824 1.03 1 1
4197596 99.778 85.9 84.508 1.016 10 10
4197994 99.512 88.171 74.325 1.186 123 125
4198180 99.638 128.444 102.786 1.25 18 18
4198856 90.694 136.123 157.116 0.866 367 391
4199916 99.634 72.361 69.661 1.039 36 37
4200465 99.924 121.8 108.766 1.12 5 5
4200808 99.838 96.968 93.688 1.035 31 31
4201403 99.463 81.333 95.261 0.854 42 42
4201559 99.952 86.45 71.565 1.208 20 20
4201737 99.428 94.4 90.359 1.045 5 5
4202309 99.404 73.131 80.147 0.912 61 62
4203027 99.58 88.3 78.401 1.126 10 10
4203291 100 117.5 134.639 0.873 4 4
4204168 99.248 125.022 111.954 1.117 3032 3076
4204436 99.259 215.583 197.445 1.092 12 13
4204582 99.315 101.371 83.229 1.218 97 99
4204931 99.277 136.167 126.55 1.076 6 6
4204949 99.068 52.088 66.036 0.789 34 34
4204951 99.449 57.794 72.09 0.802 34 34
4205120 99.622 92.774 89.363 1.038 93 95
4205859 99.787 106.35 98.525 1.079 40 40
4206013 89.099 9.318 90.902 0.103 581 885
4206014 86.437 8.605 91.172 0.094 544 887
4206018 64.323 11.493 89.907 0.128 600 1124
4206630 99.675 99.559 98.727 1.008 68 69
4207481 99.718 102.65 98.73 1.04 40 41
4207514 99.892 70 62.572 1.119 11 11
4207533 99.498 103.061 96.552 1.067 132 132
4207547 99.884 105.5 88.374 1.194 8 8
4207554 99.915 84.37 81.588 1.034 27 27
4207657 99.517 106.641 94.763 1.125 209 209
4207942 99.797 131.2 103.802 1.264 10 10
4208572 98.108 101.875 84.68 1.203 32 32
4208899 79.872 129.75 106.278 1.221 8 13
4210118 99.185 131.909 105.586 1.249 11 12
421073 99.823 155.143 160.48 0.967 7 7
4211206 99.309 104.559 93.821 1.114 118 120
4212672 99.612 138.653 107.545 1.289 49 50
421382 98.973 98.448 95.344 1.033 58 58
4214045 100 44.875 57.402 0.782 8 8
4214963 99.264 116.074 96.667 1.201 108 112
4215009 99.171 111.9 103.8 1.078 10 10
4215017 98.223 99.118 93.062 1.065 17 17
4215433 85.922 99.69 93.27 1.069 58 62
421630 98.65 51 92.194 0.553 7 7
4217688 99.852 116.125 106.733 1.088 8 9
4217856 99.558 77.067 82.127 0.938 15 15
4218416 99.616 110.943 109.087 1.017 2586 2644
4218507 99.516 149.698 146.488 1.022 106 111
4218941 99.538 111.731 109.041 1.025 2603 2643
421957 99.899 37.556 42.603 0.882 18 18
4220174 100 60.875 75.2 0.81 8 8
4220906 99.229 148.925 124.438 1.197 200 201
4221027 99.586 99.121 90.732 1.092 33 33
4221058 99.736 115.333 100.838 1.144 21 21
4221061 99.479 128.416 116.338 1.104 356 361
4221065 96.122 58.35 67.319 0.867 20 21
4221076 98.899 161.083 153.807 1.047 12 12
4221086 99.11 85.87 72.112 1.191 23 24
4221091 99.499 126.064 111.502 1.131 47 47
4221100 99.34 91.5 89.336 1.024 12 14
4221102 99.861 136.333 99.279 1.373 9 11
4221111 98.869 84 89.413 0.939 8 8
4221175 99.498 84.818 124.709 0.68 11 11
4221423 99.484 115.399 109.041 1.058 2603 2643
4221643 100 69.286 118.048 0.587 7 7
4222642 100 111.2 100.093 1.111 5 5
4222859 98.423 158.8 164.456 0.966 25 25
4223674 99.653 109.765 105.344 1.042 183 187
4224860 99.97 71.812 69.743 1.03 16 16
4224877 99.115 117 116.132 1.007 14 14
4224878 99.097 105.5 101.691 1.037 18 19
4224883 99.154 107.963 112.989 0.956 27 27
4224884 98.923 92.9 88.384 1.051 10 10
4224900 99.406 114.143 107.909 1.058 7 8
4225342 99.672 119.246 103.325 1.154 57 59
4225479 99.644 198.625 167.186 1.188 8 8
4226604 99.103 125.6 101.655 1.236 10 10
4226742 98.973 136.909 137.288 0.997 11 11
422813 99.899 65.545 92.718 0.707 11 11
422831 96.633 19.538 211.805 0.092 13 16
4229167 99.563 111.776 109.041 1.025 2604 2643
4230302 75.583 9.667 86.08 0.112 9 10
4230469 99.888 125.9 108.393 1.162 20 19
4230897 98.746 132.036 124.187 1.063 28 29
4231153 99.824 97.07 79.539 1.22 86 87
4231160 99.805 81.1 74.11 1.094 70 70
4231247 100 74.833 60.827 1.23 6 6
4232941 98.953 100.205 99.55 1.007 39 39
4233202 99.497 89.53 85.056 1.053 164 164
4233270 99.52 110.437 97.064 1.138 119 123
4233299 99.892 67.125 65.975 1.017 8 8
4233363 99.504 80.125 64.658 1.239 16 16
4233627 90.89 14.032 135.213 0.104 281 319
4234160 98.388 138.2 135.22 1.022 5 6
4234637 99.339 91.316 76.18 1.199 19 20
4234664 97.63 79.483 60.552 1.313 29 31
4234960 99.52 108.582 109.041 0.996 2604 2643
4235433 99.724 128.125 107.895 1.187 88 89
4236237 99.565 105.609 109.041 0.969 2603 2643
4236352 95.785 192.032 175.115 1.097 63 64
4236366 99.867 137.469 135.19 1.017 32 31
4236714 99.466 80.718 76.964 1.049 39 39
4236992 99.861 89.5 88.767 1.008 12 12
4237244 99.686 76.739 81.075 0.947 23 23
4238396 99.765 68.5 73.606 0.931 12 13
4238675 99.458 78.086 88.713 0.88 6509 6652
4238750 100 81.143 88.357 0.918 7 8
4239569 99.578 134 112.905 1.187 9 10
4239763 99.487 124.029 106.825 1.161 900 923
4242029 100 85.5 81.748 1.046 4 5
4242431 99.086 77 97.779 0.787 7 7
4243190 98.939 96.833 94.337 1.026 72 407
4243217 99.275 99.607 97.557 1.021 1492 1533
4243218 98.822 118 114.19 1.033 93 94
4243221 99.129 119.319 92.749 1.286 163 1910
4243222 99.446 114.055 103.808 1.099 436 444
4243225 98.973 119.129 111.053 1.073 263 272
4243229 99.399 96.6 96.272 1.003 30 31
4243242 99.76 122.875 124.434 0.987 16 16
4243245 99.888 121.029 98.135 1.233 34 35
4243246 99.311 97.314 96.053 1.013 35 35
4243813 99.825 103.875 104.298 0.996 24 25
4244741 98.658 104.25 93.778 1.112 12 12
4245131 99.57 93.911 87.35 1.075 380 385
4245187 97.842 135.529 120.975 1.12 17 17
4245227 97.433 121.895 116.907 1.043 38 38
4246281 99.831 136.571 145.085 0.941 7 7
4246527 81.112 5.8 45.22 0.128 5 5
4246563 82.835 51.091 88.651 0.576 22 23
4246567 98.279 51.032 85.256 0.599 249 253
4246580 78.589 10.286 50.774 0.203 7 7
4246582 68.977 20.622 78.056 0.264 37 37
4246584 67.207 27.852 80.826 0.345 27 27
4246734 98.158 69.058 75.261 0.918 69 69
4247393 99.088 108.077 89.242 1.211 13 12
4247402 99.32 93.593 87.609 1.068 671 685
4247429 98.8 110.022 92.403 1.191 8949 14487
4247430 97.743 84.625 74.908 1.13 24 24
4247431 99.389 106.7 96.337 1.108 6447 6665
4247465 99.881 161.125 144.256 1.117 8 8
4247468 99.409 115.455 107.75 1.072 22 22
4247469 99.272 108.121 98.95 1.093 545 551
4247495 99.358 120.895 107.69 1.123 162 165
4247496 98.512 101.655 88.071 1.154 139 140
4247502 98.461 102.2 80.995 1.262 10 10
4247507 98.969 118.257 105.883 1.117 35 36
4247513 99.374 87.878 79.8 1.101 621 625
4247553 98.698 98.464 86.751 1.135 69 70
4247574 99.072 103.542 96.817 1.069 864 891
4247578 99.731 106.75 98.641 1.082 2095 2121
4247709 99.683 95.867 88.934 1.078 15 15
4247717 99.2 107.247 89.773 1.195 93 109
4247723 99.225 135.714 115.744 1.173 21 21
4247728 99.714 93.242 85.815 1.087 91 94
4247729 98.999 108.26 94.765 1.142 634 642
4247730 99.42 133.398 114.787 1.162 2238 2290
4247738 99.741 90.923 81.262 1.119 39 41
4247829 99.695 196.909 169.801 1.16 11 11
4247847 99.26 123.383 100.769 1.224 167 170
4247873 98.669 82.273 69.187 1.189 22 22
4247979 98.976 131.7 126.613 1.04 20 21
4248002 99.229 106.909 98.321 1.087 364 369
4248003 99.216 101.205 93.226 1.086 2494 2533
4248004 97.951 113.271 104.286 1.086 59 65
4248025 99.25 103.362 87.101 1.187 47 50
4248027 96.975 97.533 90.327 1.08 15 15
4248035 99.567 140.545 121.697 1.155 11 11
4248073 99.179 94.233 70.081 1.345 43 43
4248075 99.753 109.333 90.117 1.213 6 6
4248320 99.187 88.308 82.826 1.066 39 39
4248437 99.479 88.3 78.831 1.12 10 10
4248441 99.687 129.581 111.856 1.158 31 32
4248465 99.624 97.714 76.621 1.275 7 7
4249195 99.048 93.349 79.493 1.174 218 225
4249512 99.935 91.579 115.794 0.791 19 19
4249518 99.532 103.954 108.79 0.956 194 195
4249583 98.821 105.296 105.427 0.999 625 632
4250163 98.255 109.5 99.674 1.099 22 23
4250267 99.808 99.333 139.991 0.71 6 6
4250526 98.878 107.642 91.905 1.171 53 53
4250685 98.872 84.632 76.23 1.11 19 20
4250883 63.163 4.615 77.053 0.06 26 192
4251360 97.423 71.429 96.79 0.738 7 8
4251620 99.418 173 153.795 1.125 6 6
4252169 100 101.462 113.238 0.896 13 13
4252843 97.449 33.929 74.676 0.454 14 18
4252864 96.151 9.441 85.182 0.111 256 326
4252865 96.303 9.055 85.36 0.106 255 320
4254340 96 3.8 94.952 0.04 5 12
4254346 96.245 5.346 127.635 0.042 26 53
4254347 97.369 6.612 119.184 0.055 67 106
4254359 98.618 18.293 106.051 0.172 133 151
4254386 99.91 92.5 98.455 0.94 14 14
4256176 99.743 103.75 101.019 1.027 12 12
4256210 99.549 116.179 109.041 1.065 2605 2643
4257658 99.821 63.474 60.974 1.041 19 19
4258106 99.307 127.844 114.339 1.118 3304 3354
4259021 68.785 12.364 11.87 1.042 11 11
4259022 68.359 12.588 13.697 0.919 17 17
4259028 76.028 32.846 80.246 0.409 13 13
4259032 71.409 31.714 89.277 0.355 77 77
4259041 99.545 59.364 59.575 0.996 11 11
4259341 79.532 16.5 80.279 0.206 30 195
4259342 83.262 27.941 79.277 0.352 17 124
4259579 99.154 82.192 85.72 0.959 338 344
4260097 99.869 71.838 83.307 0.862 37 37
4263031 99.74 101.222 88.214 1.147 18 18
4263055 79.531 248.545 65.968 3.768 11 15
4263367 99.558 96.126 90.598 1.061 269 272
4263368 99.12 113.091 124.685 0.907 22 23
4263369 99.083 121.586 111.967 1.086 29 31
4263370 99.898 109.807 97.816 1.123 57 58
4264560 99.604 96.269 99.694 0.966 1813 1840
4264689 99.389 148.444 139.757 1.062 9 9
4264815 99.592 123.976 112.098 1.106 454 467
4265615 89.502 39.562 41.713 0.948 16 19
4265616 82.603 12.733 21.808 0.584 15 17
4267782 99.674 80 114.364 0.7 7 7
4267908 99.602 55.267 70.099 0.788 15 16
4268141 98.77 121.5 107.526 1.13 20 22
4268861 98.919 80.77 87.957 0.918 161 172
4269089 99.392 104.669 99.764 1.049 354 359
4269102 99.14 129 126.428 1.02 5 5
4269116 99.469 126.525 130.8 0.967 101 101
4269124 98.875 117.816 120.022 0.982 147 148
4269125 99.162 71.5 70.256 1.018 8 8
4269130 94.76 81.222 78.393 1.036 9 9
4269133 99.389 104.826 91.022 1.152 46 46
4269140 99.925 129.929 121.078 1.073 14 14
4269148 98.578 97.2 89.588 1.085 45 46
4269192 99.643 107.2 99.024 1.083 10 10
4269252 99.795 75.588 76.575 0.987 17 17
4269271 99.231 97.916 86.226 1.136 83 86
4269292 99.03 99.75 87.253 1.143 24 26
4269294 99.272 133.231 111.458 1.195 13 13
4269296 98.895 88.72 89.821 0.988 150 150
4269298 99.388 105.571 102.623 1.029 49 50
4269302 99.691 116.154 101.863 1.14 13 14
4269306 97.935 121.412 124.355 0.976 17 17
4269307 99.293 113.743 113.455 1.003 35 35
4269308 98.959 83.451 78.644 1.061 102 103
4269309 97.892 105.708 103.986 1.017 24 25
4269311 97.796 71.576 76.767 0.932 118 123
4269313 97.46 105.387 106.358 0.991 31 32
4269317 98.763 100.66 93.15 1.081 53 52
4269319 99.706 136.9 110.768 1.236 10 10
4269320 99.537 49.833 63.309 0.787 6 6
4269339 91.548 68.4 60.312 1.134 10 10
4269361 99.688 116.688 107.419 1.086 32 33
4269391 98.916 108.182 107.806 1.003 44 44
4269510 99.247 77.308 81.136 0.953 13 14
42696 100 97.222 102.364 0.95 18 18
4269630 98.394 78.64 73.704 1.067 25 25
4269658 96.689 61.583 61.748 0.997 12 12
4269670 99.533 82.552 83.292 0.991 29 31
4269671 95.926 102.029 86.625 1.178 34 35
4269693 99.608 68.661 63.538 1.081 56 57
4269719 99.48 76.182 101.183 0.753 11 29
4269721 98.674 112.351 104.839 1.072 74 75
4269722 99.153 148 143.582 1.031 27 28
4269731 97.847 109.516 100.593 1.089 157 158
4269733 99.49 98.083 94.884 1.034 12 12
4269742 98.308 99.857 90.601 1.102 49 49
4269933 99.655 76.487 64.883 1.179 39 39
4270214 100 62.8 74.86 0.839 10 11
4271245 99.698 115.578 93.836 1.232 64 64
4271326 99.683 108.136 91.174 1.186 631 641
4272196 99.917 216.667 206.021 1.052 6 6
4272330 99.239 93.891 72.813 1.289 46 45
4272333 99.908 71.917 62.178 1.157 12 13
4272624 98.995 101.522 100.228 1.013 247 249
4272714 99.708 69.833 66.563 1.049 6 6
4272744 99.294 87.24 87.321 0.999 1580 1608
4273182 99.52 100 95.854 1.043 18 19
4273478 98.573 75.167 72.86 1.032 6 6
4273479 98.894 86.526 77.201 1.121 19 19
4273655 99.138 112.329 108.261 1.038 76 77
4274041 68.441 28.88 87.131 0.331 25 28
4274047 85.765 6.375 97.449 0.065 8 9
4275037 99.192 98.846 87.244 1.133 13 14
4276460 99.721 103.8 92.951 1.117 90 91
4279828 99.116 123.017 124.106 0.991 60 60
4280254 99.609 103.08 91.113 1.131 5690 5764
4281269 100 91.556 91.002 1.006 18 18
4281631 99.597 145.58 142.628 1.021 81 83
4281856 98.985 87 106.95 0.813 34 36
4282769 98.864 104.037 95.056 1.094 136 138
4282770 99.615 111.5 96.695 1.153 26 26
4284004 99.443 104.464 85.521 1.221 507 510
4284623 98.399 158.125 133.519 1.184 8 8
4285268 98.956 88.451 80.438 1.1 82 82
4285353 99.05 114.267 85.617 1.335 15 15
4286767 99.263 107.268 88.928 1.206 41 43
4286934 99.581 156.842 133.964 1.171 38 38
4287017 99.453 104.246 103.074 1.011 1722 1748
4287028 100 67.625 72.417 0.934 8 8
4287221 99.667 95.676 91.92 1.041 37 40
4287370 99.697 172.624 146.145 1.181 290 295
4287727 98.039 72.615 69.852 1.04 13 13
4287745 99.413 88.13 85.475 1.031 23 23
4287766 55.807 12.292 87.02 0.141 24 40
4287767 94.32 10.75 94.523 0.114 76 100
4287955 99.029 154.143 133.939 1.151 7 7
4288066 100 63.8 68.17 0.936 10 10
4288841 99.949 127.091 85.389 1.488 11 12
4288894 99.573 135.716 124.115 1.093 134 137
4288957 99.464 139.039 110.004 1.264 51 50
4289825 99.897 78.294 73.744 1.062 17 17
4290996 99.66 79.71 75.239 1.059 69 69
4291005 99.527 139.432 133.038 1.048 375 377
4291129 99.612 85.904 72.305 1.188 52 52
4292191 96.974 59.636 84.678 0.704 11 11
4293612 98.538 139.56 121.811 1.146 25 25
4293621 99.478 111.449 97.552 1.142 49 51
4294253 99.349 107.842 105.718 1.02 57 57
4294538 99.552 107.182 96.733 1.108 11 11
4294643 100 83.333 74.11 1.124 9 9
4294800 99.95 94.875 79.099 1.199 32 33
4295540 100 110.091 92.888 1.185 11 11
4295614 99.931 411.375 197.713 2.081 16 17
4295719 99.186 111.8 101.859 1.098 15 15
4297140 99.237 97.253 97.361 0.999 281 287
4297631 99.568 64.643 77.473 0.834 14 14
4298079 98.793 68.875 75.432 0.913 24 24
4298562 99.952 125.5 91.008 1.379 6 13
4298785 99.774 84.5 75.354 1.121 14 14
4299578 99.616 132.8 129.78 1.023 5 5
4300369 99.475 105.875 115.809 0.914 24 25
4300549 99.403 87.484 71.431 1.225 64 64
4300752 99.543 106.825 90.48 1.181 80 81
4301357 100 67.571 60.372 1.119 7 7
4303896 99.6 104.76 90.324 1.16 25 26
4304293 99.477 97.226 86.684 1.122 1423 1455
4304553 99.674 239.545 194.027 1.235 88 90
4304994 99.652 131.222 104.11 1.26 9 9
4305004 99.828 241.55 108.84 2.219 20 19
4305026 99.686 86.286 79.998 1.079 7 8
4305252 99.049 80.023 77.229 1.036 44 45
4305450 98.894 87.92 88.071 0.998 112 112
4305560 99.719 139.647 141.143 0.989 34 34
4305740 99.678 95.625 91.217 1.048 40 40
4305915 99.52 125.6 104.787 1.199 5 6
4305991 98.866 104.529 98.799 1.058 34 34
4306405 99.915 92.462 98.243 0.941 13 14
4306882 99.857 110.1 106.377 1.035 20 20
4307021 99.66 99.254 98.253 1.01 2092 2140
NA NA NA NA NA NA NA
4307212 99.743 85.929 90.921 0.945 113 114
4307617 74.213 21.692 134.176 0.162 13 13
4307994 100 162.857 158.724 1.026 7 6
4308219 99.534 134.2 124.219 1.08 5 5
4308869 99.861 94.143 93.881 1.003 14 14
4309033 100 59.5 77.236 0.77 6 6
4309236 99.696 141.429 155.272 0.911 7 7
4310558 100 102.889 112.685 0.913 18 18
4311558 99.075 70.656 83.269 0.849 32 32
4311664 99.597 122.83 109.235 1.124 2605 2648
4311844 99.769 117.957 104.855 1.125 93 92
4312670 99.421 161.667 131.475 1.23 9 10
4312749 99.655 86.75 72.435 1.198 8 9
4312750 99.909 96.824 84.683 1.143 17 18
4312765 99.472 71.8 60.55 1.186 10 10
4312899 98.033 63.8 66.421 0.961 15 15
4313156 99.525 109.197 87.451 1.249 76 3314
4313896 98.889 93.4 83.79 1.115 40 41
4314123 99.702 135.933 94.56 1.438 15 15
4314158 99.472 198.618 148.944 1.334 34 35
4314187 99.832 147.1 98.91 1.487 10 10
4314800 100 415 452.8 0.917 1 1
4314801 99.715 78.923 74.404 1.061 13 14
4314813 99.652 65.875 53.415 1.233 8 8
4314820 100 69.667 69.58 1.001 3 5
4314840 100 168.75 161.615 1.044 4 4
4314842 100 107.667 101.367 1.062 3 3
4314844 99.824 153.308 159.815 0.959 13 13
4314852 98.452 57.158 61.383 0.931 19 18
4314870 98.946 93.6 90.832 1.03 5 6
4314876 100 102 91.527 1.114 3 3
4314884 99.86 131.333 148.842 0.882 3 3
4314889 100 138.2 130.444 1.059 5 5
4314908 99.834 68.556 79.137 0.866 9 9
4314929 99.534 164.2 191.598 0.857 10 10
4314938 96.674 74 120.07 0.616 9 10
4314941 99.178 97.6 101.639 0.96 5 5
4314948 100 114.333 122.384 0.934 3 3
4314995 99.719 56.824 72.53 0.783 17 17
4315060 99.365 99.522 92.956 1.071 67 68
4315071 98.999 76.32 84.889 0.899 75 77
4315111 99.835 157 159.201 0.986 14 13
4315124 97.97 137 132.718 1.032 3 3
4315179 99.178 78.9 79.127 0.997 10 10
4315191 98.315 124 116.848 1.061 4 4
4315216 99.862 100.125 90.314 1.109 8 8
4315263 99.11 113.41 107.685 1.053 78 80
4315303 99.376 105.01 96.782 1.085 102 103
4315384 100 81.2 66.117 1.228 5 6
4315397 100 78.667 83.94 0.937 3 3
4315408 99.622 101.506 99.593 1.019 77 77
4315439 99.962 92.2 87.476 1.054 15 15
4315464 99.924 65.818 62.375 1.055 11 11
4315481 100 104 102.267 1.017 3 3
4315510 99.652 66.743 64.17 1.04 35 36
4315553 100 163 163.8 0.995 4 4
4316315 98.65 88.15 76.503 1.152 20 20
4316463 99.536 82.474 89.157 0.925 57 57
4316696 100 98.556 84.429 1.167 9 9
4316784 99.835 133.426 112.533 1.186 47 47
4316824 99.812 126.118 99.457 1.268 17 17
4316876 99.84 108.286 85.978 1.259 7 8
4317089 99.783 119 90.808 1.31 7 8
4317134 95.466 69.55 75.007 0.927 20 21
4317160 99.882 144.5 111.015 1.302 8 8
4317434 99.842 113.414 84.992 1.334 29 30
4318251 99.645 178 121.244 1.468 8 8
4319382 99.337 81.679 87.661 0.932 53 53
4319659 85.075 9.038 87.004 0.104 52 185
4319661 81.88 4.583 92.222 0.05 36 185
4319709 95.276 77.389 85.379 0.906 18 18
4319828 98.909 118.241 118.553 0.997 58 61
4319845 87.676 7.389 53.982 0.137 18 24
4319890 94.312 27.889 79.062 0.353 9 12
4319892 97.445 37.6 79.796 0.471 10 12
4319939 99.858 43.667 69.355 0.63 18 18
4320020 73.666 8.315 100.044 0.083 54 92
4320029 99.92 68.111 114.655 0.594 27 66
4320514 99.527 90.55 92.868 0.975 760 772
4320748 99.761 180.261 175.239 1.029 23 23
4321479 99.56 101.163 84.023 1.204 3907 3965
4322954 99.608 91.75 99.202 0.925 12 12
4322974 98.879 71.552 88.983 0.804 29 29
4323153 97.852 84.97 79.802 1.065 33 34
4323154 99.47 63.778 72.882 0.875 9 10
4323156 99.819 72 70.772 1.017 7 7
4323157 99.388 250.5 251.085 0.998 10 10
4323195 97.382 82.111 80.115 1.025 9 9
4323267 99.922 134.077 129.345 1.037 26 26
4323300 99.39 108.137 102.579 1.054 73 74
4323348 99.654 102.921 92.529 1.112 7465 7547
4323355 7.267 121.389 101.674 1.194 18 20
4323408 99.705 120.3 95.966 1.254 10 10
4323409 93.928 156.556 133.378 1.174 9 9
4323415 95.692 79.333 79.65 0.996 24 24
4323437 99.735 112.625 83.129 1.355 8 8
4323470 99.881 104.765 103.917 1.008 17 17
4323669 99.027 103.714 86.379 1.201 7 7
4324330 98.785 114.808 113.142 1.015 26 26
4325025 99.916 81.583 84.097 0.97 12 13
4325984 86.351 53.771 84.408 0.637 35 37
4325995 94.652 40.385 63.034 0.641 13 13
4326041 98.227 98.444 85.854 1.147 18 19
4326113 99.03 114.737 96.946 1.184 38 39
4326114 97.949 86.7 90.061 0.963 10 10
4326250 99.925 131.75 111.859 1.178 12 13
4326265 99.077 147.52 128.284 1.15 25 25
4326302 99.074 158.375 119.503 1.325 32 32
4326305 99.379 151.625 105.819 1.433 48 48
4326313 99.455 106.5 90.49 1.177 14 14
4326320 97.779 150.286 131.213 1.145 21 21
4326323 99.529 72.5 61.65 1.176 10 10
4326341 99.43 100 87.603 1.142 165 166
4326359 99.886 61.444 79.535 0.773 9 10
4326396 99.864 64.286 67.794 0.948 14 14
4326399 96.701 126.815 125.744 1.009 27 27
4326435 99.397 246.629 202.823 1.216 35 34
4326449 99.432 157.644 116.842 1.349 45 45
4326450 98.185 173.733 169.789 1.023 30 30
4326452 99.508 102.797 88.227 1.165 69 70
4326461 98.106 83.591 111.318 0.751 22 27
4326470 100 112 82.521 1.357 8 10
4326533 98.93 106.531 92.165 1.156 631 652
4326569 96.468 54 128.642 0.42 8 12
4326570 98.947 89.211 119.369 0.747 19 23
4326592 98.817 107.1 89.745 1.193 10 10
4326607 99.483 27.3 82.352 0.332 30 48
4326609 99.935 60.6 96.525 0.628 10 22
4326630 98.496 108.559 100.153 1.084 34 34
4326632 99.495 108.692 88.908 1.223 847 867
4326639 99.251 95.429 81.741 1.167 7 7
4326669 99.885 144.032 113.969 1.264 31 31
4326693 98.905 132.895 119.004 1.117 19 19
4326705 99.758 106.384 79.737 1.334 86 87
4326713 99.468 104.576 82.871 1.262 66 66
4326715 99.689 98.545 81.87 1.204 33 34
4326735 98.196 84.8 74.967 1.131 15 15
4326737 99.491 162 134.192 1.207 18 18
4326743 99.62 99.3 83.908 1.183 30 30
4326754 99.358 141.5 118.156 1.198 8 8
4326758 98.841 95.852 76.775 1.248 27 28
4326800 99.617 92.571 90.694 1.021 14 14
4326831 99.876 86.778 78.264 1.109 9 9
4326842 99.494 111.638 88.37 1.263 47 49
4326843 99.689 126.786 111.328 1.139 14 14
4326852 99.721 126.857 110.269 1.15 7 7
4326855 99.003 105.204 90.004 1.169 108 109
4326858 99.125 75.409 62.556 1.205 22 22
4326860 98.334 75.45 67.664 1.115 20 20
4326863 100 94.533 95.498 0.99 15 15
4326869 99.824 83.895 82.359 1.019 19 18
4326870 98.124 91.571 73.544 1.245 7 7
4326893 99.605 161.818 147.859 1.094 11 11
4326899 99.702 58.5 57.188 1.023 8 8
4326900 85.016 43.529 98.275 0.443 242 302
4326904 90.289 77.571 120.725 0.643 14 24
4326905 98.837 132 110.159 1.198 13 13
4326906 73.616 14.673 100.651 0.146 55 389
4326908 98.251 100.389 87.088 1.153 18 18
4326914 99.978 123.35 105.819 1.166 20 20
4326918 99.464 160.385 122.67 1.307 13 14
4326923 99.923 215.286 209.76 1.026 14 14
4326925 99.755 59.429 50.009 1.188 21 22
4326977 99.367 96.923 86.192 1.125 26 26
4326980 99.737 133.686 117.995 1.133 51 52
4326981 97.496 126.083 100.483 1.255 12 12
4326983 99.948 176.625 154.404 1.144 8 7
4327042 99.517 105.211 95.033 1.107 19 20
4327058 99.648 130.613 104.384 1.251 31 31
4327060 99.48 109.5 92.702 1.181 8 8
4327064 99.349 89.583 76.775 1.167 24 24
4327065 99.506 102.813 91.274 1.126 107 108
4327073 88.323 105.05 90.144 1.165 20 20
4327080 99.704 123.385 112.116 1.101 13 13
4327081 97.899 164.895 137.899 1.196 19 19
4327125 99.438 196.556 157.624 1.247 9 10
4327148 99.823 95.857 85.713 1.118 7 7
4327169 98.003 94.045 89.28 1.053 22 22
4327211 99.846 127.333 184.48 0.69 12 13
4327212 99.812 109.375 101.507 1.078 16 16
4327222 100 70.111 68.299 1.027 9 9
4327224 98.294 148.889 131.043 1.136 9 9
4327241 99.568 79.333 80.642 0.984 12 12
4327268 99.548 107.24 98.263 1.091 25 25
4327269 91.328 149.4 138.052 1.082 5 5
4327281 97.19 89.545 96.491 0.928 11 11
4327286 99.118 113 112.486 1.005 12 12
4327289 98.078 128.062 124.291 1.03 16 16
4327292 99.154 117.542 96.013 1.224 96 97
4327296 98.997 110.471 96.398 1.146 17 16
4327307 98.682 89.833 88.359 1.017 36 36
4327322 99.276 96.962 89.184 1.087 53 56
4327334 99.519 75.333 117.801 0.639 9 11
4327344 99.152 123.857 123.344 1.004 21 21
4327346 99.402 122.35 130.578 0.937 40 40
4327349 99.926 79 82.088 0.962 13 13
4327370 98.912 190.581 173.737 1.097 31 31
4327394 99.385 81.308 74.92 1.085 13 13
4327406 99.17 102.381 98.481 1.04 118 120
4327409 99.246 87.238 82.954 1.052 21 21
4327422 97.49 68.143 77.154 0.883 14 15
4327445 99.939 109.467 105.701 1.036 15 15
4327472 99.599 81.461 76.082 1.071 219 221
4327480 99.171 91.879 94.955 0.968 256 263
4327484 99.438 89.525 85.878 1.042 259 261
4327520 98.822 105.179 96.708 1.088 28 30
4327546 98.885 82 89.635 0.915 33 34
4327691 99.445 103.524 100.557 1.03 84 84
4328378 99.12 118.298 101.246 1.168 84 84
4328555 83.599 8.712 100.109 0.087 139 309
4328668 100 110.111 102.817 1.071 18 18
4329095 99.714 123.7 107.251 1.153 10 10
4329838 99.39 123.441 126.367 0.977 68 68
4329864 99.402 99.15 84.14 1.178 60 60
4329940 98.318 96.25 82.585 1.165 12 13
4329945 99.815 163 120.565 1.352 8 9
4329953 100 92.706 71.751 1.292 17 18
4329958 99.183 108.319 92.885 1.166 307 309
4329965 98.777 87.077 80.241 1.085 13 16
4330004 99.228 78.167 76.483 1.022 12 12
4330017 99.377 113.429 92.277 1.229 7 7
4330026 99.841 152.571 149.251 1.022 14 14
4330029 99.058 143.909 130.968 1.099 22 22
4330849 100 50.571 73.39 0.689 7 7
4330948 99.295 47.132 58.184 0.81 38 43
4331688 99.594 80.476 78.537 1.025 21 21
4332453 99.89 97.188 97.634 0.995 16 17
4332543 99.642 92.5 78.238 1.182 12 12
4333397 99.47 94.571 95.806 0.987 49 49
4333526 97.973 151.167 142.571 1.06 6 6
4333547 99.159 90.507 84.785 1.067 71 71
4334543 99.402 128.943 134.083 0.962 348 357
4334663 99.764 127.4 135.995 0.937 5 6
4335062 99.709 108.636 105.338 1.031 11 11
4335077 99.848 106.167 90.078 1.179 12 13
4335216 99.667 96.802 84.054 1.152 96 97
4335766 99.566 82.2 78.981 1.041 5 5
4336052 99.252 75 72.225 1.038 6 7
4336288 99.821 130.531 104.174 1.253 32 33
4336374 99.708 158.375 164.464 0.963 8 9
4336456 99.749 157.833 119.485 1.321 12 11
4336524 99.868 82.059 84.255 0.974 17 19
4337353 99.657 106.727 111.032 0.961 22 22
4337898 99.769 73.75 84.114 0.877 8 11
4338088 99.816 74.406 81.905 0.908 96 97
4338182 99.392 116 115.964 1 6 6
4338197 96.103 134.857 129.079 1.045 7 8
4338203 99.285 86.37 82.714 1.044 1288 1307
4338208 99.825 84.107 78.948 1.065 28 28
4338215 98.943 74 71.96 1.028 3 3
4338218 99.318 122.389 116.961 1.046 18 19
4338221 98.766 122.222 112.704 1.084 18 18
4338226 99.059 80.204 88.097 0.91 49 51
4338227 98.289 80.25 113.624 0.706 12 12
4338229 98.721 150.143 192.957 0.778 7 7
4338233 99.242 97.098 90.585 1.072 41 41
4338234 99.918 88.743 87.561 1.013 70 71
4338236 98.741 77.167 83.649 0.923 18 19
4338238 98.359 87.773 89.52 0.98 22 23
4338239 99.614 122.556 121.1 1.012 9 9
4338242 99.698 88.372 85.535 1.033 1815 1850
4338243 98.549 82.462 88.813 0.928 13 16
4338247 98.615 73.714 82.3 0.896 21 24
4338250 97.54 61.182 85.451 0.716 22 28
4338252 99.593 151.5 160.07 0.946 10 10
4338253 100 89.333 86.176 1.037 15 15
4338254 92.05 50.727 94.583 0.536 11 12
4338259 99.763 103.714 108.059 0.96 7 7
4338260 99.716 83.208 103.135 0.807 48 48
4338261 100 23.625 23.986 0.985 24 26
4338262 99.477 119.545 129.263 0.925 11 11
4338265 97.683 80.1 81.872 0.978 10 10
4338266 97.563 60.417 91.237 0.662 12 12
4338268 96.825 99.348 105.675 0.94 23 23
4338283 99.774 75.143 103.116 0.729 14 14
4338286 98.986 99.19 102.456 0.968 84 84
4338291 97.944 72.333 75.156 0.962 18 19
4338292 98.737 96.45 101.96 0.946 151 153
4338293 99.724 93.485 86.078 1.086 33 33
4338294 99.814 103.167 107.248 0.962 12 11
4338295 97.733 126 112.182 1.123 9 10
4338296 98.734 95.731 103.163 0.928 26 27
4338301 99.629 84.412 81.829 1.032 17 17
4338307 98.947 81.179 91.423 0.888 56 56
4338325 99.971 92.269 84.668 1.09 26 26
4338326 99.235 82.403 79.443 1.037 139 143
4338329 73.004 24 55.046 0.436 39 94
4338332 99.056 58.526 56.477 1.036 19 20
4338334 99.079 110.792 101.659 1.09 48 48
4338342 99.065 108.636 99.213 1.095 11 11
4338343 97.867 75.895 66.645 1.139 19 45
4338344 97.198 51.538 58.383 0.883 13 39
4338347 99.233 91.923 63.966 1.437 13 45
4338349 100 127.25 102.515 1.241 16 16
4338361 99.686 104.255 98.237 1.061 2269 2301
4338362 99.332 94.48 82.537 1.145 25 25
4338365 99.237 125.182 116.26 1.077 308 309
4338371 99.628 99.635 84.87 1.174 3942 4003
4338373 99.612 70.333 72.373 0.972 6 7
4338376 99.377 71.542 67.285 1.063 24 25
4338385 99.638 109.158 95.467 1.143 19 19
4338389 99.869 109 97.231 1.121 14 15
4338391 99.81 104.286 96.338 1.082 14 17
4338392 99.886 126.719 106.741 1.187 32 34
4338395 97.719 99.857 88.107 1.133 14 14
4338397 99.791 131.8 114.332 1.153 10 10
4338399 99.741 146.167 124.712 1.172 18 18
4338400 99.16 82.65 72.831 1.135 20 20
4338403 98.455 108.222 92.341 1.172 36 36
4338404 99.631 146.75 123.946 1.184 16 17
4338409 99.779 116.659 100.984 1.155 135 135
4338410 98.332 129.705 108.548 1.195 44 44
4338416 99.98 89 84.444 1.054 22 22
4338421 99.69 116.625 92.524 1.26 24 24
4338441 99.759 82.8 87.116 0.95 15 15
4338452 98.182 69.2 118.806 0.582 5 5
4338459 98.571 155.765 115.329 1.351 17 17
4338460 98.901 116.206 101.899 1.14 34 34
4338463 97.68 58.75 62.464 0.941 8 8
4338471 99.604 123.745 106.338 1.164 51 51
4338472 98.962 124.158 109.503 1.134 38 38
4338473 98.85 141 125.376 1.125 159 160
4338475 99.923 121.2 87.987 1.377 10 10
4338497 99.934 135.6 109.59 1.237 10 10
4338513 99.361 107.689 85.013 1.267 132 134
4338514 98.799 77.696 72.919 1.066 23 23
4338533 96.982 121.684 111.896 1.087 19 19
4338535 99.77 141.344 95.055 1.487 32 33
4338537 99.707 148.951 125.65 1.185 103 102
4338545 99.618 83.625 67.641 1.236 32 32
4338546 99.287 97 82.562 1.175 40 49
4338547 99.402 142.055 112.522 1.262 55 56
4338552 96.149 73.889 107.426 0.688 18 19
4338555 95 143.8 184.3 0.78 5 5
4338565 99.834 165.906 133.346 1.244 32 35
4338590 99.437 151.888 124.958 1.216 134 137
4338591 99.264 105.863 110.835 0.955 95 99
4338592 98.962 113.446 106.781 1.062 83 84
4338593 97.689 119.083 146.167 0.815 36 38
4338594 98.031 104.677 90.771 1.153 331 341
4338597 96.69 96.75 105.003 0.921 140 143
4338598 96.268 105.667 102.757 1.028 144 145
4338599 97.875 106.793 102.092 1.046 256 257
4338600 98.672 111.139 102.281 1.087 352 358
4338602 99.165 92.963 92.986 1 189 194
4338621 99.7 98.833 80.994 1.22 18 18
4338634 95.346 82.875 103.578 0.8 16 18
4338635 98.93 89.777 79.733 1.126 327 335
4338636 98.171 59.8 64.417 0.928 15 15
4338637 98 100.9 103.441 0.975 10 10
4338646 98.758 133.244 121.515 1.097 41 41
4338647 98.814 110.147 98.21 1.122 34 34
4338648 99.53 90.45 110.54 0.818 20 21
4338649 99.798 152.278 131.254 1.16 36 35
4338704 95 72.714 146.328 0.497 14 17
4338705 92.142 42.75 141.14 0.303 12 13
4338706 99.18 105.135 100.007 1.051 104 106
4338707 94.814 6.222 136.39 0.046 9 10
4338712 100 68.182 55.89 1.22 11 11
4338731 99.372 64 57.087 1.121 5 6
4338733 98.14 175.125 155.003 1.13 24 24
4338736 99.774 101.2 105.948 0.955 5 10
4338742 99.789 78.2 75.566 1.035 15 20
4338840 99.389 97.012 89.775 1.081 83 102
4338933 99.593 123.737 118.461 1.045 19 19
4340178 99.063 90.835 87.693 1.036 103 105
4340330 100 72 68.223 1.055 9 10
4340342 99.258 107.962 92.096 1.172 26 25
4340413 99.708 124.478 110.852 1.123 23 25
4340501 98.24 94.4 114.146 0.827 5 5
4340571 99.354 137.567 113.59 1.211 30 31
4341515 99.642 104.375 128.028 0.815 8 8
4341636 99.377 71.09 76.606 0.928 156 160
4342801 99.701 104.222 98.438 1.059 9 9
4342951 99.395 126.5 117.399 1.078 10 10
4343129 99.819 92.875 74.696 1.243 8 8
4343187 99.44 88 84.028 1.047 15 15
4343297 99.828 103.947 110.974 0.937 19 19
4343931 99.572 74.806 94.13 0.795 36 38
4344160 86.693 30.5 69.131 0.441 6 6
4344989 100 82.3 72.805 1.13 10 10
4345043 99.741 75.286 68.779 1.095 28 28
4345064 99.731 83.75 78.28 1.07 16 16
4345094 99.937 100.444 96.665 1.039 9 9
4345152 99.466 150 134.556 1.115 11 11
4345231 100 82 79.65 1.03 6 6
4345320 99.242 71.333 66.205 1.077 9 9
4345371 91.004 78.1 92.846 0.841 10 10
4345373 96.357 49.328 72.114 0.684 61 65
4345375 86.327 67.429 88.387 0.763 7 7
4345376 88.161 66.714 88.387 0.755 7 7
4345436 99.636 86.909 77.629 1.12 33 34
4345682 99.707 105.11 99.858 1.053 1808 1838
4345849 97.598 67.926 69.398 0.979 27 29
4345866 98.899 75.062 68.968 1.088 16 16
4345945 99.855 119.235 104.039 1.146 34 35
4345978 95.232 56.727 65.765 0.863 11 11
4345979 94.052 61.2 71.252 0.859 10 10
4345980 98.13 67.333 77.102 0.873 9 9
4345981 94.32 85.571 87.349 0.98 7 7
4346004 98.836 97.042 83.556 1.161 72 72
4346011 99.869 104.583 91.246 1.146 12 12
4346253 100 75.9 85.853 0.884 10 10
4346259 99.135 86 86.042 1 24 24
4346262 98.957 94.4 81.735 1.155 35 36
4346275 99.537 109.924 99.241 1.108 343 344
4346356 99.589 96.048 99.794 0.962 84 88
4346406 99.892 77.125 104.978 0.735 8 8
4346503 96.892 68 75.865 0.896 6 6
4346578 98.795 75.812 75.33 1.006 16 16
4346659 99.39 101.038 106.426 0.949 26 26
4346662 99.513 64.234 68.925 0.932 47 47
4346683 99.928 135.619 138.857 0.977 21 23
4346710 99.325 78.202 82.416 0.949 188 188
4346711 70.598 55.529 76.334 0.727 17 38
4346722 99.794 56.185 59.101 0.951 54 60
4346724 98.453 59 70.201 0.84 19 19
4346725 100 85.889 93.548 0.918 18 18
4346728 99.801 85.625 80.032 1.07 8 8
4346733 99.972 113.5 110.425 1.028 12 12
4346737 99.763 82.385 79.422 1.037 13 13
4346746 98.587 73.692 84.632 0.871 13 13
4347074 99.692 104.153 94.126 1.107 85 87
4347078 98.496 148.375 140.083 1.059 8 8
4347103 98.822 62.677 63.745 0.983 31 31
4347391 99.913 57.75 59.093 0.977 12 12
4347436 99.495 78.833 87.812 0.898 6 6
4347858 99.077 80.5 67.439 1.194 14 14
4347908 99.84 73.5 67.817 1.084 6 6
4347958 96.344 64.571 72.666 0.889 7 7
4348009 99.53 156.875 141.982 1.105 8 8
4348095 98.152 71.833 93.933 0.765 6 6
4348201 99.043 95.182 90.451 1.052 11 11
4348415 99.769 146.435 132.17 1.108 23 23
4348479 99.819 100 100.31 0.997 30 30
4348513 99.692 102 107.071 0.953 8 9
4348672 99.151 102.5 107.344 0.955 10 10
4348678 100 124.167 127.766 0.972 6 6
4348991 98.973 104.895 91.921 1.141 19 19
4349034 99.04 74.318 78.333 0.949 22 22
4349250 99.411 117.25 113.89 1.029 8 8
4349932 99.844 107.6 83.881 1.283 5 5
4350262 98.278 103.44 97.26 1.064 25 26
4350305 99.56 108.869 109.13 0.998 2610 2653
435106 99.572 97.444 93.512 1.042 9 9
4351065 98.176 97.812 93.8 1.043 16 16
4352201 99.758 76.357 75.914 1.006 28 28
4352259 98.157 59.857 83.222 0.719 7 8
4352279 98.622 169.625 152.521 1.112 8 9
4352936 99.566 115.929 112.757 1.028 14 15
4354022 100 33.545 47.452 0.707 11 11
4354254 98.148 39.667 46.725 0.849 9 9
4354467 100 67.375 63.457 1.062 8 8
4354477 99.144 75.769 109.891 0.689 26 27
4354991 99.809 157 160.825 0.976 10 11
4355212 99.543 91.714 80.189 1.144 7 7
4355364 98.782 67.667 68.114 0.993 18 17
4355380 99.685 87.158 81.931 1.064 266 275
4355388 98.693 73.545 67.727 1.086 11 12
4355743 99.979 71.923 72.679 0.99 13 13
4355751 99.955 130.727 132.939 0.983 11 11
4355752 99.684 164.5 151.279 1.087 8 8
4355862 92.288 70.123 90.731 0.773 179 182
4355863 88.225 64.378 95.977 0.671 111 115
4355864 92.909 66.613 97.727 0.682 111 114
4356001 99.646 102.9 102.567 1.003 10 11
4356030 99.904 99.786 89.621 1.113 14 13
4356048 99.825 105.357 150.669 0.699 14 14
4356066 99.331 69.25 64.929 1.067 32 32
4356078 99.08 163 158.498 1.028 8 8
4356114 99.474 89.557 79.934 1.12 61 63
4356116 99.186 95.554 86.224 1.108 56 58
4356509 99.384 79.259 70.169 1.13 301 306
4356519 98.891 99.393 89.389 1.112 28 29
4356526 99.896 98.862 80.279 1.231 29 29
4356807 99.62 93.072 85.369 1.09 69 69
4357538 99.506 123.357 85.67 1.44 14 14
4357966 96.238 147.545 130.921 1.127 11 11
4358036 96.533 130.333 75.397 1.729 6 6
4358160 99.521 111.905 97.705 1.145 63 64
4358416 99.322 78.64 89.052 0.883 50 50
4358702 98.438 4.875 80.832 0.06 8 15
4358866 99.717 37.388 81.564 0.458 258 280
4359135 97.52 34.7 107.938 0.321 20 22
4359147 74.669 38.286 128.202 0.299 42 47
4359151 97.727 5.182 106.593 0.049 11 16
4359152 96.429 5.143 102.139 0.05 7 14
4359156 98.611 21.333 102.631 0.208 9 14
4359159 98.412 4.667 92.554 0.05 9 15
4359165 76.122 20.571 93.715 0.22 56 64
4359171 98.701 8 86.875 0.092 7 10
4359177 96.344 48.25 172.08 0.28 8 9
4359183 99.419 68.744 128.559 0.535 43 46
4359186 88.276 26.083 99.515 0.262 36 43
4359187 98.577 17.154 107.459 0.16 26 32
4359188 98.376 17.826 106.606 0.167 23 31
4359195 99.554 82.979 98.923 0.839 3175 3311
4359308 99.763 80 97.335 0.822 10 10
4359463 99.084 153.824 136.427 1.128 17 18
4359505 99.955 114.8 97.85 1.173 10 10
4359688 99.555 98.833 86.785 1.139 12 12
4359693 99.785 118.842 91.368 1.301 19 18
4359800 100 29.778 119.199 0.25 9 25
4359828 100 66.8 89.286 0.748 5 5
4360203 99.58 180.75 166.793 1.084 8 8
4360271 99.444 122.917 105.302 1.167 12 12
4360448 98.963 85.467 75.946 1.125 30 30
4360543 99.117 88.333 75.133 1.176 3 3
4360551 99.73 168.25 123.324 1.364 16 16
4360954 100 31.133 66.42 0.469 15 15
4361162 99.473 70.246 87.259 0.805 2548 2605
4361265 99.831 103.964 112.831 0.921 28 28
4361279 99.605 88.179 98.188 0.898 39 39
4361507 99.465 79.923 75.062 1.065 13 13
4361537 98.597 70.342 65.781 1.069 38 39
4361921 99.403 95.935 80.19 1.196 382 385
4361946 99.529 90.935 81.322 1.118 31 31
4361953 99.416 91.519 81.515 1.123 27 26
4361968 99.888 81.438 77.708 1.048 16 16
4362108 98.852 87.939 99.41 0.885 326 333
4362171 99.564 92.094 85.178 1.081 3528 3586
4362498 99.783 64.643 64.647 1 14 14
4363102 99.654 70.455 60.815 1.158 11 11
4363135 99.6 54.45 46.739 1.165 20 20
4363243 99.7 87.646 98.631 0.889 2085 2122
4363468 96.209 38.714 72.319 0.535 7 8
4363782 97.099 63.727 92.463 0.689 22 24
4363784 96.849 68.19 78.033 0.874 21 21
4363785 99.789 106.154 101.515 1.046 13 13
4363805 99.641 118.612 126.54 0.937 387 389
4364282 99.699 105.091 109.494 0.96 99 102
4364283 100 81 80.3 1.009 11 11
43645 99.292 114.3 88.815 1.287 30 29
4364577 99.722 83.115 92.153 0.902 26 26
4364733 99.827 117.167 101.199 1.158 12 12
4364817 96.35 149.4 136.229 1.097 10 10
4364873 98.942 97.4 75.748 1.286 5 5
4365045 68.569 5.25 62.606 0.084 44 104
4365424 98.793 98.545 95.533 1.032 22 22
4365648 99.929 106.278 97.606 1.089 18 18
4365791 70.75 6.341 72.026 0.088 44 228
4365793 84.54 9.81 71.308 0.138 84 213
4367656 99.472 96.333 87.118 1.106 6 6
4368266 97.427 69 89.776 0.769 6 7
4368369 99.131 234.25 192.445 1.217 8 8
4368503 91.734 24.143 87.734 0.275 7 11
4369069 98.831 113.2 104.816 1.08 15 17
4369898 96.596 101.769 94.031 1.082 13 13
437008 79.77 8.286 79.41 0.104 7 7
4370115 99.244 109.889 110.998 0.99 9 9
4370543 99.038 113.538 78.787 1.441 13 13
4370644 99.882 103.812 94.449 1.099 16 16
4370762 89.083 8.074 106.308 0.076 108 240
4370867 99.829 155.203 135.118 1.149 64 64
4371023 98.159 68.756 102.502 0.671 332 349
4371248 97.649 79.089 95.491 0.828 112 115
437135 80.271 5.286 19.239 0.275 7 9
4371399 98.562 129.143 128.923 1.002 21 21
4371625 99.523 75.667 75.046 1.008 6 6
4371682 99.663 181 176.565 1.025 3 3
4371740 99.91 83.2 79.304 1.049 10 10
4372188 99.718 101.471 84.03 1.208 34 34
437226 72.135 36.646 176.703 0.207 127 129
4372453 68.359 10.762 82.841 0.13 21 23
4372455 76.852 5.667 59.541 0.095 9 10
4372533 99.905 126.87 111.622 1.137 23 23
4372600 99.091 155.127 110.316 1.406 102 103
4372722 98.041 123.125 86.944 1.416 8 8
4372739 98.191 87.643 110.114 0.796 14 15
4372894 97.865 71.75 94.636 0.758 8 8
4373345 99.426 37.586 36.789 1.022 29 34
4373784 99.412 107 98.073 1.091 14 14
4373990 99.143 127.722 102.39 1.247 18 19
4374162 99.109 147.621 121.671 1.213 66 69
4374348 99.183 96.971 85.185 1.138 68 68
4374470 98.359 103.467 99.05 1.045 15 15
437468 99.477 87.043 98.957 0.88 23 23
4376179 99.002 180.111 200.148 0.9 9 10
4376308 99.42 103.667 105.908 0.979 36 37
437646 99.492 96.286 97.249 0.99 42 42
4376847 99.825 85.821 90.84 0.945 28 43
4377118 99.907 68.438 58.135 1.177 16 15
4377123 96.336 59.412 71.805 0.827 17 18
4377447 99.431 113.721 98.948 1.149 3195 3306
4377628 98.616 75.05 70.829 1.06 80 81
4377732 96.839 84.179 108.782 0.774 28 33
4377759 99.532 122.4 100.228 1.221 10 10
4378750 98.355 33.896 74.088 0.458 48 48
4378801 98.945 74.495 78.697 0.947 95 97
4379467 99.97 224.1 216.544 1.035 10 9
4379828 99.892 92.7 79.106 1.172 10 10
438052 97.585 84.97 73.544 1.155 33 33
4380957 99.726 178.064 173.567 1.026 94 96
4381198 78.652 22.75 31.276 0.727 8 8
4381887 99.617 82 92.354 0.888 9 9
4382386 99.959 162.846 149.92 1.086 13 13
4382429 99.709 101.857 91.4 1.114 757 777
4382913 100 91 110.153 0.826 8 8
4383099 99.469 50.243 72.984 0.688 601 621
4383142 76.667 4.333 47.862 0.091 6 6
4383146 83.647 7.265 103.976 0.07 136 288
4383148 73.451 7.908 132.429 0.06 98 110
4383149 90 4.6 65.367 0.07 10 10
4383150 78.106 4.417 101.199 0.044 12 13
4383211 99.87 54.164 85.652 0.632 73 75
4383246 100 66.667 86.992 0.766 3 3
4383259 94.912 8.167 122.928 0.066 18 36
4383479 99.84 77 92.268 0.835 6 6
4383604 84.212 10.05 68.323 0.147 20 30
438394 82.993 37.562 77.777 0.483 16 16
4384116 96.555 133 136.952 0.971 6 6
4384189 99.624 97.217 98.991 0.982 691 704
438430 99.809 96.095 102.51 0.937 42 42
4384399 99.659 112.3 121.918 0.921 20 21
4384415 97.771 121.364 142.543 0.851 11 11
4385230 99.768 104.538 98.609 1.06 13 14
4385455 99.697 96.575 101.41 0.952 431 442
4385487 99.572 120.509 135.177 0.891 57 57
4385491 98.871 147.645 112.349 1.314 217 246
4385678 98.254 73.125 110.92 0.659 16 16
4385897 98.762 41.655 53.516 0.778 29 32
43861 99.502 124.5 104.402 1.193 10 10
4386104 99.683 93.568 90.039 1.039 44 44
4386288 99.135 81.357 83.472 0.975 157 166
4386301 98.131 95.815 85.342 1.123 27 29
4386305 72.96 6.5 71.77 0.091 18 29
4386307 85.839 5.25 87.308 0.06 28 54
4386309 88.43 7.769 83.456 0.093 26 64
4386310 93.595 4.588 93.692 0.049 17 31
4386587 99.523 104.621 85.722 1.22 124 129
4386590 99.741 105.442 89.267 1.181 120 126
4386599 95.637 14.818 74.749 0.198 11 16
4386604 97.97 15.667 69.759 0.225 12 12
4386631 99.231 16.962 71.992 0.236 26 28
4386638 95.925 35.818 82.989 0.432 22 38
4386639 99.408 113.588 86.071 1.32 17 18
4386641 76.865 8.942 71.21 0.126 104 266
4386642 85.153 61 90.784 0.672 18 47
4386643 85.805 18.625 107.831 0.173 8 13
4386768 97.657 40.353 68.96 0.585 116 273
4386774 96.538 15.217 68.32 0.223 60 221
4386811 93.589 152.08 169.661 0.896 25 25
4387504 99.294 121.84 94.323 1.292 25 25
4387589 99.258 60.087 58.631 1.025 23 23
4387729 99.223 144.206 97.917 1.473 514 518
4388124 99.351 117.704 95.72 1.23 388 392
4388434 99.089 121.75 97.934 1.243 8 8
4388669 87.963 6.333 119.298 0.053 6 10
4390106 99.408 47.684 96.792 0.493 326 353
4390115 84.78 12.682 82.383 0.154 22 23
4390120 97.5 63.9 100.312 0.637 10 10
4390131 88.79 20.833 91.793 0.227 6 6
4390132 99.921 35.509 68.664 0.517 57 67
4390133 99.368 62.323 81.75 0.762 31 44
4390134 99.286 37.6 79.085 0.475 5 10
4390138 99.506 43.941 92.032 0.477 17 19
4390160 96.333 28.571 188.888 0.151 7 8
4390225 81.42 9.833 149.008 0.066 6 7
4390445 98.679 85.4 86.869 0.983 15 15
4390511 99.235 93.769 95.812 0.979 13 14
4391553 99.872 105.55 101.582 1.039 20 22
4392045 99.502 72 70.677 1.019 13 13
4392392 99.834 90.357 86.007 1.051 14 14
4392726 99.678 76.197 73.842 1.032 71 75
4392826 99.899 93.123 93.532 0.996 106 109
4393263 99.688 118.5 115.383 1.027 6 6
4393424 97.546 91.909 104.421 0.88 11 11
4393428 99.699 71.938 89.177 0.807 16 18
4393499 91.938 39.078 89.581 0.436 77 83
4393590 99.408 117.011 118.76 0.985 5927 6010
4393757 98.899 68.382 67.246 1.017 34 35
4393793 81.291 13.714 159.114 0.086 7 7
4393794 76.804 5.857 170.1 0.034 7 7
4393941 99.601 111.615 97.626 1.143 13 13
4393962 92.791 81.842 88.695 0.923 57 58
4394263 99.674 117.125 104.267 1.123 16 16
4394269 99.881 78.8 81.774 0.964 10 10
4394410 98.813 179.545 161.393 1.112 11 11
4395036 94.849 111 114.381 0.97 11 11
4395220 99.166 73.5 79.338 0.926 8 8
4395852 97.01 87.625 75.947 1.154 16 16
4396073 99.406 94.954 82.64 1.149 1395 1412
4396274 99.708 85.312 88.051 0.969 16 16
4396276 99.576 93.848 86.809 1.081 164 168
4397133 99.835 123 112.403 1.094 12 12
4397478 99.442 85.769 81.409 1.054 13 13
4397693 99.872 82.014 76.332 1.074 73 73
4397793 99.727 96.864 91.921 1.054 176 180
4397857 99.915 79.833 76.548 1.043 6 6
439791 99.567 80.5 78.393 1.027 20 20
4397996 67.843 26.036 88.582 0.294 28 27
4398205 99.519 102.571 91.032 1.127 7 7
4398748 99.467 88.011 81.554 1.079 94 97
4399137 99.664 106.547 99.924 1.066 1808 1838
4399398 99.318 87.229 87.446 0.998 35 35
4399446 98.678 66.556 57.151 1.165 9 9
4399517 99.596 112.636 109.376 1.03 11 11
4399976 99.48 92.538 98.093 0.943 26 26
4400113 99.659 73 72.541 1.006 7 7
4400428 99.887 133.917 119.89 1.117 12 12
4400641 99.834 105.544 114.928 0.918 57 58
4400811 99.492 104.54 106.496 0.982 50 53
4401044 99.367 86.714 70.975 1.222 7 7
4401284 100 96.652 87.16 1.109 23 23
4401445 99.947 177.087 170.177 1.041 23 23
4401536 99.481 128.477 134.725 0.954 86 86
4401680 98.854 143.8 120.339 1.195 5 5
4401802 99.464 90.933 91.236 0.997 178 181
4401927 99.745 71 68.002 1.044 17 17
4402279 99.767 90.143 87.12 1.035 7 7
4402320 99.798 93.273 77.021 1.211 11 11
4402712 99.741 91.727 78.51 1.168 11 11
4403176 99.097 84.243 74.526 1.13 37 37
4403353 99.507 112.8 93.793 1.203 10 10
4403497 99.327 168.333 161.719 1.041 9 9
4403584 99.575 110.814 86.943 1.275 70 72
4404200 99.755 111.391 90.08 1.237 23 23
4404523 99.594 110.639 92.754 1.193 72 74
4404694 99.455 105.798 97.998 1.08 1037 1060
4404938 98.776 158.8 128.815 1.233 10 11
4405060 99.655 132.273 102.398 1.292 11 11
4405204 99.295 149.185 121.498 1.228 27 28
4405229 99.693 114.957 90.392 1.272 23 23
4405282 99.679 107.667 81.898 1.315 18 18
4405351 98.138 67.688 69.47 0.974 16 16
4405374 99.801 172.111 160.296 1.074 9 9
4405404 98.995 108.533 95.724 1.134 15 15
4405437 99.361 90.619 78.482 1.155 21 21
4405553 96.317 324.71 62.092 5.229 31 31
4405555 98.697 188.06 118.178 1.591 100 103
4405898 99.182 150.481 130.232 1.155 52 51
4405958 99.367 60 65.26 0.919 7 7
4406084 99.544 102.222 99.391 1.028 9 9
4406366 99.714 84.115 76.215 1.104 52 54
4406716 99.976 134.333 102.62 1.309 9 9
4406754 99.799 121.9 113.265 1.076 10 10
4407106 98.938 96.75 82.017 1.18 12 12
4407250 99.557 85.75 86.875 0.987 60 61
4407268 99.497 113.429 112.007 1.013 7 7
4407413 99.846 112.062 108.64 1.032 16 16
4407438 98.709 133.3 122.779 1.086 10 11
4407528 99.737 104.511 98.322 1.063 45 45
4407532 99.871 93.5 93.424 1.001 14 14
4407547 99.71 109.864 92.115 1.193 22 22
4407555 99.826 137.714 116.777 1.179 14 15
4407584 99.874 117.104 104.747 1.118 48 49
4407587 99.308 70.316 70.435 0.998 19 19
4407598 99.899 147.952 133.666 1.107 21 20
4407604 99.504 130.267 120.047 1.085 30 30
4407608 99.422 116.731 109.903 1.062 26 26
4407614 99.68 130.759 113.869 1.148 29 29
4407630 99.495 115.571 110.54 1.046 21 21
4407631 97.535 83.467 94.262 0.885 15 17
4407655 99.391 98.5 95.727 1.029 12 12
4407656 98.515 159.913 180.05 0.888 23 24
4407670 99.686 96.273 85.435 1.127 11 11
4407682 99.904 73.231 94.484 0.775 13 13
4407686 99.769 161.5 151.578 1.065 34 34
4407695 99.269 81.971 78.766 1.041 70 71
4407703 98.931 105 98.241 1.069 31 32
4407704 99.115 119.469 108.772 1.098 49 50
4407710 99.788 107.167 93.859 1.142 6 6
4407712 98.717 102.833 85.451 1.203 30 30
4407713 99.756 132.263 116.149 1.139 38 38
4407714 97.587 68.158 67.361 1.012 19 19
4407715 99.794 59.778 59.711 1.001 9 9
4407716 99.394 104.421 95.726 1.091 38 38
4407721 99.779 95.659 83.85 1.141 44 44
4407724 99.878 104.88 83.927 1.25 25 27
4407731 99.89 97.375 97.443 0.999 8 8
4407733 97.957 120.625 111.83 1.079 24 24
4407734 93.71 110.286 100.113 1.102 28 30
4407735 79.622 35.556 85.011 0.418 9 10
4407742 98.842 91.682 83.235 1.101 170 171
4407748 99.528 78.875 89.134 0.885 16 16
4407756 99.386 93.024 85.552 1.087 41 41
4407758 99.523 88.484 81.375 1.087 124 133
4407760 99.799 134.733 112.997 1.192 30 32
4407766 99.016 99.828 96.441 1.035 29 29
4407767 99.226 54.692 64.174 0.852 13 13
4407769 99.619 108.643 90.964 1.194 14 16
4407785 99.09 59.455 63.757 0.933 11 11
4407790 99.29 105.363 99.517 1.059 284 287
4407791 99.596 138.086 121.934 1.132 35 36
4407793 97.689 112.417 129.544 0.868 36 37
4407794 99.087 107.289 105.734 1.015 97 99
4407796 99.838 96.973 86.955 1.115 75 74
4407797 98.802 97.871 121.41 0.806 31 32
4407802 99.793 92.409 81.654 1.132 44 47
4407805 99.767 84.148 84.413 0.997 27 27
4407806 99.885 113 103.811 1.089 23 23
4407824 99.687 113.926 104.216 1.093 54 54
4407830 99.657 94.225 86.818 1.085 209 220
4407832 99.43 84.771 81.606 1.039 70 71
4407834 99.554 111.818 115.574 0.967 11 11
4407847 99.474 91.908 92.235 0.996 65 67
440785 99.382 75.167 87.805 0.856 12 12
4407850 99.841 90.68 77.462 1.171 25 25
4407853 99.765 110.737 111.692 0.991 19 21
4407854 99.755 99.333 97.849 1.015 54 54
4407857 99.703 101.481 101.031 1.004 52 53
4407862 99.853 92.312 81.153 1.138 16 16
4407868 99.174 96.455 91.003 1.06 22 22
4407880 99.831 112.426 100.183 1.122 115 115
4407896 98.755 68.821 66.441 1.036 28 28
4407898 100 46.9 53.156 0.882 10 10
4407899 99.674 109.107 97.311 1.121 28 29
4407901 99.903 77.235 74.355 1.039 17 17
4407902 99.014 101.22 93.813 1.079 41 42
4407911 99.703 68.286 69.082 0.988 21 22
4407913 99.755 125.805 105.74 1.19 41 41
4407916 99.793 110.1 101.148 1.089 70 70
4407917 99.439 99.447 89.164 1.115 38 39
4407922 85.82 21.985 86.074 0.255 134 257
4407925 97.319 105.875 97.38 1.087 72 96
4407926 99.048 65.619 116.267 0.564 21 41
4407928 99.158 96.333 93.434 1.031 21 56
4407929 99.053 111.457 89.753 1.242 94 113
4407931 99.089 119.109 109.47 1.088 46 46
4407934 99.431 120.792 111.243 1.086 106 107
4407935 98.402 89.233 80.914 1.103 146 147
4407940 95.356 87.757 85.194 1.03 37 38
4407944 99.417 98.548 89.725 1.098 135 136
4407946 99.263 113.678 97.933 1.161 59 59
4407947 99.916 98.903 95.78 1.033 31 33
4407949 98.388 88.176 95.403 0.924 34 34
4407950 97.458 87.75 111.928 0.784 16 16
4407952 99.469 112.752 100.848 1.118 238 238
4407955 97.842 86.949 84.231 1.032 39 39
4407956 99.667 144.287 125.292 1.152 80 83
4407959 93.233 78.524 120.076 0.654 21 29
4407961 98.824 118.324 102.713 1.152 34 35
4407964 99.921 78.067 69.679 1.12 15 15
4407965 99.38 157.493 145.757 1.081 73 74
4407966 98.841 99.5 83.888 1.186 20 21
4407967 99.607 106.707 96.732 1.103 1573 1607
4407970 99.567 122.745 101.623 1.208 98 98
4407973 99.188 103.89 97.738 1.063 290 293
4407975 99.814 154.7 142.662 1.084 10 10
4407976 99.614 141.152 142.579 0.99 33 33
4407977 98.794 99.311 94.352 1.053 61 64
4407979 99.329 119.727 110.493 1.084 55 59
4407980 99.734 125.245 113.618 1.102 241 244
4407982 99.832 90.631 90.324 1.003 65 66
4407985 99.493 108.712 100.55 1.081 156 159
4407986 99.675 94.2 84.17 1.119 145 147
4407989 96.611 223.375 198.318 1.126 8 8
4407991 98.917 97.741 102.4 0.955 54 56
4407992 98.489 109.029 101.993 1.069 34 34
4407993 99.868 94.387 85.157 1.108 75 76
4407994 99.575 93.821 86.941 1.079 28 28
4407995 99.34 80.894 73.875 1.095 85 85
4407997 99.766 82.596 74.935 1.102 151 153
4407998 99.702 119 107.02 1.112 18 18
4408000 99.749 63.778 65.412 0.975 9 9
4408002 100 98 87.769 1.117 6 6
4408003 99.729 126.088 114.728 1.099 147 149
4408004 99.706 93.256 85.143 1.095 39 40
4408006 99.268 77.7 71.114 1.093 40 40
4408009 99.537 106.727 91.887 1.162 183 183
4408010 99.589 105.706 101.724 1.039 34 34
4408013 99.964 143.571 118.767 1.209 14 14
4408025 99.808 107.4 93.037 1.154 10 10
4408030 99.414 80.857 74.376 1.087 14 14
4408041 89.088 4.344 84.164 0.052 32 283
4408042 92.636 4.17 84.517 0.049 53 238
4408046 99.765 139.114 134.179 1.037 70 71
4408047 99.771 112.303 109.554 1.025 33 33
4408048 98.887 95.765 95.097 1.007 51 52
4408049 100 93.857 87.05 1.078 14 14
4408050 99.776 101.86 98.654 1.032 57 58
4408051 99.445 83.375 98.843 0.844 8 8
4408052 98.798 85.75 86.138 0.995 12 12
4408054 99.007 106.067 100.094 1.06 209 210
4408057 99.587 106.238 94.46 1.125 21 22
4408059 99.538 99.117 93.579 1.059 60 61
4408060 99.792 87.5 73.583 1.189 30 29
4408061 99.576 107.978 98.378 1.098 91 94
4408063 99.341 81.886 74.01 1.106 35 36
4408064 99.578 94.378 81.519 1.158 90 93
4408068 99.857 123.857 105.858 1.17 7 7
4408069 99.73 114.333 99.851 1.145 45 45
4408070 99.763 92.305 87.14 1.059 95 96
4408072 97.702 105.75 96.59 1.095 12 12
4408084 99.67 90.05 90.293 0.997 20 20
4408085 98.956 78.118 74.375 1.05 34 34
4408093 99.471 117.526 108.846 1.08 57 57
4408094 99.64 142.103 133.022 1.068 348 351
4408096 99.502 97.321 92.783 1.049 28 30
4408099 98.949 94.267 92.892 1.015 60 61
4408101 96.304 144.056 145.544 0.99 18 18
4408102 99.616 100.671 94.508 1.065 76 77
4408103 98.626 89.194 81.896 1.089 67 67
4408105 100 138.083 120.35 1.147 12 12
4408114 99.785 75.962 67.895 1.119 53 64
4408115 97.387 85.565 85.734 0.998 23 25
4408121 99.696 76.857 60.563 1.269 14 16
4408124 99.79 103.5 91.714 1.129 62 64
4408125 99.772 104.769 102.651 1.021 65 66
4408126 98.669 101.435 97.991 1.035 23 24
4408130 99.794 89.593 89.061 1.006 27 27
4408135 99.471 88.579 99.459 0.891 19 20
4408137 99.739 106.481 92.138 1.156 27 27
4408138 97.86 82.2 86.763 0.947 15 18
4408139 97.835 101.867 92.772 1.098 15 16
4408141 99.504 78.645 77.699 1.012 31 32
4408144 99.193 90.667 83.964 1.08 78 78
4408148 99.362 134.275 120.203 1.117 40 40
4408150 99.782 128.556 107.36 1.197 18 18
4408156 99.379 117.4 109.207 1.075 20 20
4408159 99.802 94.526 78.412 1.206 19 19
4408166 100 64.765 61.147 1.059 17 17
4408168 99.956 76.273 74.491 1.024 22 22
4408169 97.79 86.833 127.121 0.683 12 25
4408185 99.864 93.525 77.921 1.2 59 61
4408342 96.18 122.5 113.618 1.078 6 6
4408473 99.923 73.167 76.928 0.951 18 18
4408588 99.254 130.333 131.138 0.994 12 12
4408676 99.378 108.2 100.141 1.08 10 10
4408718 99.545 475.5 170.845 2.783 8 7
4408724 99.431 79.091 75.351 1.05 11 12
4408806 99.733 81.714 88.919 0.919 35 36
4408918 99.372 87.735 92.505 0.948 34 34
4409102 99.662 89.583 97.448 0.919 12 13
4409203 99.5 103.938 104.199 0.997 16 16
4409207 99.739 78.455 81.018 0.968 11 11
4409284 99.56 107.396 105.8 1.015 48 48
4410336 99.904 109.4 96.433 1.134 10 10
4410679 99.267 85.857 81.973 1.047 35 37
4410735 99.687 119.533 97.599 1.225 15 15
4411272 99.382 109.069 101.931 1.07 29 31
4411290 99.474 64.3 71.392 0.901 10 10
4411382 97.645 77.625 82.294 0.943 8 8
4411462 97.778 59 94.054 0.627 10 10
4411475 99.197 37.57 66.167 0.568 669 690
4411495 86.973 11 96.894 0.114 42 63
4411498 72.625 6.28 90.538 0.069 25 69
4411499 78.611 26.571 118.034 0.225 21 52
4411500 85.004 8.95 86.216 0.104 20 62
441262 99.851 84.625 84.854 0.997 16 16
441412 99.925 104.308 96.22 1.084 13 13
441763 99.741 88.556 91.896 0.964 54 54
441823 99.516 102.267 109.007 0.938 2640 2644
442385 97.847 107.75 96.625 1.115 12 12
442746 99.303 110.632 102.871 1.075 95 95
444228 99.32 82.278 81.492 1.01 18 18
444351 99.943 106.857 95.44 1.12 7 12
444527 99.98 172 161.581 1.064 7 7
444789 100 11.667 87.775 0.133 6 7
444924 99.599 98.056 87.993 1.114 90 90
445627 98.777 64.067 55.199 1.161 15 15
445737 99.552 74.75 62.023 1.205 8 8
446152 98.789 74.529 84.498 0.882 17 17
446379 65.264 12.29 159.45 0.077 31 44
446380 85.556 27.864 102.095 0.273 22 32
447002 99.832 130.8 119.583 1.094 5 5
44734 99.479 124.265 139.07 0.894 34 33
447359 99.687 94.333 85.46 1.104 12 12
447360 99.892 107.077 83.856 1.277 13 13
447626 98.935 76.647 72.102 1.063 17 17
447718 91.194 71 83.62 0.849 14 14
447827 99.641 100.588 90.348 1.113 131 131
448548 99.549 113.057 111.492 1.014 70 70
448630 99.655 67.459 70.028 0.963 111 111
448705 89.209 39.768 75.665 0.526 69 192
448707 82.833 12.955 75.559 0.171 22 82
448711 94.841 6.714 83.65 0.08 7 9
448732 92.445 26.9 73.901 0.364 20 100
449259 100 110.462 109.9 1.005 13 13
44958 99.931 80.5 87.376 0.921 18 18
449617 99.738 87.611 85.876 1.02 18 19
450546 99.566 107.382 93.828 1.144 76 77
450554 98.549 105.923 85.107 1.245 39 39
450565 99.205 111.643 97.118 1.15 154 154
450573 97.765 123.815 98.062 1.263 27 27
450640 99.402 108.062 90.839 1.19 2685 2690
450703 99.117 121.891 106.7 1.142 46 46
451086 99.64 108.818 100.195 1.086 22 22
452164 100 99 104.356 0.949 6 6
452324 99.594 118.5 98.259 1.206 8 9
452486 99.955 130.167 131.96 0.986 24 24
45274 98.642 107.929 108.455 0.995 14 14
454189 99.685 119.857 110.061 1.089 35 35
454273 99.127 38.095 57.508 0.662 21 21
454333 100 22.75 120.907 0.188 4 5
454607 82.688 40.541 185.53 0.219 74 73
454610 83.521 33.138 162.09 0.204 58 57
454611 82.321 9.688 102.432 0.095 32 33
454616 77.179 4.769 86.586 0.055 13 14
454620 70.287 9.333 159.178 0.059 9 9
455325 99.74 122.4 103.462 1.183 5 5
455329 100 140.25 120.523 1.164 4 4
455529 99.466 91.444 90.249 1.013 9 9
455712 85.321 5.769 80.467 0.072 13 27
455726 100 66.6 188.674 0.353 10 11
455738 67.917 11.053 86.285 0.128 19 19
456188 60.93 6.074 105.808 0.057 68 204
456189 60.958 9.138 133.346 0.069 29 49
456190 69.873 36 135.845 0.265 38 86
456205 74.042 25.9 60.06 0.431 10 10
456212 91.537 53.129 74.02 0.718 31 32
456249 93.19 39.348 124.983 0.315 23 73
456251 86.238 31.074 107.59 0.289 122 256
456416 98.021 92.133 90.719 1.016 15 15
456972 100 256.375 208.55 1.229 8 8
45753 99.579 120.653 99.474 1.213 101 100
45759 99.674 138.625 111.58 1.242 16 16
45808 98.88 148 104.399 1.418 29 29
458923 98.876 137.265 117.889 1.164 34 34
459073 99.673 87.963 78.076 1.127 27 27
459389 93.75 34.75 91.573 0.379 8 8
460864 96.833 97.625 94.673 1.031 24 24
460995 98.921 63.625 61.932 1.027 8 8
462060 99.644 119.068 112.878 1.055 44 44
462069 99.862 106.562 102.613 1.038 16 16
462093 97.878 86.692 85.837 1.01 13 13
463112 99.55 93.326 76.661 1.217 46 46
464195 99.654 117.333 113.94 1.03 12 12
464651 99.36 98.395 101.523 0.969 43 43
465154 98.914 200.577 186.072 1.078 26 26
466048 92.254 7.88 95.563 0.082 142 330
466050 91.906 7.305 95.789 0.076 128 332
466051 78.188 4.065 90.141 0.045 31 177
46640 99.698 73 73.719 0.99 30 30
46651 99.86 64.625 66.342 0.974 8 8
46664 95.91 81.4 79.385 1.025 5 5
466704 99.238 107.4 115.868 0.927 10 10
466768 90.378 4.167 75.062 0.056 12 20
466771 100 5.1 88.115 0.058 10 21
46729 99.616 170.062 160.585 1.059 32 32
467433 99.694 43.958 79.098 0.556 527 537
46771 99.495 102.462 95.172 1.077 13 13
46781 99.532 77.597 72.719 1.067 119 119
46816 98.91 157.667 146.685 1.075 12 12
468213 99.692 128.636 107.881 1.192 11 11
468259 98.519 103.235 100.164 1.031 17 17
46829 99.297 112.154 101.447 1.106 13 13
468294 94.853 7.057 95.383 0.074 176 330
46873 98.886 107.545 103.745 1.037 11 11
469073 76.808 6.154 81.075 0.076 13 23
469074 60.404 15.942 121.483 0.131 154 493
46916 99.873 107.273 104.19 1.03 22 22
469545 94.162 25.889 80.363 0.322 9 12
469561 98.582 56.308 59.292 0.95 26 26
46958 97.908 116.667 112.258 1.039 12 12
469602 99.207 114.925 104.749 1.097 133 132
469613 97.593 81.152 90.083 0.901 66 66
46966 98.999 164.2 159.741 1.028 10 10
46996 99.009 90.5 87.37 1.036 16 16
470073 99.799 96.548 107.736 0.896 42 42
4707 99.684 76.462 84.084 0.909 13 13
47136 99.628 143.111 127.625 1.121 36 36
471431 99.398 111.579 109.604 1.018 38 38
471885 76.664 5.125 79.792 0.064 40 193
471886 73.372 5.028 80.861 0.062 36 195
471887 80.392 24.333 79.985 0.304 36 202
471888 71.276 4.944 81.307 0.061 18 192
471890 93.125 3.917 81.055 0.048 12 196
47204 99.67 143.14 119.217 1.201 43 43
472271 99.326 88.556 79.95 1.108 36 37
47254 99.632 103.5 94.571 1.094 8 8
472705 99.946 113.312 108.974 1.04 16 19
4741 99.838 101.833 105.461 0.966 6 6
474344 99.498 101.5 96.627 1.05 6 6
475330 99.481 101.427 87.014 1.166 782 779
476222 77.333 6.1 78.181 0.078 10 12
476223 83.518 7.222 72.902 0.099 9 12
476224 91.51 40.821 79.113 0.516 28 34
477248 81.906 8.2 50.76 0.162 5 5
478035 98.779 118.714 127.13 0.934 7 7
478686 99.214 246.847 234.84 1.051 294 308
479069 99.167 36.833 52.488 0.702 6 6
479263 100 92.25 107.106 0.861 8 8
479294 79.997 13.167 10.072 1.307 6 6
479298 78.635 44.7 36.028 1.241 10 10
479299 73.146 16.857 15.281 1.103 7 7
479300 79.77 18.923 14.255 1.327 13 13
4810 97.798 95.833 110.869 0.864 6 6
481312 82.414 8.111 66.828 0.121 9 9
481820 99.507 85.222 86.999 0.98 9 9
481841 99.707 86.4 64.212 1.346 10 10
482440 98.518 108.963 90.787 1.2 81 80
4825 99.636 96.111 102.587 0.937 18 18
482911 58.88 11.75 70.603 0.166 24 24
482946 73.305 13 71.433 0.182 26 34
482950 88.172 9.256 80.791 0.115 82 112
482951 90.938 6.467 87.24 0.074 45 59
482953 95 15.714 86.725 0.181 7 12
482954 93.988 4.688 93.611 0.05 16 31
483055 99.588 111.924 100.301 1.116 119 119
483118 99.638 115.269 99.866 1.154 26 26
483256 93.624 97.929 93.852 1.043 14 26
483283 86.65 20.417 80.738 0.253 12 15
483287 71.438 10.353 76.966 0.135 34 44
483292 76.206 29.455 81.774 0.36 11 11
483402 78.988 48.286 82.493 0.585 21 24
483534 77.178 23.654 76.834 0.308 26 28
483796 86.826 11.4 89.924 0.127 5 6
484005 90.427 115.212 98.353 1.171 66 104
484108 99.762 116 94.984 1.221 8 8
484110 99.53 110.273 82.905 1.33 55 55
484123 99.51 96.4 85.623 1.126 20 20
484395 99.457 128.617 112.144 1.147 630 629
484461 89.107 455.929 58.206 7.833 14 15
484462 86.578 423.111 55.976 7.559 27 31
484504 47.733 2832.6 84.245 33.624 10 30
48503 99.298 113.869 111.931 1.017 3076 3078
485604 99.672 71.692 80.749 0.888 13 13
485672 99.519 97.5 75.943 1.284 8 8
485697 99.934 106.667 103.406 1.032 12 12
485731 99.534 177.491 92.749 1.914 53 53
485835 99.888 73.636 62.901 1.171 11 11
486054 99.734 191.842 173.467 1.106 19 18
486149 99.487 105.987 87.754 1.208 151 150
486229 99.551 92.9 69.095 1.345 10 10
486396 100 141.429 121.114 1.168 7 7
486449 99.947 129.909 102.575 1.266 22 22
486846 99.027 67 47.057 1.424 39 39
486851 89.769 64.214 67.767 0.948 14 23
486852 85.833 5.7 54.662 0.104 10 16
486853 85.197 7.333 47.652 0.154 9 15
487424 87.734 6 85.101 0.071 27 61
487425 90.49 6.5 86.877 0.075 34 58
487427 91.267 7.02 86.808 0.081 49 68
487852 95.733 50.333 88.78 0.567 6 15
488466 99.561 54.833 49.376 1.111 12 12
488547 99.782 91.333 95.487 0.956 6 6
489215 99.957 157.087 129.863 1.21 23 23
489898 99.808 172.667 138.645 1.245 9 9
489935 99.533 123.052 95.543 1.288 2756 2693
490 99.271 87.667 71.049 1.234 30 30
490394 98.858 81 73.588 1.101 11 11
490666 98.396 55.667 102.536 0.543 15 15
491247 99.423 80.181 87.071 0.921 1052 1053
492115 98.555 61 71.702 0.851 23 23
4926 99.342 73.663 60.971 1.208 169 168
4935 100 105 91.974 1.142 6 6
495068 98.631 87.496 75.106 1.165 139 139
495545 99.383 154.667 143.365 1.079 6 6
49581 100 63.875 59.446 1.074 8 8
497329 98.216 110.875 154.66 0.717 16 17
497383 99.512 100.027 121.093 0.826 182 182
497759 99.893 33.311 33.586 0.992 167 174
4978 99.664 138.833 114.371 1.214 12 12
497896 99.883 53.188 62.867 0.846 16 16
NA NA NA NA NA NA NA
499 57.577 295.845 86.453 3.422 168 88
4990 97.327 95.5 83.336 1.146 10 10
499175 99.54 52.357 49.187 1.064 14 14
499253 99.2 144.842 128.706 1.125 19 19
499631 99.25 95.076 83.601 1.137 276 275
499955 96.376 16.647 71.594 0.233 34 40
499956 97.778 37.2 77.683 0.479 5 5
499957 94.867 11.267 70.819 0.159 30 38
499962 100 18.154 72.75 0.25 13 28
499963 100 10.917 66.746 0.164 12 29
500299 99.371 70.348 82.894 0.849 23 23
500514 73.463 9.087 89.1 0.102 46 46
500516 69.295 6.5 86.1 0.075 6 6
500675 99.781 80.545 78.689 1.024 22 22
501352 99.616 86.845 86.515 1.004 290 290
50219 100 124.625 115.686 1.077 8 8
502284 99.483 111.42 97.634 1.141 464 464
502507 99.739 90.214 83.977 1.074 14 14
503383 99.913 80.583 66.603 1.21 12 12
503408 99.29 78 80.201 0.973 17 17
504739 99.932 78.182 86.879 0.9 11 11
50557 98.25 97.272 99.14 0.981 2253 2250
50558 96.606 88.409 89.241 0.991 22 22
50562 97.576 93.429 88.869 1.051 14 14
506 95.688 56.5 52.833 1.069 6 6
506567 99.433 138.436 95.212 1.454 101 1490
50660 98.12 76.143 76.168 1 7 7
50684 82.573 42 30.516 1.376 10 11
50685 83.16 50.333 29.382 1.713 6 7
507305 97.78 134.375 131.352 1.023 8 8
5076 98.508 151.273 123.617 1.224 33 33
507707 99.181 95.083 88.968 1.069 36 36
5078 99.8 164.889 162.811 1.013 9 9
5081 99.867 112.333 95.537 1.176 24 24
508105 99.896 100.556 87.44 1.15 9 9
5083 99.364 121.833 99.563 1.224 18 18
51007 99.342 78 86.079 0.906 8 8
510383 99.813 139.118 127.405 1.092 17 17
510641 99.381 106.706 97.546 1.094 68 68
510839 73.944 11.429 99.617 0.115 56 70
510840 86.06 157.375 218.573 0.72 8 8
51100 100 95.25 100.367 0.949 8 8
511173 80.782 20.875 112.607 0.185 8 9
5114 89.286 28.714 61.035 0.47 7 7
511587 100 79.273 89.107 0.89 11 11
5124 96.989 125.412 96.683 1.297 34 37
512643 100 137.6 162.44 0.847 5 5
513351 98.866 94.25 98.86 0.953 20 21
515317 99.794 88 81.641 1.078 10 10
515866 96.048 173.333 168.002 1.032 6 6
516006 99.331 71.615 67.527 1.061 13 13
516203 99.27 122.805 111.758 1.099 118 119
51745 98.241 13.062 70.752 0.185 32 42
517479 98.792 114.333 106.88 1.07 18 18
518126 99.461 74 72.554 1.02 9 9
518653 99.784 109.875 101.002 1.088 16 16
518692 98.708 122.571 107.42 1.141 49 49
51888 99.604 97.088 83.846 1.158 91 91
518906 99.722 88.264 79.029 1.117 148 148
518987 99.558 108.741 109.24 0.995 2674 2671
519195 98.432 68.152 71.08 0.959 178 178
519432 98.311 74.73 95.331 0.784 37 37
51969 99.554 87.857 80.643 1.089 7 7
520462 65.421 15.273 9.4 1.625 11 11
520732 97.174 109.8 104.019 1.056 5 5
520962 99.525 88.259 79.636 1.108 27 27
522225 99.879 166.438 159.266 1.045 16 16
522688 99.544 63.373 83.401 0.76 386 387
523301 99.259 90.793 91.542 0.992 29 30
523330 96.013 59.583 77.777 0.766 12 12
523336 98.861 67.529 91.974 0.734 17 17
5234 98.751 109.778 93.311 1.176 9 9
524758 99.201 92.962 89.361 1.04 1481 1478
524802 99.862 132.8 129.513 1.025 5 5
525256 99.869 90.882 86.765 1.047 51 51
526 99.897 95.444 81.833 1.166 9 9
526254 99.981 99.857 95.362 1.047 14 14
52696 99.512 92.375 89.865 1.028 32 32
527075 68.31 27.762 22.115 1.255 21 21
52793 100 145.4 110.099 1.321 5 5
532480 64.546 32.077 162.603 0.197 13 15
532804 99.332 130.667 129.722 1.007 6 6
53336 99.738 74 90.606 0.817 11 11
533547 99.619 99.063 109.041 0.908 2645 2644
533956 99.579 99 94.612 1.046 23 23
534211 84.351 96 90.203 1.064 7 7
534521 99.796 119.632 116.138 1.03 114 114
536070 94.772 61.6 53.651 1.148 15 15
536967 99.062 98.474 90.126 1.093 19 19
538219 99.03 106.537 102.43 1.04 54 54
539224 100 106.4 175.892 0.605 5 6
540679 96.529 113.571 109.814 1.034 21 21
540768 99.489 121.176 95.259 1.272 17 17
541664 99.603 111.286 97.792 1.138 56 56
541806 99.824 88.133 89.207 0.988 15 15
541954 99.223 117.903 95.074 1.24 31 31
541988 99.87 144.692 148.844 0.972 13 13
542022 99.88 169.857 133.032 1.277 7 7
542779 100 79.75 78.949 1.01 16 16
542956 99.941 121.345 102.647 1.182 29 29
542959 99.724 107.577 90.217 1.192 3402 3411
54472 99.215 128.778 100.25 1.285 18 17
545130 98.639 113.158 97.926 1.156 19 19
545639 99.915 94.818 78.8 1.203 22 22
545652 99.761 118.333 92.323 1.282 21 21
546005 99.763 89.5 79.306 1.129 6 6
546315 99.387 123.041 114.837 1.071 49 49
546865 99.698 132.179 125.398 1.054 78 78
547008 95 87 107.877 0.806 5 5
547538 99.731 112.441 86.52 1.3 34 34
547922 97.782 62.5 58.001 1.078 8 8
548362 99.64 102.25 86.91 1.177 44 44
548738 99.377 126.579 100.349 1.261 19 19
549363 99.585 110.156 109.041 1.01 2647 2643
549592 97.499 124.105 101.66 1.221 38 40
549628 96.196 112.727 103.767 1.086 11 11
549635 97.5 89.364 79.769 1.12 11 11
549643 98.975 117.742 113.525 1.037 31 31
549648 99.015 85.759 72.547 1.182 58 58
549704 99.796 94.071 87.213 1.079 28 28
550829 99.718 82.231 91.898 0.895 26 26
551 99.421 165.3 88.543 1.867 10 10
551057 99.77 84.929 70.417 1.206 14 14
551564 99.472 93.768 104.698 0.896 177 178
551568 69.116 27.217 92.883 0.293 23 23
551569 77.251 15.145 94.01 0.161 69 69
551595 99.646 66.923 83.483 0.802 26 26
552316 99.354 105.55 98.486 1.072 60 61
552544 99.846 92.429 66.789 1.384 7 7
552996 97.552 79.1 72.449 1.092 10 10
553893 99.794 158.818 158.53 1.002 11 11
554579 99.874 136.045 121.962 1.115 22 22
555437 99.77 102.821 103.865 0.99 28 27
556385 99.063 111.033 105.668 1.051 30 30
556394 99.584 159 144.496 1.1 5 5
556411 98.085 73.333 62.868 1.166 12 12
557277 99.691 105.933 92.391 1.147 30 30
557363 99.877 83.952 87.413 0.96 62 62
557485 99.498 85.154 78.175 1.089 13 13
557865 99.297 87.106 80.917 1.076 66 67
558684 99.67 129.5 118.397 1.094 6 6
558821 92.222 44 109.213 0.403 12 14
558859 98.309 38.222 86.287 0.443 9 9
558867 91.666 3.75 72.679 0.052 8 19
559469 98.083 90.498 99.697 0.908 241 241
559473 99.927 119.615 111.378 1.074 13 13
559935 99.598 98.933 85.626 1.155 30 30
560256 97.499 128.667 114.281 1.126 21 21
56028 99.553 100.692 90.138 1.117 104 105
560476 99.453 70.5 70.524 1 6 6
560664 92.518 104.071 102.627 1.014 28 28
561776 99.618 110.988 109.004 1.018 2646 2644
561777 99.638 111.858 109.027 1.026 2647 2645
561948 99.877 73.074 78.929 0.926 27 27
562254 99.638 85.667 66.785 1.283 9 10
562292 98.488 145 143.43 1.011 5 5
56285 97.619 138 140.375 0.983 7 7
563420 99.306 87.75 62.189 1.411 8 9
563422 94.274 92.5 71.442 1.295 14 14
563426 99.489 112.857 93.319 1.209 28 28
563506 99.841 80.1 69.328 1.155 10 10
563681 99.175 118.025 119.18 0.99 121 121
564449 99.512 96.417 99.131 0.973 12 12
564939 99.201 101.462 95.056 1.067 13 13
564949 100 126.5 129.986 0.973 6 6
565551 98.593 129.318 128.021 1.01 22 22
565713 99.846 91.25 81.032 1.126 8 8
565764 99.778 120.7 123.621 0.976 10 10
566353 95.833 92.067 111.288 0.827 15 15
566355 97.401 37 114.514 0.323 11 12
566357 76.47 10.947 98.175 0.112 19 22
566360 87.027 19.565 100.311 0.195 23 26
566414 99.214 71.679 88.439 0.81 28 29
566432 95.279 56.111 86.592 0.648 54 55
566433 96.034 70.944 98.32 0.722 54 55
566434 93.198 58.477 94.554 0.618 44 46
566520 100 87.125 70.903 1.229 8 8
566591 99.824 113.261 99.129 1.143 23 23
56765 99.616 99.715 90.707 1.099 130 128
569413 99.787 112.087 90.082 1.244 23 23
569778 99.93 40.442 58.281 0.694 138 142
569810 98.312 70.125 99.63 0.704 16 16
570422 99.681 151.188 140.3 1.078 16 16
570438 99.789 83.577 81.149 1.03 26 26
5727 99.679 95.071 99.564 0.955 14 14
573 99.567 112.87 101.426 1.113 23 23
573159 100 55.25 55.978 0.987 8 8
573202 98.819 143.227 136.963 1.046 22 22
573359 98.897 60.469 71.045 0.851 32 32
574027 61.539 10.825 83.365 0.13 63 83
574029 77.519 11.352 93.619 0.121 182 223
574368 97.004 116.429 114.239 1.019 7 7
575042 100 245 224.5 1.091 2 2
575087 99.768 80 100.785 0.794 5 5
575222 100 72 70.177 1.026 6 6
575281 100 258.25 268.642 0.961 4 4
575719 99.958 78.947 82.783 0.954 19 19
575907 99.361 116.047 114.37 1.015 3353 3353
576093 99.877 70.667 88.843 0.795 9 9
576108 77.894 14 34.557 0.405 7 7
576316 99.688 78.655 81.475 0.965 29 29
576403 98.808 144.167 138.038 1.044 6 6
576574 99.43 74.872 91.747 0.816 47 48
576795 99.988 137.13 152.75 0.898 23 23
577018 99.62 102.423 88.747 1.154 655 654
57704 99.952 115.125 97.783 1.177 8 8
57731 99.954 79.25 70.296 1.127 8 8
578238 98.109 79.708 81.509 0.978 24 24
578599 97.945 92.4 76.491 1.208 10 10
5787 100 210.5 177.853 1.184 8 8
578903 99.675 87.19 91.018 0.958 21 21
579703 99.085 175.333 163.652 1.071 6 6
580054 99.119 103.211 94 1.098 19 19
58054 99.948 167.769 138.334 1.213 13 13
58107 99.577 211.727 164.722 1.285 11 11
581533 94.966 103.312 110.952 0.931 16 16
583352 99.194 93.25 89.18 1.046 8 8
583786 99.009 74.5 68.95 1.08 8 8
583919 78.257 11.968 89.15 0.134 93 170
583921 66.593 7.978 92.083 0.087 45 201
583922 82.486 14.824 70.523 0.21 17 30
583924 86.78 9.571 105.071 0.091 14 32
583925 76.49 23.133 70.094 0.33 15 32
583927 88.943 5.797 90.633 0.064 59 165
584059 100 68.571 58.48 1.173 14 14
584078 98.679 186.125 149.293 1.247 16 15
5842 99.153 81.9 83.11 0.985 10 10
584698 99.355 78.4 78.911 0.994 20 20
584704 99.61 98.273 99.774 0.985 22 22
584712 99.368 70.663 83.348 0.848 282 282
585511 99.444 105.348 95.326 1.105 89 88
586814 98.632 82.456 87.586 0.941 57 57
589536 99.825 158.467 113.789 1.393 15 17
591015 99.813 86.928 71.037 1.224 83 82
591240 99.826 111.5 102.419 1.089 8 8
591442 99.324 100.571 113.773 0.884 14 14
592082 99.449 82.565 77.16 1.07 92 92
592613 99.694 107 87.784 1.219 12 12
594495 98.182 53.091 59.419 0.893 11 12
595737 85.641 16.8 19.913 0.844 15 17
595742 99.373 78.884 77.521 1.018 1501 1502
596241 81.397 22.727 151.205 0.15 11 11
59661 99.909 53.895 57.324 0.94 19 19
597660 99.299 62.137 65.976 0.942 51 51
59776 99.792 100.077 94.573 1.058 13 13
598406 99.841 80.364 85.482 0.94 11 11
59844 99.766 102.89 94.749 1.086 163 163
598587 98.736 190 167.13 1.137 28 28
598621 98.766 152.723 105.496 1.448 65 65
598847 99.358 99.856 87.028 1.147 263 263
599137 99.778 238.222 104.252 2.285 9 9
599891 99.684 107.13 99.804 1.073 23 23
60056 99.802 106.833 101.711 1.05 18 18
60061 99.628 78.08 78.074 1 25 25
600611 99.25 79.972 71.621 1.117 36 36
600672 99.936 87.529 66.799 1.31 34 35
60088 95.833 140.917 120.575 1.169 12 12
60131 99.651 116.025 92.234 1.258 605 604
60193 99.653 236.667 203.405 1.164 6 6
60194 99.471 134.632 97.625 1.379 19 19
60196 96.428 148.8 103.78 1.434 20 20
60215 99.138 103.021 90.449 1.139 237 237
60216 98.901 142.571 106.773 1.335 98 98
60217 99.671 118.341 83.711 1.414 44 44
60226 99.406 108 89.472 1.207 33 33
60227 98.353 108.448 85.889 1.263 29 29
60228 99.721 68 45.497 1.495 12 12
60239 99.336 126.711 96.931 1.307 45 45
60241 98.65 139.304 108.205 1.287 23 23
60252 98.085 175.769 110.443 1.591 26 26
602838 99.164 96.429 91.788 1.051 7 7
60371 98.469 164.909 156.626 1.053 11 11
60393 99.755 129.294 114.755 1.127 17 17
604460 98.932 80.84 79.306 1.019 25 25
606504 95.848 68.531 111.95 0.612 32 34
60752 99.014 66.6 70.167 0.949 5 5
60821 99.518 95.111 89.176 1.067 314 314
608992 99.252 98.635 80.795 1.221 85 85
609909 99.797 97.96 92.03 1.064 25 24
610941 98.753 167.688 138.297 1.213 16 16
611048 99.463 109.657 108.981 1.006 2650 2648
61258 99.855 132.8 123.456 1.076 15 15
612601 99.498 76.154 74.562 1.021 13 13
612850 99.934 87.875 94.103 0.934 16 16
61368 99.837 125.429 127.915 0.981 7 7
613889 99.034 123.167 110.021 1.119 108 108
615039 98.153 73.167 77.495 0.944 24 24
615305 97.909 106.652 100.487 1.061 23 23
615476 99.97 148 140.414 1.054 6 6
615884 99.139 67.381 93.585 0.72 21 21
615893 98.551 73 79.776 0.915 9 9
61716 92.115 84.333 75.518 1.117 6 6
618505 99.359 105.796 94.718 1.117 49 49
618591 98.728 73.6 79.546 0.925 15 15
61918 99.641 65.294 66.579 0.981 17 17
620072 99.773 79.808 99.353 0.803 52 53
620625 99.511 122.844 118.283 1.039 5928 5908
62089 99.876 95.429 93.28 1.023 7 7
621569 99.297 111.167 96.789 1.149 18 18
621598 99.303 119.715 113.899 1.051 3286 3290
621671 98.912 77.962 77.316 1.008 26 26
621955 99.527 177.071 181.881 0.974 84 84
622004 99.186 91.1 101.245 0.9 10 17
622309 99.962 156.6 125.895 1.244 10 10
62373 99.275 84.75 92.768 0.914 32 32
625476 96.432 93.583 93.631 0.999 12 12
625509 96.945 165.227 153.613 1.076 22 22
625568 98.476 104.154 104.39 0.998 13 13
625613 99.672 96.425 102.546 0.94 40 41
625721 99.609 113.262 105.027 1.078 65 65
625744 98.855 78.323 72.39 1.082 31 31
625796 99.219 91.471 97.232 0.941 153 153
626 99.45 67.857 60.412 1.123 14 14
626452 99.384 83.027 83.6 0.993 37 37
627221 100 81.571 59.113 1.38 7 7
627625 99.607 111.673 114.326 0.977 55 55
628887 98.191 63.668 65.342 0.974 636 640
629337 99.627 90.786 93.66 0.969 14 14
629571 98.998 118.053 106.799 1.105 19 19
630695 76.843 11.143 84.3 0.132 7 7
631488 99.173 45.133 98.404 0.459 15 15
632048 63.073 41.222 233.187 0.177 9 9
632447 98.236 66.833 90.727 0.737 12 12
63382 99.655 141.04 123.249 1.144 50 50
63512 96.297 49.444 78.157 0.633 9 9
63526 99.418 168 148.789 1.129 8 8
636162 98.781 70.6 79.38 0.889 20 20
636163 98.897 67.95 79.38 0.856 20 20
636468 99.771 74.071 77.828 0.952 28 28
637977 99.612 93.125 80.5 1.157 8 8
63889 99.146 78.889 74.841 1.054 9 9
639057 99.748 138.182 127.538 1.083 22 22
640158 99.959 135.12 116.128 1.164 25 25
64028 99.329 136.078 116.241 1.171 90 91
640423 99.44 95.213 78.12 1.219 249 249
640968 99.195 131.123 111.317 1.178 317 318
642824 99.605 65.083 61.333 1.061 12 12
646034 99.315 101.568 97.23 1.045 81 101
6463 99.017 162 111.452 1.454 10 10
64711 98.988 120.25 99.862 1.204 56 55
647959 100 112.8 65.443 1.724 5 5
648856 99.767 102 89.166 1.144 32 32
649064 99.394 124.191 144.832 0.857 47 47
649345 99.878 100.5 86.502 1.162 10 10
649469 99.592 68.739 67.007 1.026 23 23
649809 63.743 51.25 141.529 0.362 24 25
650159 97.206 72.6 65.904 1.102 15 15
650235 99.601 184.333 188.785 0.976 33 32
650312 100 73 84.115 0.868 9 9
650349 99.783 70.682 73.435 0.963 22 22
651127 99.594 101.714 90.039 1.13 7 7
651402 100 122.5 102.937 1.19 8 8
651495 98.728 115.368 76.585 1.506 19 19
65204 99.653 97.866 92.122 1.062 67 67
652207 99.422 117.567 111.992 1.05 30 30
653673 99.563 80.833 70.838 1.141 12 12
654355 99.43 86.413 82.663 1.045 1396 1398
654493 99.856 146.5 169.4 0.865 12 12
65533 99.775 104.191 98.577 1.057 141 140
655801 99.798 94.955 84.201 1.128 22 22
656340 99.898 114.139 89.644 1.273 36 36
656555 99.478 132.333 107.643 1.229 6 6
656579 99.398 104.846 82.366 1.273 13 13
656598 99.325 114.333 102.457 1.116 6 6
656934 99.889 59.632 59.462 1.003 38 38
656959 99.928 138.467 108.414 1.277 15 14
657021 98.73 66.158 85.151 0.777 19 19
657269 99.828 105.333 110.037 0.957 12 12
6575 99.431 138.146 108.884 1.269 82 83
6576 98.324 109.309 96.518 1.133 55 55
65763 98.622 124.625 127.898 0.974 8 8
6579 97.86 104.817 83.594 1.254 131 131
659190 78.109 29 71.244 0.407 9 9
659191 84.524 6.857 44.411 0.154 7 9
659192 72.472 8 58.621 0.136 17 19
659195 72.107 6.714 68.607 0.098 14 15
659196 59.179 6.4 70.461 0.091 10 10
659384 97.975 80.538 81.786 0.985 13 13
659438 98.26 101.154 101.393 0.998 13 13
661470 99.458 97.529 95.342 1.023 17 17
661597 93.505 5.451 89.577 0.061 390 1001
6620 98.766 121.752 103.954 1.171 161 161
6621 92.263 148.167 119.462 1.24 18 18
66229 99.27 70.6 83.579 0.845 10 10
662581 75.275 6.577 118.177 0.056 26 86
662582 90.677 22.444 172.777 0.13 9 13
662584 99.746 92.971 87.323 1.065 315 316
662833 98.827 65.524 66.234 0.989 21 21
663303 97.944 7.182 137.963 0.052 11 16
663305 97.593 5.067 122.548 0.041 15 23
663306 97.222 4.833 118.209 0.041 12 22
663308 96.667 12.3 130.276 0.094 10 17
663378 100 6.25 115.129 0.054 8 12
663391 73.082 21.25 70.525 0.301 16 16
663393 87.066 8.766 93.671 0.094 107 148
663395 79.445 13.158 77.664 0.169 19 23
663396 89.654 17.806 82.161 0.217 31 71
663398 96.857 6.28 94.485 0.066 50 198
663418 73.339 7.638 36.617 0.209 47 56
663419 70.222 7.705 35.338 0.218 44 57
663420 67.585 8.217 35.927 0.229 46 56
663441 88.543 5.91 102.252 0.058 67 137
663443 91.581 5.944 100.427 0.059 89 143
663445 96.297 3.778 125.685 0.03 9 17
663457 100 34.667 113.667 0.305 9 15
663614 64.314 7.472 74.777 0.1 89 208
663627 99.948 82.094 88.075 0.932 64 64
664249 100 67.909 67.753 1.002 11 11
66516 98.294 113.438 107.072 1.059 16 16
665548 99.366 103.333 96.66 1.069 57 57
667477 95.484 92.375 92.733 0.996 16 16
667912 56.263 13.976 84.936 0.165 41 54
668 91.494 146.895 103.015 1.426 19 18
668585 97.897 109.083 115.261 0.946 12 12
669033 99.495 116.062 118.869 0.976 5962 5965
6695 98.439 86.312 82.48 1.046 16 16
669796 96.969 68.042 78.799 0.863 24 30
669822 99.955 141.176 100.454 1.405 17 17
670033 99.629 126.375 125.891 1.004 8 8
670304 99.494 128.738 120.452 1.069 351 350
670530 62.299 24.114 86.921 0.277 88 207
67132 99.388 73.575 74.714 0.985 80 80
671924 99.877 79.091 85.932 0.92 11 11
6734 97.632 140.707 116.598 1.207 41 41
6735 98.461 101.699 92.594 1.098 143 143
6736 97.587 90.897 79.415 1.145 97 97
6737 96.635 105.289 103.075 1.021 38 38
6738 96.87 112.424 103.561 1.086 85 85
6741 98.963 101.765 74.42 1.367 17 17
6742 96.731 124.384 97.817 1.272 112 112
6749 97.585 88.629 80.024 1.108 35 35
6750 97.852 134.902 125.027 1.079 132 139
676070 99.818 116.769 103.728 1.126 13 13
67614 98.773 63.923 83.442 0.766 13 13
676179 79.185 15.25 148.637 0.103 8 8
676207 98.079 72.857 87.258 0.835 14 14
676796 99.79 100.35 91.313 1.099 263 265
677689 99.612 122.308 108.119 1.131 13 13
677706 99.059 116.184 115.568 1.005 49 49
677838 77.341 7.692 86.031 0.089 13 13
677841 77.613 13.647 92.648 0.147 51 51
677844 73.747 9.722 107.849 0.09 108 111
67818 99.585 60.415 65.624 0.921 687 693
678976 84.286 4.286 82.47 0.052 7 9
678979 77.055 9.543 90.327 0.106 105 134
680169 99.525 190.375 152.219 1.251 8 8
680945 99.349 85.468 75.131 1.138 233 233
681248 99.712 135.308 126.334 1.071 13 13
681781 99.41 103.765 90.002 1.153 34 34
682 70.673 294.929 97.948 3.011 14 10
682583 99.675 84.5 77.896 1.085 226 226
68286 99.279 35.862 27.898 1.285 94 94
683622 99.935 89.533 113.255 0.791 15 15
683829 99.49 119.177 118.256 1.008 5920 5912
68392 98.574 103.243 84.658 1.22 37 37
684359 99.701 84.3 86.679 0.973 30 30
684361 99.717 149.774 129.127 1.16 31 31
684363 99.433 116.979 103.072 1.135 677 676
684364 99.63 110.722 93.491 1.184 18 18
684365 99.804 104.036 83.119 1.252 28 28
684375 99.459 110.649 102.782 1.077 57 57
684376 99.68 144.156 130.793 1.102 275 277
684386 86.688 56.667 99.563 0.569 66 104
684387 99.959 120.727 110.143 1.096 11 11
68449 99.756 110.417 107.416 1.028 36 36
684705 99.569 112.69 99.561 1.132 126 126
684843 96.227 163.333 173.151 0.943 12 12
684863 95.439 133.3 113.475 1.175 10 10
685200 99.841 269.667 71.153 3.79 27 27
685337 99.559 141 172.929 0.815 10 11
686545 99.342 127.167 100.832 1.261 12 12
687018 98.982 71 86.24 0.823 8 8
688715 97.928 120.615 109.824 1.098 13 13
688814 99.569 96.25 80.286 1.199 8 8
689321 98.979 95.815 78.42 1.222 27 26
690167 99.507 65.552 76.774 0.854 1067 1072
690224 97.909 70.684 82.325 0.859 19 19
69048 98.153 85.192 84.483 1.008 26 27
690860 99.449 52.633 54.733 0.962 30 30
691997 99.55 48.083 65.48 0.734 24 24
693349 70.299 12.308 48.773 0.252 13 17
69372 99.74 136.548 106.18 1.286 31 31
693847 96.947 106.833 119.867 0.891 6 6
69429 99.802 105.091 100.722 1.043 11 11
694531 99.561 112.658 109.041 1.033 2640 2643
695222 99.887 103.571 109.67 0.944 7 7
695440 99.04 99.979 93.897 1.065 48 48
695560 99.484 125.698 122.499 1.026 696 690
695793 99.733 81.333 85.358 0.953 9 9
696 99.496 100.279 90.879 1.103 43 43
69660 99.81 79.75 68.364 1.167 16 16
696922 95.978 80.474 78.204 1.029 19 19
696945 99.523 94.945 94.751 1.002 91 91
696951 96.22 68.5 74.878 0.915 6 6
697 100 92.316 96.207 0.96 19 19
698 97.219 128.946 83.451 1.545 794 766
698726 86.104 36.938 111.595 0.331 16 42
699609 99.792 92.2 93.754 0.983 10 14
700 100 145 138.129 1.05 7 7
70035 99.544 207.1 183.157 1.131 10 10
700384 99.576 79.659 91.192 0.874 44 43
701159 99.783 113.833 101.392 1.123 6 6
70203 99.855 86.806 94.344 0.92 31 31
703210 99.163 118.627 118.949 0.997 59 61
703240 100 87.333 80.904 1.079 12 12
703653 98.375 67.889 68.47 0.992 18 18
704215 99.373 49.871 138.312 0.361 31 31
704228 88.432 26.429 40.454 0.653 14 14
704229 86.763 27.765 35.61 0.78 17 17
705195 97.525 195.05 210.5 0.927 20 21
705620 93.867 38.9 59.453 0.654 40 41
705622 78.654 19.889 52.856 0.376 9 9
706149 98.613 99.333 84.331 1.178 15 15
706340 99.53 83.667 84.667 0.988 3 3
70635 98.468 153.25 144.147 1.063 8 8
707066 68.823 24.5 163.442 0.15 8 8
707790 99.642 116.353 107.032 1.087 17 17
708041 99.604 123.667 111.852 1.106 15 15
7091 99.146 131.429 121.262 1.084 14 14
709150 98.536 120.875 108.52 1.114 8 8
709857 99.65 113.077 121.765 0.929 65 66
710162 99.456 85.545 84.091 1.017 22 22
710263 98.977 95.964 100.678 0.953 28 28
710793 99.946 114.125 88.212 1.294 8 8
710828 100 107.4 100.943 1.064 5 5
710877 99.794 80.941 69.709 1.161 17 17
711207 99.681 77.963 78.938 0.988 27 27
711354 99.939 94.593 89.174 1.061 27 27
712136 99.748 80.923 70.313 1.151 13 13
712184 99.118 55.25 62.098 0.89 12 12
712847 99.729 125.286 145.086 0.864 7 7
712952 98.148 4.333 75.213 0.058 9 16
713041 99.521 66.534 87.975 0.756 204 212
71318 90.816 5.143 92.364 0.056 7 10
713310 99.71 193 146.528 1.317 13 24
713643 99.331 96.818 102.913 0.941 11 11
714564 99.865 72.867 76.395 0.954 15 15
714653 99.402 182.1 162.307 1.122 10 10
714863 99.439 98.645 96.219 1.025 62 62
716324 99.606 158.314 128.026 1.237 207 207
716405 99.701 118.293 90.017 1.314 58 58
716412 99.814 82.167 72.16 1.139 12 12
7170 99.439 82.857 92.483 0.896 21 21
717942 99.867 123.2 110.714 1.113 10 10
718017 99.439 96.408 94.533 1.02 49 49
71822 98.81 80.333 115.097 0.698 6 6
718585 99.841 71.429 83.741 0.853 7 7
71946 99.723 86.714 86.085 1.007 7 7
719877 95.602 61.167 86.687 0.706 6 6
720350 99.424 142.25 138.395 1.028 8 8
720401 99.487 100.083 107.243 0.933 12 12
720410 99.748 117.947 107.935 1.093 19 19
721476 99.826 100.198 94.502 1.06 91 91
721619 99.719 163.4 149.887 1.09 15 15
721749 99.354 117.571 96.571 1.217 7 7
722065 98.766 83.889 91.526 0.917 9 9
722629 66.618 35.537 201.214 0.177 41 41
722861 99.566 83.719 81.546 1.027 32 32
72329 98.292 125.786 100.109 1.256 14 14
723604 99.723 74.4 66.429 1.12 30 32
725310 99.668 60.615 78.584 0.771 13 13
725808 99.121 94.482 88.643 1.066 85 85
726194 96.611 45.1 156.716 0.288 10 11
726195 97.65 42.273 156.716 0.27 11 11
726196 98.131 41.818 156.716 0.267 11 11
727321 98.665 71.289 79.148 0.901 38 38
728571 98.55 87.347 97.648 0.895 49 49
728609 98.956 98.851 89.568 1.104 87 87
728823 99.176 88.895 82.944 1.072 19 19
729204 99.382 101.875 86.744 1.174 32 32
729255 99.779 118.385 108.256 1.094 13 13
730127 72.957 5.833 76.918 0.076 18 35
731019 99.367 136.95 121.856 1.124 40 40
731193 98.687 87.625 70.763 1.238 32 32
731208 99.766 126.967 88.503 1.435 60 60
731974 99.829 115.533 102.112 1.131 15 15
732110 99.247 136.87 96.711 1.415 77 432
732111 99.289 101.203 96.006 1.054 69 69
732127 99.495 75.538 78.794 0.959 13 13
732644 100 79.571 76.745 1.037 7 7
733132 81.758 8.889 15.481 0.574 9 11
733191 96.445 103 113.227 0.91 35 36
733294 98.062 85.922 83.452 1.03 103 103
733361 94.075 109.75 86.124 1.274 16 16
733947 99.254 132.222 155.851 0.848 18 18
734446 97.645 84.825 80.543 1.053 57 57
734458 98.631 160.613 164.041 0.979 31 31
734461 98.169 88 94.369 0.933 15 15
734462 99.315 191.174 138.978 1.376 23 23
734470 98.423 129.172 126.805 1.019 29 29
734471 99.732 138 141.263 0.977 8 8
734618 97.32 78.857 83.23 0.947 7 7
734624 98.372 69.897 75.114 0.931 68 69
735731 99.412 80.409 81.975 0.981 22 22
736215 98.738 16.875 102.911 0.164 16 16
736397 98.792 84.75 94.448 0.897 88 88
736710 99.586 93.644 91.596 1.022 5662 5674
736778 80.048 60.091 45.356 1.325 11 11
736780 86.042 75.824 66.097 1.147 17 17
7374 99.693 89.2 74.512 1.197 10 10
737591 99.756 118.634 108.225 1.096 71 71
737782 99.626 90.8 82.661 1.098 10 10
73795 97.054 106.385 101.36 1.05 13 13
737988 99.712 112.891 101.82 1.109 55 55
739297 99.359 133.4 107.162 1.245 10 10
739300 99.187 112.444 82.338 1.366 295 295
739309 85.382 102.8 87.721 1.172 35 48
740300 98.616 92.579 97.312 0.951 19 19
740561 99.353 144.22 185.52 0.777 182 182
74096 99.833 128.333 102.382 1.253 6 6
74125 98.489 125.5 99.356 1.263 8 8
741952 99.85 134.8 132.928 1.014 5 5
742156 96.169 89.143 100.474 0.887 21 21
742392 99.703 100.286 119.557 0.839 7 7
743234 98.781 120.5 133.479 0.903 10 10
743549 98.334 73.75 70.065 1.053 8 8
744125 99.89 131.65 88.892 1.481 20 19
745186 98.493 94.5 124.388 0.76 26 27
745354 69.198 16.273 187.688 0.087 99 103
746475 64.989 8.913 78.745 0.113 46 91
74666 98.407 68 67.316 1.01 18 18
748005 99.948 80.25 102.138 0.786 8 8
748993 100 15.857 67.747 0.234 7 8
749804 98.643 77.145 80.734 0.956 173 173
749955 99.272 108.415 96.348 1.125 41 41
749960 99.633 143 135.315 1.057 17 17
750479 99.69 128 104.244 1.228 23 23
75052 99.521 134.143 116.153 1.155 49 49
7510 99.429 157.226 169.927 0.925 31 31
7521 99.602 121.875 117.217 1.04 16 16
75233 99.705 89.117 96.276 0.926 2479 2478
752349 99.901 105.5 100.573 1.049 30 30
75247 99.11 104.228 112.449 0.927 531 530
75265 99.524 86.455 127.653 0.677 11 10
753206 99.869 92.333 87.606 1.054 9 9
75325 99.109 127.718 131.749 0.969 71 72
754270 98.958 61 77.501 0.787 6 6
754285 99.026 144.554 152.779 0.946 1535 1522
754985 100 83.5 74.725 1.117 4 4
755004 68.671 9.889 82.308 0.12 18 18
755085 98.525 97.143 93.788 1.036 21 21
755336 85 4.375 95.633 0.046 8 105
755337 89.643 4.7 87.985 0.053 10 129
755338 93.734 4.526 98.449 0.046 19 241
755342 98.474 6.824 94.677 0.072 165 299
755345 98.696 7.208 95.212 0.076 197 300
7556 100 53.5 53.144 1.007 6 6
75602 99.564 104.562 114.691 0.912 16 16
7563 98.441 101.472 89.077 1.139 123 123
756365 100 89.222 80.529 1.108 9 9
7564 98.312 115.333 107.175 1.076 60 60
7566 97.383 96.846 94.556 1.024 39 39
7567 98.161 91.529 94.792 0.966 17 17
757 99.94 188.143 158.397 1.188 7 7
7570 98.104 115.178 102.447 1.124 2993 3744
757064 99.456 125.983 126.672 0.995 121 121
7572 98.62 111.537 103.331 1.079 614 623
7581 97.817 111.734 105.812 1.056 1541 1586
7582 98.292 111.515 100.561 1.109 5404 5980
7584 96.872 79.95 75.974 1.052 20 20
759281 85.682 85.125 91.35 0.932 8 8
759414 61.376 12.273 82.338 0.149 11 11
759550 99.92 156.846 145.293 1.08 13 13
759587 99.974 41.03 47.853 0.857 33 35
759590 99.616 103.048 99.163 1.039 63 63
759592 95.817 110 105.521 1.042 6 6
759939 97.767 126.375 113.58 1.113 160 163
759940 99.14 166.143 93.475 1.777 119 119
759960 97.602 113.188 94.513 1.198 16 16
760081 99.611 108.429 72.804 1.489 7 7
76019 99.018 95.689 94.88 1.009 122 123
760281 90.985 95.333 83.813 1.137 15 15
760295 99.734 102 82.351 1.239 11 10
760305 99.795 75.474 70.263 1.074 19 19
760314 99.25 114.636 104.131 1.101 187 186
760315 98.387 129.607 121.22 1.069 28 28
760321 98.75 172.15 166.267 1.035 20 20
760461 97.964 118.333 114.454 1.034 15 15
760600 97.652 97.909 102.14 0.959 44 45
760623 99.942 93.333 86.625 1.077 12 12
760645 96.743 80.692 71.792 1.124 13 13
760663 98.129 113.83 105.951 1.074 100 100
760728 97.261 131.455 130.781 1.005 11 11
760729 97.986 96.923 93.668 1.035 13 13
760939 97.516 83.429 99.199 0.841 21 22
761002 99.478 144.888 134.905 1.074 98 97
761004 98.694 74.963 79.587 0.942 80 80
761005 98.084 93.8 95.63 0.981 25 25
761032 99.487 115.744 139.71 0.828 133 141
761076 99.203 101.607 119.334 0.851 28 28
761078 98.938 77 132.722 0.58 10 10
761085 98.968 60.062 74.396 0.807 16 16
761088 99.176 82.286 90.238 0.912 7 7
761089 99.849 106.375 117.881 0.902 16 16
761090 99.3 79.875 91.519 0.873 16 17
761093 97.645 79.714 105.716 0.754 35 35
761094 90.663 70.143 171.472 0.409 7 7
761095 99.105 87.592 105.729 0.828 790 800
761097 99.165 71 85.152 0.834 31 31
761100 99.741 87.291 97.343 0.897 110 110
761101 99.567 118.927 99.47 1.196 164 166
761102 96.984 22.467 96.709 0.232 15 16
761103 95.26 10.8 139.378 0.077 5 7
761106 99.114 76.333 91.642 0.833 30 30
761108 99.144 126.649 159.852 0.792 57 57
761109 99.045 95.51 104.929 0.91 993 1004
761110 99.287 94.047 101.616 0.926 2874 3279
761111 99.03 75.353 77.647 0.97 34 33
761112 99.79 22.2 91.672 0.242 5 5
761115 98.832 101.103 113.476 0.891 58 58
761116 98.677 73.75 74.691 0.987 8 8
761127 98.481 125.9 128.777 0.978 60 60
761128 99.225 99.901 102.809 0.972 151 148
761134 92.954 96.875 160.832 0.602 8 8
761136 91.61 102 173.423 0.588 6 6
761138 97.849 49.261 78.487 0.628 23 23
761139 99.095 96.427 104.662 0.921 3010 3146
761140 99.255 100.025 108.695 0.92 957 967
761141 98.516 86.655 98.149 0.883 55 56
761142 95.955 47.323 87.572 0.54 31 31
761149 99.773 142.944 143.467 0.996 18 18
761151 98.903 49.385 60.515 0.816 13 13
761154 96.849 96.704 97.046 0.996 54 54
761155 99.388 97.142 97.559 0.996 23119 27275
761156 99.311 81.36 84.991 0.957 770 777
761158 99.666 93.167 95.743 0.973 18 18
761161 98.8 91.485 94.931 0.964 856 853
761167 98.568 133.625 143.517 0.931 32 32
761185 99.694 122.429 129.563 0.945 21 21
761231 99.458 101.833 100.835 1.01 6 6
761244 99.003 112.44 127.065 0.885 100 103
761245 99.667 79 76.492 1.033 15 15
761248 99.408 92.1 94.058 0.979 30 30
761253 89.508 96.222 98.467 0.977 9 9
761254 95.629 81.714 104.24 0.784 7 7
761266 99.141 91.188 89.47 1.019 16 16
761268 98.338 92.451 88.33 1.047 133 133
761277 99.303 91.058 88.873 1.025 380 383
761278 94.388 117.333 128.081 0.916 15 15
761279 99.695 136.265 122.502 1.112 34 34
761283 99.847 126 127.129 0.991 10 10
761284 98.461 75.846 76.195 0.995 39 39
761292 98.947 92.692 86.608 1.07 52 52
761293 98.831 91.64 91.919 0.997 86 86
761314 98.757 106.202 108.598 0.978 89 89
761406 99.39 90.679 87.171 1.04 78 78
761407 99.051 95.389 95.458 0.999 36 36
761414 99.643 109.714 101.116 1.085 7 7
761424 99.644 130 124.721 1.042 7 7
761460 98.61 108.923 109.677 0.993 26 26
761461 99.582 99.378 100.202 0.992 98 98
761490 98.571 112.429 93.657 1.2 7 7
761491 98.34 80.429 78.116 1.03 7 7
761496 99.842 157.208 138.722 1.133 24 24
7615 98.514 170.538 154.338 1.105 13 13
761528 99.212 93.056 89.575 1.039 18 18
761550 99.022 101.538 99.329 1.022 13 13
761557 98.655 106.757 97.098 1.099 37 37
761568 100 106.765 99.8 1.07 17 17
761821 99.588 141.25 135.752 1.04 20 20
761824 99.63 123.667 116.5 1.062 12 12
761827 98.714 103.167 98.058 1.052 24 24
761832 99.682 127.6 118.349 1.078 15 15
761973 99.899 155.238 142.264 1.091 21 21
761998 99.44 160.576 150.756 1.065 396 396
762012 99.468 127 116.619 1.089 6 6
762064 99.224 100.609 83.732 1.202 23 23
762072 96.02 207.5 195.55 1.061 8 8
762089 98.815 93.876 85.809 1.094 169 169
762226 99.157 100.923 86.98 1.16 13 13
762285 99.7 86.028 77.356 1.112 246 246
762286 99.714 153.465 92.21 1.664 159 160
762300 98.164 98 86.396 1.134 14 14
762310 99.772 126.846 116.745 1.087 65 65
762312 99.391 94.867 85.612 1.108 15 15
762423 99.491 83.483 79.266 1.053 29 29
762427 99.485 122.927 115.728 1.062 55 55
762477 98.989 82.407 81.642 1.009 150 151
762564 100 90.714 81.678 1.111 14 14
762714 99.686 97.136 94.048 1.033 22 22
762715 97.105 116.25 117.17 0.992 24 24
762717 99.92 78.375 83.735 0.936 16 16
762719 99.834 64.778 67.943 0.953 9 9
762724 98.354 91.636 88.739 1.033 11 11
762745 93.695 97.857 102.458 0.955 14 14
762909 99.632 109.6 88.822 1.234 10 9
762973 99.767 103.917 99.289 1.047 12 12
763045 89.219 97.667 95.52 1.022 9 9
763348 98.635 331.125 224.197 1.477 8 8
763515 99.385 120.867 99.833 1.211 15 15
763555 99.622 103.577 88.721 1.167 1023 1024
763690 99.716 102.853 91.72 1.121 34 34
764363 99.077 103.908 98.651 1.053 534 535
764532 99.899 85.75 101.927 0.841 32 32
764573 99.013 64.222 66.582 0.965 9 9
764616 99.405 126.819 120.321 1.054 144 144
764651 98.822 77.837 77.055 1.01 49 48
764660 99.196 142.727 123.48 1.156 139 139
764666 99.13 114.644 106.198 1.08 205 204
764667 97.831 89.857 81.934 1.097 35 35
764669 98.629 96.867 95.288 1.017 60 61
764670 98.676 136.409 122.009 1.118 127 129
764674 96.981 85.444 72.763 1.174 9 9
764703 99.084 144.918 124.244 1.166 159 161
764714 99.65 119.226 100.661 1.184 84 84
764715 99.557 82.6 73.685 1.121 30 30
764723 98.764 120.518 101.411 1.188 114 114
764724 99.208 111.652 88.81 1.257 230 230
764744 95.319 72.824 55.817 1.305 17 17
764805 99.768 123.154 104.041 1.184 26 26
764817 99.148 116.896 95.004 1.23 3695 3725
764819 97.733 111.272 87.05 1.278 136 140
764820 99.505 112.516 97.3 1.156 62 62
764822 99.368 110.779 88.212 1.256 579 579
764831 99.906 97.774 82.422 1.186 31 31
764832 98.037 133.667 115.416 1.158 12 12
764833 92.531 98.778 87.221 1.132 9 9
764840 99.299 115.48 98.707 1.17 1051 1062
764841 99.457 107.157 91.741 1.168 828 830
764843 98.99 244.615 202.849 1.206 13 13
764844 98.864 129.442 119.235 1.086 43 43
764888 99.882 131.633 116.024 1.135 98 98
764915 97.946 91 78.085 1.165 8 8
764916 98.359 127.616 106.881 1.194 237 238
764918 99.135 121.227 100.083 1.211 321 321
764923 99.605 178.795 135.103 1.323 44 43
764924 99.771 130.312 110.383 1.181 32 32
764925 99.391 115.367 97.731 1.18 90 92
764931 98.664 103.909 85.79 1.211 88 89
764936 99.755 117 99.493 1.176 63 64
764942 99.681 101.305 80.651 1.256 59 59
764944 99.644 118.712 99.789 1.19 66 67
764948 98.629 120.865 100.37 1.204 171 171
765050 99.395 112.648 99.755 1.129 54 54
765065 99.856 93 73.567 1.264 9 8
765080 98.57 81.821 75.426 1.085 28 27
765084 98.188 86.778 79.333 1.094 18 18
765113 95.959 92.939 90.612 1.026 33 33
76530 99.441 78.841 86.443 0.912 1382 1389
765461 99.627 91.827 80.244 1.144 98 98
765462 99.119 90.613 79.312 1.142 445 446
765463 99.258 145.061 113.642 1.276 82 83
765471 98.322 141.4 144.001 0.982 10 10
765511 98.539 91.235 90.172 1.012 17 17
765513 99.742 116.812 102.775 1.137 32 32
765569 99.278 138.167 126.93 1.089 6 6
765570 96.975 94.732 82.888 1.143 41 40
765572 97.258 87.6 96.53 0.907 5 6
765605 98.302 117.714 104.639 1.125 14 24
765609 99.409 91.618 92.023 0.996 76 77
765612 98.897 81.638 76.465 1.068 47 46
765617 98.867 90.811 83.531 1.087 37 37
765618 97.814 104.128 97.912 1.063 47 48
765619 99.8 83.36 88.766 0.939 25 25
765639 99.747 79.946 69.648 1.148 56 56
765680 99.204 91.769 86.836 1.057 13 13
765804 99.142 151.611 141.602 1.071 72 72
765842 97.571 121.692 109.706 1.109 26 26
765860 98.655 117.52 109.446 1.074 25 25
765862 99.418 89.31 87.255 1.024 29 29
765863 97.98 145.222 132.77 1.094 9 9
765915 95.824 131.143 120.513 1.088 14 14
765920 97.735 105.167 95.502 1.101 30 30
765927 99.206 83.286 72.999 1.141 7 7
766022 99.088 124.538 117.912 1.056 26 26
766197 94.643 105.545 92.456 1.142 11 11
766203 98.336 119.619 102.447 1.168 21 21
766242 99.725 113.196 96.215 1.176 56 56
766466 99.133 122.903 117.12 1.049 72 73
766467 99.802 81.359 80.636 1.009 167 170
766485 99.042 96.688 99.265 0.974 144 144
766487 99.186 94.465 94.454 1 385 388
766488 98.683 99.587 94.502 1.054 671 727
766494 91.894 85.222 79.292 1.075 9 9
766507 99.66 81.636 81.235 1.005 11 11
766740 99.523 83.939 85.02 0.987 49 49
766744 99.141 80.811 74.021 1.092 37 37
766779 98.03 109.222 110.062 0.992 108 108
766809 98.992 150.68 149.029 1.011 25 25
766824 99.404 91.4 89.293 1.024 20 20
767007 95.395 84.368 91.827 0.919 19 19
767123 99.558 87.29 85.672 1.019 400 402
767326 72.378 24.925 76.229 0.327 40 41
767328 75.308 9.471 60.106 0.158 17 17
NA NA NA NA NA NA NA
767793 99.726 110.348 106.146 1.04 23 23
768155 99.628 156.5 143.411 1.091 10 10
768257 99.867 107.727 84.297 1.278 11 11
768768 98.291 133.692 116.295 1.15 13 13
76885 99.867 81.6 92.91 0.878 10 10
769 98.573 129.953 102.414 1.269 43 43
7691 99.719 92.156 88.955 1.036 32 32
769265 99.819 126 109.969 1.146 8 8
770 98.98 127.829 105.649 1.21 35 35
771001 99.489 149.133 142.857 1.044 15 15
771178 99.665 160.636 154.707 1.038 22 23
771395 97.99 162.333 140.789 1.153 12 12
771954 99.948 172.05 164.5 1.046 20 20
772031 86.719 13.875 88.639 0.157 16 36
772692 99.801 185.667 171.927 1.08 15 15
773497 99.508 119.542 118.75 1.007 6021 6011
77356 77.237 34.6 83.814 0.413 10 13
773593 83.696 8.842 103.059 0.086 57 158
773597 75.307 5.091 104.344 0.049 22 193
773809 99.802 116.833 142.667 0.819 6 6
774320 99.399 90.178 84.955 1.061 561 561
777052 98.102 63 60.876 1.035 22 22
777587 99.358 123.481 124.445 0.992 27 27
777590 96.146 48.545 50.795 0.956 33 33
778001 99.135 101 84.925 1.189 10 10
778961 98.507 101.714 111.153 0.915 7 7
778979 99.613 96.461 93.021 1.037 1082 1087
779 98.512 106.8 90.015 1.186 15 15
779048 98.058 149.792 124.17 1.206 24 20
779084 99.319 212.714 199.132 1.068 14 14
779138 99.935 140.182 139.981 1.001 11 11
779191 97.772 203.188 182.562 1.113 16 13
779240 98.988 90.833 101.68 0.893 6 6
779285 96.823 174.9 142.016 1.232 30 27
779302 99.666 93.125 77.52 1.201 8 8
779332 99.755 112.167 82.433 1.361 6 6
779339 99.243 114.706 117.44 0.977 34 34
779405 96.695 69.583 67.032 1.038 12 12
779975 99.863 67.452 74.732 0.903 31 31
780886 98.988 80.276 67.676 1.186 29 29
781107 99.589 157.333 172.296 0.913 12 12
781292 99.639 108.333 102.136 1.061 9 9
781301 99.52 115.818 102.64 1.128 947 947
781395 99.778 114.998 100.389 1.146 1827 1764
781676 99.36 141.38 116.798 1.21 184 184
781687 99.525 118.253 99.383 1.19 15488 15655
781821 99.506 98.797 87.425 1.13 74 74
781822 99.401 111.499 91.887 1.213 3877 3908
782 99.163 130.682 102.659 1.273 44 43
782246 99.586 95.959 85.821 1.118 1886 1887
782595 98.23 78.5 79.062 0.993 6 6
783486 99.865 107.533 102.219 1.052 15 15
784100 99.514 193.353 170.464 1.134 17 17
784113 99.758 86.062 82.457 1.044 16 15
784408 98.524 121.733 104.947 1.16 45 45
784696 99.659 102.4 85.093 1.203 25 25
784733 99.556 88.556 85.143 1.04 9 9
785534 99.071 119.444 112.681 1.06 9 9
785855 95.747 87.3 87.056 1.003 20 20
785930 94.441 75.5 78.66 0.96 16 16
786081 99.036 95.273 95.762 0.995 11 12
788259 97.727 108.5 74.746 1.452 4 4
788278 99.578 88.763 79.354 1.119 38 38
789452 99.26 89.4 85.979 1.04 5 5
790180 93.524 108.333 95.719 1.132 24 24
790249 99.68 58.267 75.021 0.777 15 15
79049 100 67.786 64.054 1.058 14 14
791249 99.309 131.151 113.61 1.154 3248 3257
79133 98.449 77.27 90.627 0.853 89 89
792984 99.821 29.928 32.078 0.933 1104 1122
793000 100 112 111.122 1.008 5 5
793012 99.762 89.65 90.289 0.993 20 20
793636 99.87 101.625 113.362 0.896 8 8
793718 99.712 91.3 101.061 0.903 10 10
794 98.025 88.083 73.882 1.192 12 12
794138 98.942 138.125 139.462 0.99 8 8
794348 72.736 16.14 79.651 0.203 43 43
794349 68.888 11.8 64.36 0.183 5 5
794350 75 4.2 85.4 0.049 5 5
794567 99.153 91.988 87.155 1.055 1539 1537
79465 99.767 118.538 146.658 0.808 13 13
794694 99.722 74.222 76.162 0.975 9 9
79480 99.353 65.422 126.253 0.518 3373 3379
795777 99.704 101.357 85.369 1.187 14 14
796 98.674 130.6 102.115 1.279 15 15
797692 99.235 103.248 83.781 1.232 129 128
797736 99.569 124.311 109.041 1.14 2638 2643
798920 99.799 100.8 90.971 1.108 10 10
800204 99.882 101.188 93.755 1.079 16 16
800665 99.473 129.857 107.665 1.206 7 7
801021 98.271 80.174 76.729 1.045 121 121
801268 97.695 115.547 105.247 1.098 75 150
802427 91.954 39.818 67.598 0.589 11 11
802447 95.163 7.594 112.075 0.068 128 186
802448 95.267 6.418 112.499 0.057 91 182
802449 96.059 5.911 113.809 0.052 79 178
802450 90.14 5.804 111.519 0.052 56 185
802452 86.113 4.52 137.779 0.033 25 138
802477 79.514 6.438 161.374 0.04 16 50
802480 94.615 6.203 112.048 0.055 79 170
802481 96.36 6.783 111.735 0.061 115 184
802670 98.198 83.273 88.596 0.94 11 11
804177 97.883 15.553 89.041 0.175 38 45
804185 96.338 4.583 104.263 0.044 12 22
804210 99.209 22.636 87.389 0.259 11 21
804211 96.429 27.857 106.13 0.262 7 18
804212 98.333 4.867 107.482 0.045 15 23
804213 95.758 9.45 92.807 0.102 20 33
804216 98.289 45.444 59.383 0.765 18 18
804231 94.284 21.238 99.882 0.213 21 22
804471 99.836 90.5 90.036 1.005 24 24
806056 72.737 24.333 22.778 1.068 18 18
806169 95.444 9.846 75.057 0.131 26 48
806170 93.822 11.65 75.12 0.155 20 46
806183 82.838 27.909 67.339 0.414 11 11
806188 89.656 30.643 51.547 0.594 14 14
806194 76.667 13.444 43.463 0.309 9 10
806220 85.118 4.333 88.535 0.049 6 7
806226 88.472 7.375 44.288 0.167 8 8
806281 98.55 114.93 87.072 1.32 114 114
806577 96.89 79.5 79.082 1.005 8 8
806877 99.873 139.947 117.535 1.191 19 19
808 99.588 129.5 111.602 1.16 36 36
808260 99.901 91.059 83.803 1.087 17 17
808329 99.672 98.219 103.057 0.953 32 32
810113 99.488 137 125.28 1.094 13 13
810340 99.517 84.958 76.291 1.114 48 48
810860 99.259 91 82.357 1.105 9 9
810890 99.621 95.143 114.326 0.832 7 7
811173 99.728 88.667 99.554 0.891 18 20
811218 98.987 92.771 87.465 1.061 96 96
811224 100 69.091 73.349 0.942 11 11
812920 94.643 4.571 83.053 0.055 14 22
812921 95.175 4.684 85.786 0.055 19 24
812927 94.231 10.522 114.889 0.092 182 254
812928 93.717 8.406 115.455 0.073 143 224
812929 88.679 7.559 113.545 0.067 111 209
812931 88.11 6.746 111.737 0.06 63 155
812932 86.259 11.267 120.957 0.093 15 32
812937 97.321 3.857 167.716 0.023 14 29
812943 92.178 5.884 119.104 0.049 86 196
812944 92.839 6.1 118.47 0.051 100 210
812946 85.424 9.159 104.177 0.088 277 411
812947 88.399 8.298 113.736 0.073 191 266
814248 98.624 107.875 88.904 1.213 8 8
815638 74.85 22.25 80.913 0.275 8 8
815640 87.875 8 53.833 0.149 6 6
815642 69.228 9.636 64.109 0.15 11 11
815643 80.301 7.25 59.992 0.121 12 12
815653 92.415 69.923 78.66 0.889 13 13
815654 85.357 17.111 53.393 0.32 9 9
815679 70.867 31.593 41.344 0.764 27 27
815680 74.085 33.241 42.202 0.788 29 29
815690 77.318 11.906 74.728 0.159 32 33
815691 70.721 14.1 69.19 0.204 30 30
815693 71.059 28.653 97.562 0.294 72 72
815695 73.511 43.234 103.829 0.416 94 94
815966 98.52 96.111 106.614 0.901 9 9
8164 98.492 112.4 96.701 1.162 140 140
8175 99.155 99.789 89.56 1.114 19 19
817606 99.74 81.5 83.75 0.973 4 4
817655 99.407 123.756 114.468 1.081 119 121
817659 94.119 55.571 132.544 0.419 7 7
817686 99.06 135.143 130.02 1.039 7 7
817696 99.675 79.4 83.237 0.954 15 15
817817 100 84.25 85.989 0.98 4 4
817841 93.45 172 174.375 0.986 4 4
818204 99.738 158.938 110.41 1.44 16 17
819271 99.531 93.652 82.543 1.135 135 135
819682 99.756 66.762 66.683 1.001 21 21
819788 99.72 65.444 70.135 0.933 45 47
819849 99.616 91.354 106.687 0.856 96 97
820084 99.459 166.32 183.489 0.906 478 481
821983 98.359 98.25 90.699 1.083 12 12
822817 99.695 112.357 109.856 1.023 98 98
824232 99.783 65.286 74.224 0.88 7 7
824652 99.725 114.364 103.439 1.106 11 11
824775 99.383 126.255 109.536 1.153 51 51
825156 99.698 97.5 81.927 1.19 16 16
825570 99.876 62.233 68.386 0.91 43 43
826756 99.588 59.635 84.676 0.704 3931 3957
826885 99.787 81.438 94.984 0.857 16 17
827941 99.924 156.2 150.388 1.039 5 5
827953 98.816 108.138 95.28 1.135 29 29
8297 99.527 93.277 83.35 1.119 101 101
830207 97.374 38.429 71.31 0.539 7 7
83110 100 51 75.309 0.677 5 5
831505 99.279 119.714 92.378 1.296 7 7
831532 99.912 125.857 114.685 1.097 14 14
831874 99.8 74.703 84.457 0.885 37 37
832069 93.315 19.675 91.846 0.214 212 228
832076 87.422 8.211 96.176 0.085 142 181
832081 87.385 11.811 94.995 0.124 74 121
832082 85.461 6.703 93.308 0.072 64 116
832409 99.346 116.416 109.821 1.06 113 115
832412 97.711 80.16 85.714 0.935 25 26
832413 99.184 76.667 75.653 1.013 18 18
833754 100 118.833 149.044 0.797 6 6
834904 99.586 86.514 89.173 0.97 74 78
835214 99.76 78.6 83.93 0.936 5 5
835611 99.445 113.074 118.324 0.956 5918 5918
83571 99.229 113.258 101.293 1.118 155 154
838074 82.857 21 98.652 0.213 7 7
84076 98.266 115.889 99.544 1.164 36 36
841073 98.939 20.484 92.168 0.222 159 202
841074 99.005 21.104 91.364 0.231 173 205
841087 93.121 12.697 94.417 0.134 33 79
841090 93.141 17.579 93.763 0.187 19 80
841105 98.061 54.591 92.723 0.589 22 23
841110 93.317 55.533 116.941 0.475 15 16
841132 99.951 67.738 80.897 0.837 65 66
841141 97.352 37.231 90.518 0.411 39 109
841924 98.957 101.212 91.428 1.107 1473 2764
842026 92.903 65.699 94.436 0.696 103 107
842030 99.303 110.566 109.007 1.014 2638 2648
842032 98.274 31.924 121.042 0.264 368 382
842044 97.929 18.392 120.813 0.152 355 434
842051 96.688 14.201 99.626 0.143 1168 1431
842056 95.089 16.142 121.761 0.133 162 496
842057 95.925 20.263 125.476 0.161 137 453
844508 99.431 84.333 86.295 0.977 12 12
844791 99.901 65.375 75.386 0.867 8 8
845 98.964 113.052 86.702 1.304 116 116
8452 95.174 115.714 114.969 1.006 7 7
845579 99.83 86.267 77.793 1.109 15 15
84822 87.75 5.088 122.694 0.041 113 330
850083 67.376 8.867 69.902 0.127 30 43
850164 83.043 43.429 76.753 0.566 7 8
850528 91.227 5.981 96.748 0.062 107 526
850529 89.219 5.787 95.046 0.061 169 497
850531 92.615 9.667 92.6 0.104 222 511
850586 99.606 62.571 79.31 0.789 14 14
850588 97.143 5.857 88.015 0.067 7 12
850589 97.727 6 88.015 0.068 8 12
850591 92.648 37.333 70.326 0.531 6 7
850615 73.809 7.067 81.948 0.086 15 17
851528 77.166 10.304 60.262 0.171 23 24
851532 76.329 15.897 76.153 0.209 39 40
851548 99.739 91.022 84.287 1.08 46 46
851701 99.581 128.885 117.484 1.097 26 26
851702 99.896 160.286 127.543 1.257 7 7
851824 98.751 108.167 103.571 1.044 30 30
851906 88.428 98.067 88.767 1.105 15 15
851911 97.446 136.938 126.291 1.084 16 16
851919 98.807 102.696 93.667 1.096 46 46
851979 99.455 75.44 69.366 1.088 25 25
851982 98.442 106.118 97.521 1.088 17 17
852438 99.157 99.167 93.126 1.065 36 36
852448 99.92 92.667 78.952 1.174 12 12
852450 99.569 69.5 74.506 0.933 8 8
852451 99.89 102.333 84.226 1.215 6 6
852460 99.936 85.067 75.557 1.126 15 15
852468 98.957 104.947 101.558 1.033 75 75
852469 99.129 148.25 144.68 1.025 8 8
852474 99.518 122.833 119.866 1.025 12 12
852484 98.05 114.143 160.613 0.711 7 7
852496 97.682 91.25 83.894 1.088 16 16
852505 99.851 74.294 72.025 1.032 17 17
852528 95.308 127.083 124.03 1.025 12 12
852537 99.835 91.833 86.899 1.057 12 12
852546 98.076 109.833 81.382 1.35 18 17
852556 98.77 112.294 98.284 1.143 17 17
852571 99.248 94.3 97.331 0.969 10 10
852577 99.344 115.766 137.315 0.843 111 113
852582 99.596 80.072 68.914 1.162 125 125
852583 99.965 99.6 85.169 1.169 10 10
852595 98.385 83.655 84.512 0.99 87 87
852600 98.482 107.111 101.424 1.056 18 18
852607 98.004 52.786 56.019 0.942 14 14
852609 99.965 149.5 146.033 1.024 10 10
852610 98.207 82.222 88.587 0.928 9 8
852613 99.22 65.909 62.412 1.056 11 11
852616 97.687 74.36 77.975 0.954 25 25
852619 98.962 100.312 103.34 0.971 16 16
852625 98.282 108.667 116.212 0.935 12 12
852628 96.796 62.5 62.059 1.007 14 14
852634 99.085 180.4 168.954 1.068 15 15
852676 99.869 72.163 72.554 0.995 43 43
852690 97.397 127.273 126.891 1.003 11 11
852709 98.914 66.588 75.142 0.886 17 17
852711 99.328 78.393 82.619 0.949 173 173
852712 99.268 96.111 103.93 0.925 9 10
852720 99.418 70.75 75.443 0.938 12 12
852727 98.988 123.246 132.207 0.932 57 57
852736 99.685 76.387 80.532 0.949 111 112
852771 100 46.4 69.927 0.664 5 6
852780 99.134 81.286 99.407 0.818 7 7
852783 97.979 87.381 100.869 0.866 21 21
852784 99.576 90.36 97.434 0.927 25 25
852799 98.995 79.798 91.932 0.868 129 131
852816 97.901 75.1 82.746 0.908 10 10
852822 99.565 85.25 105.527 0.808 12 12
852823 99.253 89.417 98.283 0.91 12 12
852830 99.411 116.444 125.426 0.928 9 9
852834 98.894 93.5 98.591 0.948 20 20
852835 99.744 85.182 87.136 0.978 11 11
852852 100 103.333 109.027 0.948 18 18
852853 97.321 82.6 102.063 0.809 10 10
852861 99.516 111.556 112.055 0.996 9 9
852877 98.809 101.143 101.112 1 14 14
852885 99.65 109.273 96.786 1.129 22 23
852909 98.911 81.5 79.731 1.022 8 8
852910 99.796 106.583 104.378 1.021 1438 1377
852921 98.766 95.111 99.535 0.956 9 9
852922 100 66.875 66.064 1.012 8 8
852931 97.961 79.071 74.915 1.055 14 14
852934 99.613 131.2 142.004 0.924 10 10
852942 99.403 66.615 78.374 0.85 26 26
852952 99.309 62.8 79.517 0.79 25 26
852966 100 54 58.654 0.921 8 8
852970 99.851 54.455 77.483 0.703 11 11
852975 98.505 78.526 98.405 0.798 19 19
852976 96.174 84.615 89.832 0.942 13 13
852982 99.238 91.333 97.842 0.933 30 30
852984 99.152 159.421 156.638 1.018 19 18
852987 99.405 64 99.335 0.644 8 8
853011 99.312 96.222 99.877 0.963 9 9
853012 98.311 99.857 109.593 0.911 7 7
853014 96.773 82.792 90.022 0.92 24 24
853020 99.592 90.647 103.246 0.878 17 19
853038 99.488 112.962 120.934 0.934 52 52
853057 99.411 96.768 110.226 0.878 95 94
853059 98.976 101.768 110.912 0.918 56 56
853075 98.571 108.714 143.499 0.758 7 7
853089 99.48 77.318 90.235 0.857 22 22
853090 99.731 84.238 88.944 0.947 42 42
853095 99.7 96.583 109.937 0.879 12 12
853096 99.354 78.571 84.858 0.926 28 28
853125 100 82.778 87.996 0.941 18 18
853152 93.529 114.609 124.182 0.923 23 23
853159 99.805 102.929 102.826 1.001 14 14
853164 99.606 84.235 88.998 0.946 17 17
853180 97.279 136.903 136.865 1 31 31
853182 97.313 101.231 103.915 0.974 13 13
853183 99.891 93.529 98.946 0.945 17 17
853185 99.17 120.667 117.865 1.024 15 15
853186 97.455 88.955 96.35 0.923 22 23
853200 99.372 111.109 110.383 1.007 55 53
853206 97.317 218.667 212.108 1.031 9 9
853210 100 65.6 74.026 0.886 10 10
853213 99.874 115 114.33 1.006 11 11
853214 99.71 76.818 66.748 1.151 11 11
853218 98.045 63.231 64.481 0.981 13 13
853219 99.093 131.375 126.326 1.04 16 16
853228 99.208 93.455 95.577 0.978 11 11
853230 99.499 78.6 76.73 1.024 10 10
853231 98.902 122.231 123.83 0.987 52 53
853260 99.861 88.857 84.947 1.046 7 7
853264 97.916 75 72.446 1.035 8 8
853267 99.372 109.842 107.825 1.019 19 19
853276 99.706 87.1 91.031 0.957 10 10
853281 98.25 108.333 98.741 1.097 15 16
853285 99.843 136.833 128.691 1.063 6 6
853287 94.701 70.286 63.332 1.11 7 7
853288 100 75.692 79.931 0.947 13 13
853291 99.792 73.273 66.719 1.098 11 11
853297 98.324 89.143 89.736 0.993 14 14
853359 99.272 72.769 79.1 0.92 13 13
853360 99.428 67.701 73.415 0.922 107 111
853365 96.7 158.4 159.576 0.993 5 5
853366 95.711 90.381 97.787 0.924 21 21
853377 98.781 117.207 133.578 0.877 29 29
853379 98.924 151.436 145.784 1.039 110 110
853389 99.113 84.438 75.45 1.119 16 16
853398 98.529 91.481 93.627 0.977 27 27
853429 99.689 84.643 81.544 1.038 14 14
853435 99.566 79.714 78.492 1.016 7 7
853443 99.764 112.3 113.121 0.993 10 10
853452 98.994 83.062 87.117 0.953 96 96
853456 99.187 111.926 105.464 1.061 27 27
853459 99.834 67 68.838 0.973 18 18
853460 99.821 53.87 58.346 0.923 23 23
853497 98.219 101.5 90.244 1.125 16 16
853563 98.117 81.136 82.912 0.979 44 44
853564 96.368 103.111 103.7 0.994 9 9
853653 98.352 112.727 104.355 1.08 11 11
853654 99.587 93.588 87.589 1.068 17 17
853660 98.801 90.192 90.16 1 26 26
853665 94.916 56.667 78.307 0.724 18 18
853666 99.959 80.118 87.62 0.914 17 19
853668 97.178 63.583 79.54 0.799 12 12
85367 98.851 79.318 91.782 0.864 44 44
853672 99.179 80.781 91.673 0.881 64 64
853674 99.413 50.444 55.3 0.912 9 9
853684 96.86 65.786 99.004 0.664 42 46
853690 99.363 86.389 94.721 0.912 18 19
853797 99.674 84.56 93.083 0.908 25 25
854251 87.032 13.462 85.456 0.158 13 13
85590 97.852 104.333 109.233 0.955 6 6
856147 99.884 91 82.821 1.099 47 47
8562 98.87 149.714 135.951 1.101 7 7
857429 99.357 187.857 191.191 0.983 21 21
857631 99.793 95.133 88.509 1.075 15 15
857816 99.409 78.939 75.082 1.051 33 33
858510 99.846 91.429 85.972 1.063 7 7
85972 99.8 100.901 108.652 0.929 71 71
860471 99.34 92.714 91.034 1.018 7 7
860513 97.693 135.7 108.174 1.254 10 10
860710 99.882 172.833 138.019 1.252 18 18
860772 97.148 135 129.638 1.041 12 11
86268 99.554 79.605 83.29 0.956 86 86
863160 84.39 20.75 28.783 0.721 12 12
863161 77.391 7.8 18.142 0.43 15 15
86482 99.743 97.571 91.229 1.07 7 7
86486 99.964 233.909 173.779 1.346 11 11
86487 98.208 100.6 104.136 0.966 20 20
86501 99.902 79.5 87.491 0.909 8 8
86522 98.261 105.263 94.157 1.118 19 19
865507 99.607 92.237 86.845 1.062 59 58
865602 98.855 85.867 89.564 0.959 15 15
865795 93.194 125.125 113.893 1.099 8 8
866556 97.181 83.643 77.621 1.078 14 14
86686 99.709 40 74.479 0.537 8 8
866958 99.915 83.474 83.439 1 19 19
86770 78.341 8.457 76.847 0.11 35 36
86777 75.064 10.014 103.547 0.097 72 76
86784 94.178 43.348 72.612 0.597 23 23
86785 80.365 11.545 52.007 0.222 11 11
86786 80.099 14.571 57.586 0.253 7 7
86788 78.317 23.727 105.146 0.226 11 11
868565 97.687 99.889 118.033 0.846 9 9
869023 99.751 153.586 149.359 1.028 29 29
869779 97.613 91.5 79.869 1.146 26 26
869788 98.819 63.857 121.625 0.525 7 7
869857 97.651 112.714 104.383 1.08 7 7
872033 99.364 79.357 88.145 0.9 56 56
873078 99.152 90.526 87.357 1.036 19 19
873459 99.553 108.095 96.534 1.12 74 73
874431 99.058 117.167 99.887 1.173 6 6
874748 99.414 109.031 94.894 1.149 65 65
874753 99.597 116 86.226 1.345 3 3
874759 99.786 133.762 91.504 1.462 21 21
874775 91.392 148 95.859 1.544 6 6
874784 98.737 74.667 59.343 1.258 3 3
874908 99.215 110.802 85.14 1.301 329 330
874923 99.741 164.857 135.571 1.216 7 7
878041 99.859 137.583 134.632 1.022 12 13
878043 99.597 99.429 89.374 1.113 7 7
878276 99.974 116.533 111.092 1.049 15 15
878374 99.58 95.857 92.718 1.034 7 7
878565 99.725 93.133 88.883 1.048 15 15
878986 98.042 124.75 123.083 1.014 8 8
879008 99.826 133.429 102.537 1.301 14 14
879893 79.063 39.529 82.615 0.478 51 51
880 99.808 111.5 95.357 1.169 8 8
880280 99.713 131.596 116.257 1.132 47 46
880398 99.733 99.714 84.589 1.179 21 21
88157 99.207 150.86 99.131 1.522 86 899
88166 98.949 121.633 101.132 1.203 79 79
881717 99.47 75.574 82.484 0.916 122 123
883154 99.824 114.122 111.044 1.028 41 41
884079 99.625 89.04 85.247 1.044 50 50
884276 99.578 87.833 82.267 1.068 30 30
885274 99.675 62.668 65.634 0.955 684 688
886088 99.777 102.037 109.649 0.931 27 28
886115 99.472 117.539 112.441 1.045 644 644
886439 63.903 10.783 60.462 0.178 23 23
886658 99.848 191.5 173.845 1.102 12 12
886661 98.91 84.122 84.471 0.996 4028 4045
886669 99.784 174.222 168.752 1.032 9 9
886673 98.965 71.75 70.577 1.017 24 24
886686 99.696 93 84.784 1.097 28 28
88686 97.294 120.444 106.697 1.129 9 9
88767 99.953 89.2 83.218 1.072 10 10
888248 99.303 148 152.081 0.973 9 9
888585 98.763 74 76.552 0.967 29 30
88864 100 73.769 77.399 0.953 13 13
888731 95.833 5.5 79.216 0.069 6 11
888755 98.408 77.291 95.803 0.807 412 479
888761 94.409 24.081 97.497 0.247 309 544
890 95.697 149.25 119.813 1.246 12 12
89107 99.251 64 65.456 0.978 7 7
89124 98.114 83.211 81.265 1.024 19 19
89130 99.612 51.462 67.352 0.764 13 13
89167 99.643 96.231 101.98 0.944 52 52
892272 99.46 87.414 89.196 0.98 6959 7000
89311 99.177 142.643 107.485 1.327 14 14
89334 94.891 24.703 107.368 0.23 37 74
89388 99.418 143.368 118.335 1.212 625 623
894 99.844 95.6 77.741 1.23 10 10
894028 98.739 96.4 93.093 1.036 10 10
89476 99.927 88 64.736 1.359 8 8
895163 99.922 90.083 83.092 1.084 12 12
895559 100 65.889 52.471 1.256 9 9
896977 99.915 194.625 180.925 1.076 8 8
897145 99.242 235 201.338 1.167 19 19
898374 99.797 68.333 90.421 0.756 24 24
898781 99.252 93.339 74.407 1.254 59 59
898782 99.805 94.562 81.343 1.163 16 16
898783 99.426 108.249 94.616 1.144 329 331
898786 99.771 73.444 71.097 1.033 9 9
898787 99.383 105.5 91.501 1.153 52 52
898905 99.546 94.933 85.439 1.111 30 30
899520 99.432 98.938 83.631 1.183 16 16
899765 99.942 161.2 135.349 1.191 5 5
900044 99.616 144.919 135.715 1.068 37 37
900789 99.319 94.129 97.852 0.962 31 31
900813 99.907 121.2 117.735 1.029 10 10
90132 80.493 6.444 51.479 0.125 9 9
90150 89.584 22.25 83.692 0.266 8 10
901580 62.886 18.327 73.627 0.249 55 74
902 96.698 102.938 101.802 1.011 16 16
902269 97.799 104.25 105.494 0.988 8 8
903461 99.712 148 120.56 1.228 41 41
9037 99.617 73.1 72.553 1.008 10 10
905090 99.796 194.472 176.169 1.104 36 36
906466 98.974 62.2 59.451 1.046 5 5
907046 99.558 88.195 84.184 1.048 3925 3941
907373 99.622 128.483 117.756 1.091 29 28
907938 94.797 74.933 87.098 0.86 15 16
907939 94.24 55.308 73.355 0.754 13 14
908005 68.877 16.217 11.729 1.383 23 25
908041 99.106 67.84 79.281 0.856 25 25
90816 98.496 91.602 88.521 1.035 88 87
909619 99.313 152.966 142.974 1.07 29 28
910899 99.613 184.583 137.725 1.34 12 12
910906 99.792 90.12 81.722 1.103 25 25
910913 99.784 126.312 111.964 1.128 16 16
910948 99.492 98.75 92.011 1.073 16 16
910987 98.588 92.944 80.464 1.155 18 18
910990 99.349 124.182 101.705 1.221 11 10
911261 75.422 128.25 116.027 1.105 4 15
911266 99.866 166.158 179.484 0.926 19 19
911347 99.261 98.957 89.877 1.101 23 23
911401 98.727 104.513 98.763 1.058 39 39
911515 99.491 107.873 87.328 1.235 63 63
911517 99.472 105.876 97.473 1.086 209 209
911649 74.765 9.633 81.44 0.118 30 30
912166 99.314 92.533 86.257 1.073 30 30
912237 99.975 152.708 123.972 1.232 24 24
912767 99.768 111.333 90.337 1.232 30 30
91284 99.218 92.987 83.584 1.113 79 78
91294 100 82.222 79.829 1.03 9 9
913313 99.318 90.5 84.724 1.068 6 6
914209 99.961 91.875 87.244 1.053 8 9
914893 99.94 150 150.157 0.999 7 7
915379 99.622 110.47 101.133 1.092 66 66
917174 99.42 104.68 97.325 1.076 219 221
917181 99.551 108.777 95.005 1.145 512 513
917322 99.479 103.7 91.65 1.131 10 10
918364 100 91.333 69.133 1.321 3 3
918396 98.498 72 53.725 1.34 4 4
918411 100 46.5 53.45 0.87 2 2
918420 99.79 61.4 62.298 0.986 5 5
918425 99.909 74.636 65.215 1.144 11 11
918511 99.602 126.538 114.831 1.102 13 13
918532 99.598 163.667 126.932 1.289 6 6
918730 99.566 132.257 103.019 1.284 35 35
919 99.455 93.447 73.271 1.275 38 38
919432 99.36 81.7 89.195 0.916 10 10
919489 99.912 104.9 86.196 1.217 10 10
919552 99.552 117.383 100.092 1.173 107 108
919559 99.535 96.986 84.628 1.146 141 141
919563 94.652 75.945 99.275 0.765 165 165
919564 97.524 78.797 101.703 0.775 172 172
919574 99.919 79.3 68.907 1.151 10 11
919635 98.144 129.759 112.999 1.148 87 88
919713 99.92 103.875 101.439 1.024 8 8
920 99.953 159.222 123.221 1.292 9 9
920831 97.891 48.714 57.327 0.85 7 7
92201 99.738 75.1 67.426 1.114 20 19
9221 100 121.8 114.194 1.067 10 10
922528 99.449 84.457 83.555 1.011 573 572
922701 99.358 83.529 72.077 1.159 87 87
9272 98.904 82 77.751 1.055 5 5
9286 99.754 63.4 50.947 1.244 5 5
929 99.814 98.818 60.054 1.646 11 11
92978 99.498 93.578 91.755 1.02 90 90
93038 99.075 139.727 124.399 1.123 11 11
930565 100 100.667 83.359 1.208 6 6
930573 98.506 301.208 247.876 1.215 24 24
931017 97.163 86.333 83.149 1.038 9 9
931150 66.093 19.419 114.207 0.17 105 164
931152 74.523 5 105.786 0.047 10 12
931197 92.873 115.091 103.282 1.114 11 11
931269 95.563 59.333 106.28 0.558 24 26
931274 99.875 109.383 101.025 1.083 149 149
931305 99.757 118.375 108.511 1.091 8 8
931337 99.592 96.584 88.878 1.087 185 184
93144 97.472 7.114 96.128 0.074 1180 1526
931796 93.968 35.923 147.417 0.244 13 18
931925 99.597 127.525 105.794 1.205 59 59
931967 93.75 43.125 105.432 0.409 8 38
931972 77.435 5.642 110.309 0.051 53 176
932150 95.43 7.839 87.527 0.09 31 42
932151 94.445 15.519 98.556 0.157 27 39
932152 94.118 4.353 96.424 0.045 17 23
932153 96.429 16.857 84.719 0.199 7 11
932205 68.902 9.368 83.968 0.112 19 22
932265 85.332 6 90.617 0.066 5 6
932267 84.673 35.462 95.443 0.372 13 13
932274 75.138 33.6 71.733 0.468 25 30
932275 72.402 6.105 60.452 0.101 19 22
932276 77.635 14.833 67.36 0.22 12 15
932280 84.046 50.444 114.581 0.44 9 20
932468 94.074 4.222 83.996 0.05 9 26
932469 74.32 5.588 80.515 0.069 34 185
932474 86.547 4.3 85.361 0.05 10 38
932476 82.883 5.784 80.42 0.072 51 164
932478 86.101 5.736 78.12 0.073 72 183
932479 88.861 6.467 78.102 0.083 75 181
932486 99.327 63.556 54.323 1.17 9 9
933221 99.651 95.6 100.641 0.95 10 10
934049 99.625 133.694 119.78 1.116 36 36
934084 99.892 107.111 93.767 1.142 9 9
934611 100 126 117.892 1.069 3 13
935255 99.732 90.458 81.037 1.116 48 48
935418 99.309 100.833 86.311 1.168 30 30
935477 100 107.8 96.268 1.12 10 10
935488 99.495 72.778 65.824 1.106 18 22
935490 98.911 169.143 155.63 1.087 7 7
935491 99.973 101.647 79.527 1.278 17 16
935532 99.672 124.81 112.848 1.106 21 21
935723 93.886 52.333 64.025 0.817 12 12
938049 99.623 64.833 63.808 1.016 30 30
938123 98.981 120 107.767 1.114 30 30
938240 99.287 110.088 104.927 1.049 2105 2136
938241 99.47 80.47 81.158 0.992 115 115
938243 100 60.111 57.466 1.046 9 9
938248 99.531 103 101.375 1.016 8 8
938590 80.069 5.25 97.02 0.054 12 17
938602 99.847 64 67.288 0.951 11 11
938710 99.776 105 91.721 1.145 21 21
939450 99.207 96.294 90.795 1.061 17 17
939860 95.096 86.143 74.096 1.163 14 14
942479 99.959 132.286 127.238 1.04 7 8
942811 99.014 92.384 85.019 1.087 1655 1655
943668 99.534 105.335 97.447 1.081 167 167
943789 81.428 29.765 56.282 0.529 17 37
94388 99.618 90.493 86.623 1.045 203 203
944276 99.25 120.111 89.05 1.349 9 9
944282 98.868 170.667 161.81 1.055 18 18
944296 97.552 114.026 90.47 1.26 78 78
944298 94.482 112.167 93.039 1.206 12 12
944592 99.022 90.906 93.969 0.967 127 127
945041 99.068 91.474 76.528 1.195 19 19
945122 99.627 80.086 69.872 1.146 58 59
946074 99.611 128.152 113.439 1.13 33 33
947105 99.512 53 55.484 0.955 5 5
94821 70.009 28.37 265.623 0.107 27 27
94827 84.452 47.711 257.94 0.185 45 46
9484 99.683 117.667 108.548 1.084 6 6
948579 99.754 117.967 97.776 1.206 30 30
949535 99.723 105.436 96.814 1.089 2325 2265
951702 99.251 110.745 110.917 0.998 3016 3026
952536 99.365 98.812 107.083 0.923 32 32
953049 62.812 10.266 73.802 0.139 109 334
953050 86 25 62.035 0.403 5 9
953051 66.802 6.259 70.298 0.089 108 194
953279 99.586 122.571 117.843 1.04 140 141
953607 79.654 117.316 27.477 4.27 19 19
953609 78.187 123.55 28.075 4.401 20 20
953616 79.043 137.478 32.358 4.249 23 23
954468 98.684 117.497 114.37 1.027 3345 3353
955440 100 96.545 92.023 1.049 11 11
955465 98.172 101.333 97.4 1.04 6 6
955749 99.726 207.6 193.475 1.073 5 5
955837 99.841 123.857 123.509 1.003 7 7
955840 99.871 105.667 125.832 0.84 9 10
955974 99.523 81.48 83.985 0.97 25 25
955983 99.54 116.798 112.701 1.036 1319 1320
956023 99.564 103.909 107.482 0.967 33 33
956062 99.756 99.724 97.732 1.02 127 127
956247 99.818 75.471 59.474 1.269 17 17
956603 99.368 97.841 99.023 0.988 320 318
957108 99.237 91.8 89.194 1.029 15 15
95732 99.831 121 124.788 0.97 12 12
958376 99.647 46.724 69.313 0.674 29 29
958436 99.208 50.64 81.065 0.625 25 25
958607 99.797 91.111 112.294 0.811 171 172
958748 99.352 85.385 90.662 0.942 13 13
959426 99.584 75.286 76.756 0.981 7 7
9611 99.796 97.35 88.441 1.101 20 20
9629 99.534 109.1 95.894 1.138 30 30
963452 99.734 94.973 84.978 1.118 37 38
96397 99.835 104.038 96.431 1.079 53 54
964027 99.654 99.12 112.494 0.881 25 26
964528 97.835 54.384 84.048 0.647 2766 2800
965200 99.98 51.619 85.323 0.605 42 43
965469 99.82 130.8 135.85 0.963 10 10
965774 100 79.591 75.665 1.052 22 23
965788 99.488 130.818 146.745 0.891 11 11
965814 99.069 71.714 65.717 1.091 7 7
965816 100 116.4 117.42 0.991 5 5
965912 99.47 112.016 99.12 1.13 61 61
965947 99.524 90.2 56.454 1.598 5 5
966009 99.854 101.027 80.912 1.249 37 38
967057 87.427 17 46.481 0.366 7 7
96732 99.937 195.714 201.335 0.972 7 7
967359 99.396 93.714 96.354 0.973 28 28
967808 99.453 98.779 103.89 0.951 77 77
967834 82.232 5.824 78.216 0.074 17 19
967841 86.333 3.9 65.466 0.06 10 10
967918 100 99.556 98.169 1.014 9 9
96894 99.457 131.092 118.862 1.103 5992 5966
970 99.735 80.455 74.404 1.081 11 11
970249 99.732 57.5 68.645 0.838 32 32
970919 99.031 61 81.827 0.745 8 8
972319 99.233 128 101.317 1.263 10 10
972484 97.5 90.25 77.402 1.166 4 4
97275 99.391 84.864 72.594 1.169 22 22
972794 98.376 73.424 75.68 0.97 33 34
97292 99.747 90.966 93.391 0.974 29 29
97297 99.603 73.333 72.599 1.01 12 12
97350 99.443 121.967 118.283 1.031 5927 5908
973705 100 46.091 46.127 0.999 11 11
973786 69.815 13.842 79.967 0.173 38 38
974004 99.462 103.184 99.046 1.042 98 99
974210 99.589 83.85 77.909 1.076 20 20
974294 100 98 100.257 0.977 3 3
974459 99.365 81.273 74.019 1.098 11 11
974468 97.734 44.6 41.373 1.078 5 5
974996 99.563 153.688 137.043 1.121 16 16
975542 99.517 104.148 91.585 1.137 885 898
97611 99.617 133.808 154.546 0.866 26 26
978350 99.215 95.056 97.95 0.97 196 198
978883 99.843 122.167 117.949 1.036 12 12
978910 99.228 76.622 88.672 0.864 37 38
980057 99.638 99.5 92.9 1.071 8 8
980617 74.07 39.158 17.54 2.232 19 19
980618 78.307 47.227 16.821 2.808 22 22
980619 77.132 49.905 17.26 2.891 21 21
980620 78.557 47.846 17.393 2.751 26 26
980622 77.556 47.296 17.213 2.748 27 27
981538 99.583 57 68.133 0.837 6 6
981670 99.621 107.649 92.33 1.166 7516 7533
98168 99.374 29.22 29.641 0.986 232 232
981827 99.311 83.765 76.596 1.094 17 17
98188 99.518 67.111 74.304 0.903 18 44
982326 99.891 130.125 114.993 1.132 8 8
982617 97.948 96.462 95.6 1.009 13 13
982630 98.974 100.541 99.06 1.015 37 37
982643 99.806 112.826 100.031 1.128 23 23
982646 99.132 91 84.485 1.077 51 51
982677 99.842 99.056 90.188 1.098 18 18
982714 98.557 99.593 93.83 1.061 27 27
983485 98.245 61.833 68.783 0.899 6 6
985137 95.912 115.775 120.753 0.959 40 41
985348 99.746 74.517 78.143 0.954 60 61
986608 99.851 117.385 91.068 1.289 13 13
987458 100 67.636 77.592 0.872 22 22
987509 88.627 9.935 83.889 0.118 46 132
987511 84.806 5.59 82.914 0.067 39 124
98756 99.405 95.333 88.059 1.083 6 6
987769 95.586 60 59.387 1.01 25 25
988 91.803 226.862 107.111 2.118 29 26
988445 99.319 104 98.721 1.053 9 9
988921 100 94.875 85.199 1.114 8 8
989109 99.774 74.308 86.207 0.862 13 13
989577 99.555 126.125 124.895 1.01 56 57
99028 99.798 143.705 128.198 1.121 44 44
991247 99.245 94.459 90.179 1.047 1658 1669
991515 99.466 100.538 91.599 1.098 5495 5525
99270 99.601 97.286 93.943 1.036 28 28
992747 99.504 98.797 93.762 1.054 350 350
992916 99.067 165.333 140.865 1.174 6 6
993481 99.387 103.9 72.757 1.428 10 10
993998 98.899 106.111 94.83 1.119 54 54
994402 99.803 69.8 73.925 0.944 15 15
995048 99.205 58.451 70.656 0.827 51 51
995784 99.56 131.917 111.026 1.188 12 12
995793 99.895 92.2 85.754 1.075 10 10
995802 99.624 86.1 76.191 1.13 20 20
996346 99.329 144.306 123.224 1.171 4991 5034
996575 98.624 72.857 59.32 1.228 14 14
997899 99.504 100.983 100.367 1.006 712 716
998108 99.221 96.05 89.275 1.076 600 601
999134 99.063 141.857 133.431 1.063 14 14
